วันที่,รอบ,เวลา,3 ตัวบน,2 ตัวล่าง,สถานะ
2026-08-16,1,06:00 - 06:05,005,39,result
2026-08-16,2,06:05 - 06:10,368,66,result
2026-08-16,3,06:10 - 06:15,668,48,result
2026-08-16,4,06:15 - 06:20,573,50,result
2026-08-16,5,06:20 - 06:25,451,44,result
2026-08-16,6,06:25 - 06:30,576,83,result
2026-08-16,7,06:30 - 06:35,191,73,result
2026-08-16,8,06:35 - 06:40,172,90,result
2026-08-16,9,06:40 - 06:45,464,48,result
2026-08-16,10,06:45 - 06:50,821,02,result
2026-08-16,11,06:50 - 06:55,958,55,result
2026-08-16,12,06:55 - 07:00,085,09,result
2026-08-16,13,07:00 - 07:05,740,72,result
2026-08-16,14,07:05 - 07:10,829,65,result
2026-08-16,15,07:10 - 07:15,939,01,result
2026-08-16,16,07:15 - 07:20,098,83,result
2026-08-16,17,07:20 - 07:25,198,26,result
2026-08-16,18,07:25 - 07:30,588,92,result
2026-08-16,19,07:30 - 07:35,351,99,result
2026-08-16,20,07:35 - 07:40,591,58,result
2026-08-16,21,07:40 - 07:45,054,06,result
2026-08-16,22,07:45 - 07:50,254,52,result
2026-08-16,23,07:50 - 07:55,763,40,result
2026-08-16,24,07:55 - 08:00,651,30,result
2026-08-16,25,08:00 - 08:05,833,48,result
2026-08-16,26,08:05 - 08:10,459,19,result
2026-08-16,27,08:10 - 08:15,146,96,result
2026-08-16,28,08:15 - 08:20,864,14,result
2026-08-16,29,08:20 - 08:25,367,05,result
2026-08-16,30,08:25 - 08:30,404,22,result
2026-08-16,31,08:30 - 08:35,761,46,result
2026-08-16,32,08:35 - 08:40,416,33,result
2026-08-16,33,08:40 - 08:45,169,71,result
2026-08-16,34,08:45 - 08:50,134,24,result
2026-08-16,35,08:50 - 08:55,947,63,result
2026-08-16,36,08:55 - 09:00,101,76,result
2026-08-16,37,09:00 - 09:05,187,55,result
2026-08-16,38,09:05 - 09:10,778,90,result
2026-08-16,39,09:10 - 09:15,326,09,result
2026-08-16,40,09:15 - 09:20,087,12,result
2026-08-16,41,09:20 - 09:25,755,94,result
2026-08-16,42,09:25 - 09:30,683,67,result
2026-08-16,43,09:30 - 09:35,382,72,result
2026-08-16,44,09:35 - 09:40,973,73,result
2026-08-16,45,09:40 - 09:45,100,20,result
2026-08-16,46,09:45 - 09:50,750,89,result
2026-08-16,47,09:50 - 09:55,659,77,result
2026-08-16,48,09:55 - 10:00,130,61,result
2026-08-16,49,10:00 - 10:05,445,09,result
2026-08-16,50,10:05 - 10:10,835,24,result
2026-08-16,51,10:10 - 10:15,173,53,result
2026-08-16,52,10:15 - 10:20,237,59,result
2026-08-16,53,10:20 - 10:25,081,86,result
2026-08-16,54,10:25 - 10:30,341,42,result
2026-08-16,55,10:30 - 10:35,048,21,result
2026-08-16,56,10:35 - 10:40,708,94,result
2026-08-16,57,10:40 - 10:45,961,78,result
2026-08-16,58,10:45 - 10:50,947,21,result
2026-08-16,59,10:50 - 10:55,542,18,result
2026-08-16,60,10:55 - 11:00,218,99,result
2026-08-16,61,11:00 - 11:05,344,05,result
2026-08-16,62,11:05 - 11:10,314,07,result
2026-08-16,63,11:10 - 11:15,809,33,result
2026-08-16,64,11:15 - 11:20,323,03,result
2026-08-16,65,11:20 - 11:25,453,98,result
2026-08-16,66,11:25 - 11:30,844,65,result
2026-08-16,67,11:30 - 11:35,313,25,result
2026-08-16,68,11:35 - 11:40,560,35,result
2026-08-16,69,11:40 - 11:45,666,10,result
2026-08-16,70,11:45 - 11:50,345,40,result
2026-08-16,71,11:50 - 11:55,606,60,result
2026-08-16,72,11:55 - 12:00,426,33,result
2026-08-16,73,12:00 - 12:05,390,72,result
2026-08-16,74,12:05 - 12:10,396,45,result
2026-08-16,75,12:10 - 12:15,809,17,result
2026-08-16,76,12:15 - 12:20,558,77,result
2026-08-16,77,12:20 - 12:25,530,57,result
2026-08-16,78,12:25 - 12:30,076,33,result
2026-08-16,79,12:30 - 12:35,679,33,result
2026-08-16,80,12:35 - 12:40,953,47,result
2026-08-16,81,12:40 - 12:45,785,81,result
2026-08-16,82,12:45 - 12:50,594,25,result
2026-08-16,83,12:50 - 12:55,815,28,result
2026-08-16,84,12:55 - 13:00,156,80,result
2026-08-16,85,13:00 - 13:05,074,37,result
2026-08-16,86,13:05 - 13:10,557,38,result
2026-08-16,87,13:10 - 13:15,957,71,result
2026-08-16,88,13:15 - 13:20,316,33,result
2026-08-16,89,13:20 - 13:25,209,99,result
2026-08-16,90,13:25 - 13:30,054,89,result
2026-08-16,91,13:30 - 13:35,664,14,result
2026-08-16,92,13:35 - 13:40,455,34,result
2026-08-16,93,13:40 - 13:45,383,12,result
2026-08-16,94,13:45 - 13:50,814,74,result
2026-08-16,95,13:50 - 13:55,798,23,result
2026-08-16,96,13:55 - 14:00,600,86,result
2026-08-16,97,14:00 - 14:05,671,87,result
2026-08-16,98,14:05 - 14:10,301,20,result
2026-08-16,99,14:10 - 14:15,998,32,result
2026-08-16,100,14:15 - 14:20,579,75,result
2026-08-16,101,14:20 - 14:25,727,94,result
2026-08-16,102,14:25 - 14:30,173,34,result
2026-08-16,103,14:30 - 14:35,972,07,result
2026-08-16,104,14:35 - 14:40,315,96,result
2026-08-16,105,14:40 - 14:45,472,28,result
2026-08-16,106,14:45 - 14:50,719,72,result
2026-08-16,107,14:50 - 14:55,485,94,result
2026-08-16,108,14:55 - 15:00,248,69,result
2026-08-16,109,15:00 - 15:05,326,13,result
2026-08-16,110,15:05 - 15:10,345,71,result
2026-08-16,111,15:10 - 15:15,177,75,result
2026-08-16,112,15:15 - 15:20,898,10,result
2026-08-16,113,15:20 - 15:25,697,67,result
2026-08-16,114,15:25 - 15:30,928,19,result
2026-08-16,115,15:30 - 15:35,771,95,result
2026-08-16,116,15:35 - 15:40,859,75,result
2026-08-16,117,15:40 - 15:45,784,98,result
2026-08-16,118,15:45 - 15:50,389,60,result
2026-08-16,119,15:50 - 15:55,551,55,result
2026-08-16,120,15:55 - 16:00,636,96,result
2026-08-16,121,16:00 - 16:05,811,94,result
2026-08-16,122,16:05 - 16:10,012,13,result
2026-08-16,123,16:10 - 16:15,093,91,result
2026-08-16,124,16:15 - 16:20,624,09,result
2026-08-16,125,16:20 - 16:25,721,05,result
2026-08-16,126,16:25 - 16:30,032,10,result
2026-08-16,127,16:30 - 16:35,521,06,result
2026-08-16,128,16:35 - 16:40,100,65,result
2026-08-16,129,16:40 - 16:45,851,03,result
2026-08-16,130,16:45 - 16:50,344,38,result
2026-08-16,131,16:50 - 16:55,007,49,result
2026-08-16,132,16:55 - 17:00,339,89,result
2026-08-16,133,17:00 - 17:05,724,98,result
2026-08-16,134,17:05 - 17:10,569,70,result
2026-08-16,135,17:10 - 17:15,259,45,result
2026-08-16,136,17:15 - 17:20,537,61,result
2026-08-16,137,17:20 - 17:25,594,23,result
2026-08-16,138,17:25 - 17:30,637,06,result
2026-08-16,139,17:30 - 17:35,623,82,result
2026-08-16,140,17:35 - 17:40,051,82,result
2026-08-16,141,17:40 - 17:45,161,42,result
2026-08-16,142,17:45 - 17:50,827,19,result
2026-08-16,143,17:50 - 17:55,781,24,result
2026-08-16,144,17:55 - 18:00,639,01,result
2026-08-16,145,18:00 - 18:05,551,69,result
2026-08-16,146,18:05 - 18:10,089,70,result
2026-08-16,147,18:10 - 18:15,338,29,result
2026-08-16,148,18:15 - 18:20,480,61,result
2026-08-16,149,18:20 - 18:25,494,91,result
2026-08-16,150,18:25 - 18:30,522,74,result
2026-08-16,151,18:30 - 18:35,622,13,result
2026-08-16,152,18:35 - 18:40,977,99,result
2026-08-16,153,18:40 - 18:45,941,59,result
2026-08-16,154,18:45 - 18:50,761,04,result
2026-08-16,155,18:50 - 18:55,691,03,result
2026-08-16,156,18:55 - 19:00,829,66,result
2026-08-16,157,19:00 - 19:05,242,03,result
2026-08-16,158,19:05 - 19:10,193,14,result
2026-08-16,159,19:10 - 19:15,031,10,result
2026-08-16,160,19:15 - 19:20,882,87,result
2026-08-16,161,19:20 - 19:25,028,36,result
2026-08-16,162,19:25 - 19:30,805,01,result
2026-08-16,163,19:30 - 19:35,193,39,result
2026-08-16,164,19:35 - 19:40,786,94,result
2026-08-16,165,19:40 - 19:45,663,75,result
2026-08-16,166,19:45 - 19:50,719,75,result
2026-08-16,167,19:50 - 19:55,878,76,result
2026-08-16,168,19:55 - 20:00,186,71,result
2026-08-16,169,20:00 - 20:05,606,24,result
2026-08-16,170,20:05 - 20:10,241,12,result
2026-08-16,171,20:10 - 20:15,410,27,result
2026-08-16,172,20:15 - 20:20,711,18,result
2026-08-16,173,20:20 - 20:25,097,20,result
2026-08-16,174,20:25 - 20:30,748,45,result
2026-08-16,175,20:30 - 20:35,136,44,result
2026-08-16,176,20:35 - 20:40,765,03,result
2026-08-16,177,20:40 - 20:45,155,14,result
2026-08-16,178,20:45 - 20:50,032,22,result
2026-08-16,179,20:50 - 20:55,004,68,result
2026-08-16,180,20:55 - 21:00,131,24,result
2026-08-16,181,21:00 - 21:05,158,35,result
2026-08-16,182,21:05 - 21:10,314,03,result
2026-08-16,183,21:10 - 21:15,884,32,result
2026-08-16,184,21:15 - 21:20,344,73,result
2026-08-16,185,21:20 - 21:25,092,55,result
2026-08-16,186,21:25 - 21:30,163,29,result
2026-08-16,187,21:30 - 21:35,850,22,result
2026-08-16,188,21:35 - 21:40,609,21,result
2026-08-16,189,21:40 - 21:45,243,18,result
2026-08-16,190,21:45 - 21:50,095,60,result
2026-08-16,191,21:50 - 21:55,231,08,result
2026-08-16,192,21:55 - 22:00,156,65,result
2026-08-16,193,22:00 - 22:05,334,99,result
2026-08-16,194,22:05 - 22:10,085,79,result
2026-08-16,195,22:10 - 22:15,304,64,result
2026-08-16,196,22:15 - 22:20,169,70,result
2026-08-16,197,22:20 - 22:25,838,25,result
2026-08-16,198,22:25 - 22:30,232,13,result
2026-08-16,199,22:30 - 22:35,206,94,result
2026-08-16,200,22:35 - 22:40,478,50,result
2026-08-16,201,22:40 - 22:45,710,73,result
2026-08-16,202,22:45 - 22:50,562,12,result
2026-08-16,203,22:50 - 22:55,724,66,result
2026-08-16,204,22:55 - 23:00,735,05,result
2026-08-16,205,23:00 - 23:05,168,66,result
2026-08-16,206,23:05 - 23:10,166,96,result
2026-08-16,207,23:10 - 23:15,076,86,result
2026-08-16,208,23:15 - 23:20,923,97,result
2026-08-16,209,23:20 - 23:25,313,99,result
2026-08-16,210,23:25 - 23:30,399,83,result
2026-08-16,211,23:30 - 23:35,835,08,result
2026-08-16,212,23:35 - 23:40,064,46,result
2026-08-16,213,23:40 - 23:45,095,88,result
2026-08-16,214,23:45 - 23:50,451,05,result
2026-08-16,215,23:50 - 23:55,875,67,result
2026-08-16,216,23:55 - 00:00,001,51,result
2026-08-16,217,00:00 - 00:05,661,29,result
2026-08-16,218,00:05 - 00:10,412,91,result
2026-08-16,219,00:10 - 00:15,521,95,result
2026-08-16,220,00:15 - 00:20,324,91,result
2026-08-16,221,00:20 - 00:25,698,83,result
2026-08-16,222,00:25 - 00:30,455,30,result
2026-08-16,223,00:30 - 00:35,047,65,result
2026-08-16,224,00:35 - 00:40,110,44,result
2026-08-16,225,00:40 - 00:45,883,55,result
2026-08-16,226,00:45 - 00:50,666,96,result
2026-08-16,227,00:50 - 00:55,923,89,result
2026-08-16,228,00:55 - 01:00,371,46,result
2026-08-16,229,01:00 - 01:05,246,14,result
2026-08-16,230,01:05 - 01:10,209,18,result
2026-08-16,231,01:10 - 01:15,147,68,result
2026-08-16,232,01:15 - 01:20,237,52,result
2026-08-16,233,01:20 - 01:25,110,33,result
2026-08-16,234,01:25 - 01:30,575,57,result
2026-08-16,235,01:30 - 01:35,509,00,result
2026-08-16,236,01:35 - 01:40,496,38,result
2026-08-16,237,01:40 - 01:45,584,87,result
2026-08-16,238,01:45 - 01:50,280,90,result
2026-08-16,239,01:50 - 01:55,295,11,result
2026-08-16,240,01:55 - 02:00,051,49,result
2026-08-16,241,02:00 - 02:05,347,22,result
2026-08-16,242,02:05 - 02:10,979,16,result
2026-08-16,243,02:10 - 02:15,017,61,result
2026-08-16,244,02:15 - 02:20,935,04,result
2026-08-16,245,02:20 - 02:25,588,19,result
2026-08-16,246,02:25 - 02:30,182,06,result
2026-08-16,247,02:30 - 02:35,836,46,result
2026-08-16,248,02:35 - 02:40,537,07,result
2026-08-16,249,02:40 - 02:45,718,41,result
2026-08-16,250,02:45 - 02:50,295,10,result
2026-08-16,251,02:50 - 02:55,250,92,result
2026-08-16,252,02:55 - 03:00,879,75,result
2026-08-16,253,03:00 - 03:05,354,88,result
2026-08-16,254,03:05 - 03:10,111,27,result
2026-08-16,255,03:10 - 03:15,172,41,result
2026-08-16,256,03:15 - 03:20,125,08,result
2026-08-16,257,03:20 - 03:25,974,37,result
2026-08-16,258,03:25 - 03:30,965,10,result
2026-08-16,259,03:30 - 03:35,777,25,result
2026-08-16,260,03:35 - 03:40,421,31,result
2026-08-16,261,03:40 - 03:45,465,96,result
2026-08-16,262,03:45 - 03:50,341,67,result
2026-08-16,263,03:50 - 03:55,053,05,result
2026-08-16,264,03:55 - 04:00,868,86,result
2026-08-16,265,04:00 - 04:05,273,68,result
2026-08-16,266,04:05 - 04:10,172,65,result
2026-08-16,267,04:10 - 04:15,970,32,result
2026-08-16,268,04:15 - 04:20,032,33,result
2026-08-16,269,04:20 - 04:25,738,13,result
2026-08-16,270,04:25 - 04:30,112,59,result
2026-08-16,271,04:30 - 04:35,303,12,result
2026-08-16,272,04:35 - 04:40,770,54,result
2026-08-16,273,04:40 - 04:45,048,33,result
2026-08-16,274,04:45 - 04:50,186,59,result
2026-08-16,275,04:50 - 04:55,511,17,result
2026-08-16,276,04:55 - 05:00,950,32,result
2026-08-16,277,05:00 - 05:05,550,24,result
2026-08-16,278,05:05 - 05:10,674,60,result
2026-08-16,279,05:10 - 05:15,531,60,result
2026-08-16,280,05:15 - 05:20,155,91,result
2026-08-16,281,05:20 - 05:25,626,32,result
2026-08-16,282,05:25 - 05:30,010,04,result
2026-08-16,283,05:30 - 05:35,451,12,result
2026-08-16,284,05:35 - 05:40,180,02,result
2026-08-16,285,05:40 - 05:45,912,42,result
2026-08-16,286,05:45 - 05:50,096,54,result
2026-08-16,287,05:50 - 05:55,953,06,result
2026-08-16,288,05:55 - 06:00,627,01,result
2026-08-17,1,06:00 - 06:05,901,58,result
2026-08-17,2,06:05 - 06:10,664,03,result
2026-08-17,3,06:10 - 06:15,159,89,result
2026-08-17,4,06:15 - 06:20,921,76,result
2026-08-17,5,06:20 - 06:25,960,75,result
2026-08-17,6,06:25 - 06:30,247,01,result
2026-08-17,7,06:30 - 06:35,044,36,result
2026-08-17,8,06:35 - 06:40,258,59,result
2026-08-17,9,06:40 - 06:45,007,79,result
2026-08-17,10,06:45 - 06:50,858,20,result
2026-08-17,11,06:50 - 06:55,828,84,result
2026-08-17,12,06:55 - 07:00,090,64,result
2026-08-17,13,07:00 - 07:05,782,40,result
2026-08-17,14,07:05 - 07:10,960,61,result
2026-08-17,15,07:10 - 07:15,149,98,result
2026-08-17,16,07:15 - 07:20,626,93,result
2026-08-17,17,07:20 - 07:25,498,63,result
2026-08-17,18,07:25 - 07:30,315,83,result
2026-08-17,19,07:30 - 07:35,904,69,result
2026-08-17,20,07:35 - 07:40,877,87,result
2026-08-17,21,07:40 - 07:45,031,95,result
2026-08-17,22,07:45 - 07:50,143,08,result
2026-08-17,23,07:50 - 07:55,867,99,result
2026-08-17,24,07:55 - 08:00,231,55,result
2026-08-17,25,08:00 - 08:05,190,25,result
2026-08-17,26,08:05 - 08:10,814,46,result
2026-08-17,27,08:10 - 08:15,899,22,result
2026-08-17,28,08:15 - 08:20,871,85,result
2026-08-17,29,08:20 - 08:25,970,26,result
2026-08-17,30,08:25 - 08:30,105,71,result
2026-08-17,31,08:30 - 08:35,521,89,result
2026-08-17,32,08:35 - 08:40,445,07,result
2026-08-17,33,08:40 - 08:45,648,65,result
2026-08-17,34,08:45 - 08:50,469,85,result
2026-08-17,35,08:50 - 08:55,319,30,result
2026-08-17,36,08:55 - 09:00,213,91,result
2026-08-17,37,09:00 - 09:05,559,61,result
2026-08-17,38,09:05 - 09:10,931,96,result
2026-08-17,39,09:10 - 09:15,659,56,result
2026-08-17,40,09:15 - 09:20,337,86,result
2026-08-17,41,09:20 - 09:25,235,06,result
2026-08-17,42,09:25 - 09:30,719,41,result
2026-08-17,43,09:30 - 09:35,133,12,result
2026-08-17,44,09:35 - 09:40,736,53,result
2026-08-17,45,09:40 - 09:45,487,85,result
2026-08-17,46,09:45 - 09:50,189,13,result
2026-08-17,47,09:50 - 09:55,527,78,result
2026-08-17,48,09:55 - 10:00,073,13,result
2026-08-17,49,10:00 - 10:05,643,89,result
2026-08-17,50,10:05 - 10:10,448,43,result
2026-08-17,51,10:10 - 10:15,071,85,result
2026-08-17,52,10:15 - 10:20,461,62,result
2026-08-17,53,10:20 - 10:25,808,74,result
2026-08-17,54,10:25 - 10:30,202,37,result
2026-08-17,55,10:30 - 10:35,264,44,result
2026-08-17,56,10:35 - 10:40,858,20,result
2026-08-17,57,10:40 - 10:45,773,78,result
2026-08-17,58,10:45 - 10:50,120,37,result
2026-08-17,59,10:50 - 10:55,662,84,result
2026-08-17,60,10:55 - 11:00,121,22,result
2026-08-17,61,11:00 - 11:05,296,01,result
2026-08-17,62,11:05 - 11:10,923,12,result
2026-08-17,63,11:10 - 11:15,538,91,result
2026-08-17,64,11:15 - 11:20,975,73,result
2026-08-17,65,11:20 - 11:25,764,01,result
2026-08-17,66,11:25 - 11:30,504,79,result
2026-08-17,67,11:30 - 11:35,313,16,result
2026-08-17,68,11:35 - 11:40,899,01,result
2026-08-17,69,11:40 - 11:45,336,73,result
2026-08-17,70,11:45 - 11:50,593,52,result
2026-08-17,71,11:50 - 11:55,251,50,result
2026-08-17,72,11:55 - 12:00,389,55,result
2026-08-17,73,12:00 - 12:05,518,33,result
2026-08-17,74,12:05 - 12:10,714,42,result
2026-08-17,75,12:10 - 12:15,624,33,result
2026-08-17,76,12:15 - 12:20,527,16,result
2026-08-17,77,12:20 - 12:25,791,95,result
2026-08-17,78,12:25 - 12:30,537,30,result
2026-08-17,79,12:30 - 12:35,284,61,result
2026-08-17,80,12:35 - 12:40,953,70,result
2026-08-17,81,12:40 - 12:45,144,98,result
2026-08-17,82,12:45 - 12:50,549,29,result
2026-08-17,83,12:50 - 12:55,594,51,result
2026-08-17,84,12:55 - 13:00,484,63,result
2026-08-17,85,13:00 - 13:05,701,25,result
2026-08-17,86,13:05 - 13:10,636,69,result
2026-08-17,87,13:10 - 13:15,188,04,result
2026-08-17,88,13:15 - 13:20,168,93,result
2026-08-17,89,13:20 - 13:25,368,76,result
2026-08-17,90,13:25 - 13:30,440,47,result
2026-08-17,91,13:30 - 13:35,566,83,result
2026-08-17,92,13:35 - 13:40,770,72,result
2026-08-17,93,13:40 - 13:45,945,25,result
2026-08-17,94,13:45 - 13:50,405,68,result
2026-08-17,95,13:50 - 13:55,703,66,result
2026-08-17,96,13:55 - 14:00,374,16,result
2026-08-17,97,14:00 - 14:05,505,57,result
2026-08-17,98,14:05 - 14:10,331,81,result
2026-08-17,99,14:10 - 14:15,018,27,result
2026-08-17,100,14:15 - 14:20,170,27,result
2026-08-17,101,14:20 - 14:25,974,79,result
2026-08-17,102,14:25 - 14:30,633,38,result
2026-08-17,103,14:30 - 14:35,890,55,result
2026-08-17,104,14:35 - 14:40,753,47,result
2026-08-17,105,14:40 - 14:45,426,61,result
2026-08-17,106,14:45 - 14:50,078,76,result
2026-08-17,107,14:50 - 14:55,666,66,result
2026-08-17,108,14:55 - 15:00,665,14,result
2026-08-17,109,15:00 - 15:05,752,54,result
2026-08-17,110,15:05 - 15:10,230,46,result
2026-08-17,111,15:10 - 15:15,353,77,result
2026-08-17,112,15:15 - 15:20,394,73,result
2026-08-17,113,15:20 - 15:25,973,76,result
2026-08-17,114,15:25 - 15:30,383,22,result
2026-08-17,115,15:30 - 15:35,065,01,result
2026-08-17,116,15:35 - 15:40,211,47,result
2026-08-17,117,15:40 - 15:45,460,37,result
2026-08-17,118,15:45 - 15:50,522,80,result
2026-08-17,119,15:50 - 15:55,844,89,result
2026-08-17,120,15:55 - 16:00,334,07,result
2026-08-17,121,16:00 - 16:05,557,11,result
2026-08-17,122,16:05 - 16:10,656,93,result
2026-08-17,123,16:10 - 16:15,723,50,result
2026-08-17,124,16:15 - 16:20,251,42,result
2026-08-17,125,16:20 - 16:25,637,82,result
2026-08-17,126,16:25 - 16:30,960,98,result
2026-08-17,127,16:30 - 16:35,816,40,result
2026-08-17,128,16:35 - 16:40,511,35,result
2026-08-17,129,16:40 - 16:45,006,41,result
2026-08-17,130,16:45 - 16:50,637,98,result
2026-08-17,131,16:50 - 16:55,889,66,result
2026-08-17,132,16:55 - 17:00,169,55,result
2026-08-17,133,17:00 - 17:05,261,73,result
2026-08-17,134,17:05 - 17:10,130,12,result
2026-08-17,135,17:10 - 17:15,321,59,result
2026-08-17,136,17:15 - 17:20,253,50,result
2026-08-17,137,17:20 - 17:25,728,98,result
2026-08-17,138,17:25 - 17:30,597,70,result
2026-08-17,139,17:30 - 17:35,100,26,result
2026-08-17,140,17:35 - 17:40,488,92,result
2026-08-17,141,17:40 - 17:45,630,47,result
2026-08-17,142,17:45 - 17:50,461,73,result
2026-08-17,143,17:50 - 17:55,850,92,result
2026-08-17,144,17:55 - 18:00,037,38,result
2026-08-17,145,18:00 - 18:05,056,89,result
2026-08-17,146,18:05 - 18:10,861,69,result
2026-08-17,147,18:10 - 18:15,714,89,result
2026-08-17,148,18:15 - 18:20,883,60,result
2026-08-17,149,18:20 - 18:25,007,41,result
2026-08-17,150,18:25 - 18:30,390,44,result
2026-08-17,151,18:30 - 18:35,903,84,result
2026-08-17,152,18:35 - 18:40,031,47,result
2026-08-17,153,18:40 - 18:45,301,72,result
2026-08-17,154,18:45 - 18:50,796,60,result
2026-08-17,155,18:50 - 18:55,933,77,result
2026-08-17,156,18:55 - 19:00,306,29,result
2026-08-17,157,19:00 - 19:05,836,05,result
2026-08-17,158,19:05 - 19:10,587,32,result
2026-08-17,159,19:10 - 19:15,540,28,result
2026-08-17,160,19:15 - 19:20,006,30,result
2026-08-17,161,19:20 - 19:25,390,47,result
2026-08-17,162,19:25 - 19:30,017,32,result
2026-08-17,163,19:30 - 19:35,231,66,result
2026-08-17,164,19:35 - 19:40,400,61,result
2026-08-17,165,19:40 - 19:45,368,43,result
2026-08-17,166,19:45 - 19:50,064,10,result
2026-08-17,167,19:50 - 19:55,370,04,result
2026-08-17,168,19:55 - 20:00,045,19,result
2026-08-17,169,20:00 - 20:05,608,55,result
2026-08-17,170,20:05 - 20:10,395,92,result
2026-08-17,171,20:10 - 20:15,967,71,result
2026-08-17,172,20:15 - 20:20,135,37,result
2026-08-17,173,20:20 - 20:25,918,32,result
2026-08-17,174,20:25 - 20:30,716,59,result
2026-08-17,175,20:30 - 20:35,362,15,result
2026-08-17,176,20:35 - 20:40,927,60,result
2026-08-17,177,20:40 - 20:45,173,04,result
2026-08-17,178,20:45 - 20:50,591,03,result
2026-08-17,179,20:50 - 20:55,346,18,result
2026-08-17,180,20:55 - 21:00,141,64,result
2026-08-17,181,21:00 - 21:05,673,09,result
2026-08-17,182,21:05 - 21:10,587,21,result
2026-08-17,183,21:10 - 21:15,333,44,result
2026-08-17,184,21:15 - 21:20,758,80,result
2026-08-17,185,21:20 - 21:25,183,90,result
2026-08-17,186,21:25 - 21:30,162,18,result
2026-08-17,187,21:30 - 21:35,918,63,result
2026-08-17,188,21:35 - 21:40,442,37,result
2026-08-17,189,21:40 - 21:45,226,81,result
2026-08-17,190,21:45 - 21:50,914,69,result
2026-08-17,191,21:50 - 21:55,623,41,result
2026-08-17,192,21:55 - 22:00,784,09,result
2026-08-17,193,22:00 - 22:05,006,66,result
2026-08-17,194,22:05 - 22:10,112,10,result
2026-08-17,195,22:10 - 22:15,648,88,result
2026-08-17,196,22:15 - 22:20,982,67,result
2026-08-17,197,22:20 - 22:25,707,65,result
2026-08-17,198,22:25 - 22:30,994,33,result
2026-08-17,199,22:30 - 22:35,241,20,result
2026-08-17,200,22:35 - 22:40,349,30,result
2026-08-17,201,22:40 - 22:45,838,24,result
2026-08-17,202,22:45 - 22:50,080,49,result
2026-08-17,203,22:50 - 22:55,187,52,result
2026-08-17,204,22:55 - 23:00,937,66,result
2026-08-17,205,23:00 - 23:05,998,15,result
2026-08-17,206,23:05 - 23:10,709,82,result
2026-08-17,207,23:10 - 23:15,839,96,result
2026-08-17,208,23:15 - 23:20,677,72,result
2026-08-17,209,23:20 - 23:25,291,54,result
2026-08-17,210,23:25 - 23:30,616,32,result
2026-08-17,211,23:30 - 23:35,358,86,result
2026-08-17,212,23:35 - 23:40,132,47,result
2026-08-17,213,23:40 - 23:45,876,97,result
2026-08-17,214,23:45 - 23:50,110,14,result
2026-08-17,215,23:50 - 23:55,564,33,result
2026-08-17,216,23:55 - 00:00,538,81,result
2026-08-17,217,00:00 - 00:05,334,41,result
2026-08-17,218,00:05 - 00:10,100,48,result
2026-08-17,219,00:10 - 00:15,014,60,result
2026-08-17,220,00:15 - 00:20,503,16,result
2026-08-17,221,00:20 - 00:25,162,07,result
2026-08-17,222,00:25 - 00:30,235,65,result
2026-08-17,223,00:30 - 00:35,135,51,result
2026-08-17,224,00:35 - 00:40,187,39,result
2026-08-17,225,00:40 - 00:45,472,51,result
2026-08-17,226,00:45 - 00:50,872,52,result
2026-08-17,227,00:50 - 00:55,695,52,result
2026-08-17,228,00:55 - 01:00,200,60,result
2026-08-17,229,01:00 - 01:05,652,42,result
2026-08-17,230,01:05 - 01:10,834,90,result
2026-08-17,231,01:10 - 01:15,136,42,result
2026-08-17,232,01:15 - 01:20,407,99,result
2026-08-17,233,01:20 - 01:25,384,61,result
2026-08-17,234,01:25 - 01:30,480,48,result
2026-08-17,235,01:30 - 01:35,369,97,result
2026-08-17,236,01:35 - 01:40,663,55,result
2026-08-17,237,01:40 - 01:45,080,79,result
2026-08-17,238,01:45 - 01:50,138,46,result
2026-08-17,239,01:50 - 01:55,104,37,result
2026-08-17,240,01:55 - 02:00,871,43,result
2026-08-17,241,02:00 - 02:05,536,22,result
2026-08-17,242,02:05 - 02:10,049,14,result
2026-08-17,243,02:10 - 02:15,527,66,result
2026-08-17,244,02:15 - 02:20,353,90,result
2026-08-17,245,02:20 - 02:25,357,12,result
2026-08-17,246,02:25 - 02:30,717,58,result
2026-08-17,247,02:30 - 02:35,964,60,result
2026-08-17,248,02:35 - 02:40,688,70,result
2026-08-17,249,02:40 - 02:45,870,10,result
2026-08-17,250,02:45 - 02:50,268,48,result
2026-08-17,251,02:50 - 02:55,289,97,result
2026-08-17,252,02:55 - 03:00,581,63,result
2026-08-17,253,03:00 - 03:05,195,86,result
2026-08-17,254,03:05 - 03:10,669,95,result
2026-08-17,255,03:10 - 03:15,035,90,result
2026-08-17,256,03:15 - 03:20,944,12,result
2026-08-17,257,03:20 - 03:25,652,64,result
2026-08-17,258,03:25 - 03:30,566,81,result
2026-08-17,259,03:30 - 03:35,393,84,result
2026-08-17,260,03:35 - 03:40,761,93,result
2026-08-17,261,03:40 - 03:45,052,68,result
2026-08-17,262,03:45 - 03:50,771,27,result
2026-08-17,263,03:50 - 03:55,319,73,result
2026-08-17,264,03:55 - 04:00,825,64,result
2026-08-17,265,04:00 - 04:05,906,57,result
2026-08-17,266,04:05 - 04:10,492,95,result
2026-08-17,267,04:10 - 04:15,856,35,result
2026-08-17,268,04:15 - 04:20,240,21,result
2026-08-17,269,04:20 - 04:25,015,83,result
2026-08-17,270,04:25 - 04:30,718,42,result
2026-08-17,271,04:30 - 04:35,696,51,result
2026-08-17,272,04:35 - 04:40,004,13,result
2026-08-17,273,04:40 - 04:45,297,99,result
2026-08-17,274,04:45 - 04:50,059,59,result
2026-08-17,275,04:50 - 04:55,942,08,result
2026-08-17,276,04:55 - 05:00,224,71,result
2026-08-17,277,05:00 - 05:05,266,41,result
2026-08-17,278,05:05 - 05:10,180,97,result
2026-08-17,279,05:10 - 05:15,174,59,result
2026-08-17,280,05:15 - 05:20,638,65,result
2026-08-17,281,05:20 - 05:25,115,75,result
2026-08-17,282,05:25 - 05:30,702,44,result
2026-08-17,283,05:30 - 05:35,151,15,result
2026-08-17,284,05:35 - 05:40,619,72,result
2026-08-17,285,05:40 - 05:45,641,55,result
2026-08-17,286,05:45 - 05:50,074,97,result
2026-08-17,287,05:50 - 05:55,857,54,result
2026-08-17,288,05:55 - 06:00,222,58,result
2026-08-18,1,06:00 - 06:05,889,30,result
2026-08-18,2,06:05 - 06:10,507,17,result
2026-08-18,3,06:10 - 06:15,985,01,result
2026-08-18,4,06:15 - 06:20,043,04,result
2026-08-18,5,06:20 - 06:25,480,02,result
2026-08-18,6,06:25 - 06:30,809,63,result
2026-08-18,7,06:30 - 06:35,277,88,result
2026-08-18,8,06:35 - 06:40,760,08,result
2026-08-18,9,06:40 - 06:45,279,94,result
2026-08-18,10,06:45 - 06:50,811,63,result
2026-08-18,11,06:50 - 06:55,666,23,result
2026-08-18,12,06:55 - 07:00,880,47,result
2026-08-18,13,07:00 - 07:05,862,74,result
2026-08-18,14,07:05 - 07:10,558,05,result
2026-08-18,15,07:10 - 07:15,301,83,result
2026-08-18,16,07:15 - 07:20,070,92,result
2026-08-18,17,07:20 - 07:25,192,12,result
2026-08-18,18,07:25 - 07:30,898,11,result
2026-08-18,19,07:30 - 07:35,907,43,result
2026-08-18,20,07:35 - 07:40,917,64,result
2026-08-18,21,07:40 - 07:45,429,62,result
2026-08-18,22,07:45 - 07:50,770,08,result
2026-08-18,23,07:50 - 07:55,872,91,result
2026-08-18,24,07:55 - 08:00,005,47,result
2026-08-18,25,08:00 - 08:05,144,43,result
2026-08-18,26,08:05 - 08:10,080,66,result
2026-08-18,27,08:10 - 08:15,930,69,result
2026-08-18,28,08:15 - 08:20,400,69,result
2026-08-18,29,08:20 - 08:25,270,30,result
2026-08-18,30,08:25 - 08:30,323,44,result
2026-08-18,31,08:30 - 08:35,002,68,result
2026-08-18,32,08:35 - 08:40,699,07,result
2026-08-18,33,08:40 - 08:45,078,45,result
2026-08-18,34,08:45 - 08:50,725,09,result
2026-08-18,35,08:50 - 08:55,538,73,result
2026-08-18,36,08:55 - 09:00,531,24,result
2026-08-18,37,09:00 - 09:05,872,29,result
2026-08-18,38,09:05 - 09:10,153,52,result
2026-08-18,39,09:10 - 09:15,908,64,result
2026-08-18,40,09:15 - 09:20,069,88,result
2026-08-18,41,09:20 - 09:25,485,19,result
2026-08-18,42,09:25 - 09:30,353,30,result
2026-08-18,43,09:30 - 09:35,498,73,result
2026-08-18,44,09:35 - 09:40,026,32,result
2026-08-18,45,09:40 - 09:45,393,41,result
2026-08-18,46,09:45 - 09:50,684,36,result
2026-08-18,47,09:50 - 09:55,452,99,result
2026-08-18,48,09:55 - 10:00,915,61,result
2026-08-18,49,10:00 - 10:05,371,12,result
2026-08-18,50,10:05 - 10:10,306,75,result
2026-08-18,51,10:10 - 10:15,163,84,result
2026-08-18,52,10:15 - 10:20,082,16,result
2026-08-18,53,10:20 - 10:25,685,08,result
2026-08-18,54,10:25 - 10:30,034,94,result
2026-08-18,55,10:30 - 10:35,300,06,result
2026-08-18,56,10:35 - 10:40,459,29,result
2026-08-18,57,10:40 - 10:45,111,13,result
2026-08-18,58,10:45 - 10:50,945,39,result
2026-08-18,59,10:50 - 10:55,406,03,result
2026-08-18,60,10:55 - 11:00,980,85,result
2026-08-18,61,11:00 - 11:05,244,40,result
2026-08-18,62,11:05 - 11:10,576,83,result
2026-08-18,63,11:10 - 11:15,190,65,result
2026-08-18,64,11:15 - 11:20,492,68,result
2026-08-18,65,11:20 - 11:25,114,00,result
2026-08-18,66,11:25 - 11:30,212,15,result
2026-08-18,67,11:30 - 11:35,233,72,result
2026-08-18,68,11:35 - 11:40,858,89,result
2026-08-18,69,11:40 - 11:45,715,81,result
2026-08-18,70,11:45 - 11:50,320,42,result
2026-08-18,71,11:50 - 11:55,155,44,result
2026-08-18,72,11:55 - 12:00,091,86,result
2026-08-18,73,12:00 - 12:05,153,87,result
2026-08-18,74,12:05 - 12:10,491,90,result
2026-08-18,75,12:10 - 12:15,244,83,result
2026-08-18,76,12:15 - 12:20,783,76,result
2026-08-18,77,12:20 - 12:25,825,84,result
2026-08-18,78,12:25 - 12:30,948,85,result
2026-08-18,79,12:30 - 12:35,304,58,result
2026-08-18,80,12:35 - 12:40,753,82,result
2026-08-18,81,12:40 - 12:45,674,35,result
2026-08-18,82,12:45 - 12:50,228,78,result
2026-08-18,83,12:50 - 12:55,184,16,result
2026-08-18,84,12:55 - 13:00,994,49,result
2026-08-18,85,13:00 - 13:05,405,23,result
2026-08-18,86,13:05 - 13:10,631,13,result
2026-08-18,87,13:10 - 13:15,125,49,result
2026-08-18,88,13:15 - 13:20,783,95,result
2026-08-18,89,13:20 - 13:25,008,55,result
2026-08-18,90,13:25 - 13:30,435,51,result
2026-08-18,91,13:30 - 13:35,273,66,result
2026-08-18,92,13:35 - 13:40,392,50,result
2026-08-18,93,13:40 - 13:45,677,76,result
2026-08-18,94,13:45 - 13:50,120,20,result
2026-08-18,95,13:50 - 13:55,823,03,result
2026-08-18,96,13:55 - 14:00,649,78,result
2026-08-18,97,14:00 - 14:05,548,47,result
2026-08-18,98,14:05 - 14:10,345,32,result
2026-08-18,99,14:10 - 14:15,938,64,result
2026-08-18,100,14:15 - 14:20,968,17,result
2026-08-18,101,14:20 - 14:25,952,88,result
2026-08-18,102,14:25 - 14:30,813,03,result
2026-08-18,103,14:30 - 14:35,167,26,result
2026-08-18,104,14:35 - 14:40,040,26,result
2026-08-18,105,14:40 - 14:45,446,43,result
2026-08-18,106,14:45 - 14:50,319,76,result
2026-08-18,107,14:50 - 14:55,253,18,result
2026-08-18,108,14:55 - 15:00,847,06,result
2026-08-18,109,15:00 - 15:05,575,13,result
2026-08-18,110,15:05 - 15:10,190,48,result
2026-08-18,111,15:10 - 15:15,376,33,result
2026-08-18,112,15:15 - 15:20,970,07,result
2026-08-18,113,15:20 - 15:25,959,76,result
2026-08-18,114,15:25 - 15:30,233,17,result
2026-08-18,115,15:30 - 15:35,850,71,result
2026-08-18,116,15:35 - 15:40,046,74,result
2026-08-18,117,15:40 - 15:45,360,06,result
2026-08-18,118,15:45 - 15:50,344,21,result
2026-08-18,119,15:50 - 15:55,565,12,result
2026-08-18,120,15:55 - 16:00,370,62,result
2026-08-18,121,16:00 - 16:05,626,43,result
2026-08-18,122,16:05 - 16:10,693,18,result
2026-08-18,123,16:10 - 16:15,826,14,result
2026-08-18,124,16:15 - 16:20,343,36,result
2026-08-18,125,16:20 - 16:25,530,02,result
2026-08-18,126,16:25 - 16:30,126,46,result
2026-08-18,127,16:30 - 16:35,635,31,result
2026-08-18,128,16:35 - 16:40,123,54,result
2026-08-18,129,16:40 - 16:45,751,62,result
2026-08-18,130,16:45 - 16:50,902,21,result
2026-08-18,131,16:50 - 16:55,926,23,result
2026-08-18,132,16:55 - 17:00,972,60,result
2026-08-18,133,17:00 - 17:05,501,95,result
2026-08-18,134,17:05 - 17:10,139,15,result
2026-08-18,135,17:10 - 17:15,368,28,result
2026-08-18,136,17:15 - 17:20,899,80,result
2026-08-18,137,17:20 - 17:25,262,95,result
2026-08-18,138,17:25 - 17:30,495,09,result
2026-08-18,139,17:30 - 17:35,400,97,result
2026-08-18,140,17:35 - 17:40,202,28,result
2026-08-18,141,17:40 - 17:45,885,15,result
2026-08-18,142,17:45 - 17:50,154,36,result
2026-08-18,143,17:50 - 17:55,665,89,result
2026-08-18,144,17:55 - 18:00,202,63,result
2026-08-18,145,18:00 - 18:05,746,94,result
2026-08-18,146,18:05 - 18:10,377,19,result
2026-08-18,147,18:10 - 18:15,974,66,result
2026-08-18,148,18:15 - 18:20,513,29,result
2026-08-18,149,18:20 - 18:25,681,58,result
2026-08-18,150,18:25 - 18:30,640,81,result
2026-08-18,151,18:30 - 18:35,437,10,result
2026-08-18,152,18:35 - 18:40,973,15,result
2026-08-18,153,18:40 - 18:45,831,37,result
2026-08-18,154,18:45 - 18:50,957,69,result
2026-08-18,155,18:50 - 18:55,039,39,result
2026-08-18,156,18:55 - 19:00,558,86,result
2026-08-18,157,19:00 - 19:05,062,37,result
2026-08-18,158,19:05 - 19:10,314,22,result
2026-08-18,159,19:10 - 19:15,046,14,result
2026-08-18,160,19:15 - 19:20,579,78,result
2026-08-18,161,19:20 - 19:25,647,39,result
2026-08-18,162,19:25 - 19:30,822,77,result
2026-08-18,163,19:30 - 19:35,254,82,result
2026-08-18,164,19:35 - 19:40,500,72,result
2026-08-18,165,19:40 - 19:45,532,54,result
2026-08-18,166,19:45 - 19:50,598,79,result
2026-08-18,167,19:50 - 19:55,225,65,result
2026-08-18,168,19:55 - 20:00,808,55,result
2026-08-18,169,20:00 - 20:05,910,81,result
2026-08-18,170,20:05 - 20:10,985,81,result
2026-08-18,171,20:10 - 20:15,061,51,result
2026-08-18,172,20:15 - 20:20,535,46,result
2026-08-18,173,20:20 - 20:25,961,86,result
2026-08-18,174,20:25 - 20:30,245,47,result
2026-08-18,175,20:30 - 20:35,824,53,result
2026-08-18,176,20:35 - 20:40,230,76,result
2026-08-18,177,20:40 - 20:45,438,56,result
2026-08-18,178,20:45 - 20:50,866,56,result
2026-08-18,179,20:50 - 20:55,582,20,result
2026-08-18,180,20:55 - 21:00,430,91,result
2026-08-18,181,21:00 - 21:05,760,87,result
2026-08-18,182,21:05 - 21:10,114,75,result
2026-08-18,183,21:10 - 21:15,072,73,result
2026-08-18,184,21:15 - 21:20,457,65,result
2026-08-18,185,21:20 - 21:25,031,08,result
2026-08-18,186,21:25 - 21:30,540,23,result
2026-08-18,187,21:30 - 21:35,165,08,result
2026-08-18,188,21:35 - 21:40,532,37,result
2026-08-18,189,21:40 - 21:45,502,91,result
2026-08-18,190,21:45 - 21:50,108,39,result
2026-08-18,191,21:50 - 21:55,264,14,result
2026-08-18,192,21:55 - 22:00,169,30,result
2026-08-18,193,22:00 - 22:05,115,27,result
2026-08-18,194,22:05 - 22:10,098,73,result
2026-08-18,195,22:10 - 22:15,466,30,result
2026-08-18,196,22:15 - 22:20,672,86,result
2026-08-18,197,22:20 - 22:25,938,19,result
2026-08-18,198,22:25 - 22:30,736,15,result
2026-08-18,199,22:30 - 22:35,840,59,result
2026-08-18,200,22:35 - 22:40,173,81,result
2026-08-18,201,22:40 - 22:45,829,61,result
2026-08-18,202,22:45 - 22:50,041,16,result
2026-08-18,203,22:50 - 22:55,593,69,result
2026-08-18,204,22:55 - 23:00,980,00,result
2026-08-18,205,23:00 - 23:05,444,14,result
2026-08-18,206,23:05 - 23:10,400,68,result
2026-08-18,207,23:10 - 23:15,316,77,result
2026-08-18,208,23:15 - 23:20,565,77,result
2026-08-18,209,23:20 - 23:25,251,19,result
2026-08-18,210,23:25 - 23:30,137,70,result
2026-08-18,211,23:30 - 23:35,249,68,result
2026-08-18,212,23:35 - 23:40,087,89,result
2026-08-18,213,23:40 - 23:45,057,39,result
2026-08-18,214,23:45 - 23:50,627,07,result
2026-08-18,215,23:50 - 23:55,740,21,result
2026-08-18,216,23:55 - 00:00,141,11,result
2026-08-18,217,00:00 - 00:05,934,23,result
2026-08-18,218,00:05 - 00:10,221,77,result
2026-08-18,219,00:10 - 00:15,933,45,result
2026-08-18,220,00:15 - 00:20,202,54,result
2026-08-18,221,00:20 - 00:25,570,84,result
2026-08-18,222,00:25 - 00:30,613,54,result
2026-08-18,223,00:30 - 00:35,227,67,result
2026-08-18,224,00:35 - 00:40,703,78,result
2026-08-18,225,00:40 - 00:45,462,85,result
2026-08-18,226,00:45 - 00:50,418,57,result
2026-08-18,227,00:50 - 00:55,292,53,result
2026-08-18,228,00:55 - 01:00,484,17,result
2026-08-18,229,01:00 - 01:05,732,27,result
2026-08-18,230,01:05 - 01:10,089,40,result
2026-08-18,231,01:10 - 01:15,067,38,result
2026-08-18,232,01:15 - 01:20,443,77,result
2026-08-18,233,01:20 - 01:25,274,75,result
2026-08-18,234,01:25 - 01:30,041,19,result
2026-08-18,235,01:30 - 01:35,511,63,result
2026-08-18,236,01:35 - 01:40,060,06,result
2026-08-18,237,01:40 - 01:45,055,60,result
2026-08-18,238,01:45 - 01:50,880,84,result
2026-08-18,239,01:50 - 01:55,730,06,result
2026-08-18,240,01:55 - 02:00,743,96,result
2026-08-18,241,02:00 - 02:05,904,95,result
2026-08-18,242,02:05 - 02:10,604,69,result
2026-08-18,243,02:10 - 02:15,179,38,result
2026-08-18,244,02:15 - 02:20,937,21,result
2026-08-18,245,02:20 - 02:25,582,70,result
2026-08-18,246,02:25 - 02:30,602,33,result
2026-08-18,247,02:30 - 02:35,292,85,result
2026-08-18,248,02:35 - 02:40,251,51,result
2026-08-18,249,02:40 - 02:45,165,53,result
2026-08-18,250,02:45 - 02:50,882,19,result
2026-08-18,251,02:50 - 02:55,905,73,result
2026-08-18,252,02:55 - 03:00,557,81,result
2026-08-18,253,03:00 - 03:05,139,57,result
2026-08-18,254,03:05 - 03:10,460,49,result
2026-08-18,255,03:10 - 03:15,364,18,result
2026-08-18,256,03:15 - 03:20,457,61,result
2026-08-18,257,03:20 - 03:25,267,32,result
2026-08-18,258,03:25 - 03:30,102,18,result
2026-08-18,259,03:30 - 03:35,051,76,result
2026-08-18,260,03:35 - 03:40,112,47,result
2026-08-18,261,03:40 - 03:45,696,71,result
2026-08-18,262,03:45 - 03:50,044,97,result
2026-08-18,263,03:50 - 03:55,820,70,result
2026-08-18,264,03:55 - 04:00,100,35,result
2026-08-18,265,04:00 - 04:05,920,42,result
2026-08-18,266,04:05 - 04:10,513,10,result
2026-08-18,267,04:10 - 04:15,815,83,result
2026-08-18,268,04:15 - 04:20,379,14,result
2026-08-18,269,04:20 - 04:25,977,89,result
2026-08-18,270,04:25 - 04:30,026,31,result
2026-08-18,271,04:30 - 04:35,661,86,result
2026-08-18,272,04:35 - 04:40,042,44,result
2026-08-18,273,04:40 - 04:45,010,52,result
2026-08-18,274,04:45 - 04:50,213,07,result
2026-08-18,275,04:50 - 04:55,848,97,result
2026-08-18,276,04:55 - 05:00,888,13,result
2026-08-18,277,05:00 - 05:05,984,84,result
2026-08-18,278,05:05 - 05:10,343,61,result
2026-08-18,279,05:10 - 05:15,348,34,result
2026-08-18,280,05:15 - 05:20,914,30,result
2026-08-18,281,05:20 - 05:25,370,42,result
2026-08-18,282,05:25 - 05:30,608,09,result
2026-08-18,283,05:30 - 05:35,571,99,result
2026-08-18,284,05:35 - 05:40,071,80,result
2026-08-18,285,05:40 - 05:45,115,44,result
2026-08-18,286,05:45 - 05:50,428,54,result
2026-08-18,287,05:50 - 05:55,188,71,result
2026-08-18,288,05:55 - 06:00,906,93,result
2026-08-19,1,06:00 - 06:05,287,05,result
2026-08-19,2,06:05 - 06:10,138,54,result
2026-08-19,3,06:10 - 06:15,966,38,result
2026-08-19,4,06:15 - 06:20,126,97,result
2026-08-19,5,06:20 - 06:25,762,93,result
2026-08-19,6,06:25 - 06:30,891,99,result
2026-08-19,7,06:30 - 06:35,484,89,result
2026-08-19,8,06:35 - 06:40,873,45,result
2026-08-19,9,06:40 - 06:45,068,40,result
2026-08-19,10,06:45 - 06:50,462,50,result
2026-08-19,11,06:50 - 06:55,644,95,result
2026-08-19,12,06:55 - 07:00,406,69,result
2026-08-19,13,07:00 - 07:05,975,06,result
2026-08-19,14,07:05 - 07:10,061,46,result
2026-08-19,15,07:10 - 07:15,357,74,result
2026-08-19,16,07:15 - 07:20,012,61,result
2026-08-19,17,07:20 - 07:25,396,19,result
2026-08-19,18,07:25 - 07:30,397,35,result
2026-08-19,19,07:30 - 07:35,747,59,result
2026-08-19,20,07:35 - 07:40,767,52,result
2026-08-19,21,07:40 - 07:45,204,11,result
2026-08-19,22,07:45 - 07:50,236,22,result
2026-08-19,23,07:50 - 07:55,758,75,result
2026-08-19,24,07:55 - 08:00,734,03,result
2026-08-19,25,08:00 - 08:05,082,36,result
2026-08-19,26,08:05 - 08:10,683,23,result
2026-08-19,27,08:10 - 08:15,596,78,result
2026-08-19,28,08:15 - 08:20,199,72,result
2026-08-19,29,08:20 - 08:25,773,56,result
2026-08-19,30,08:25 - 08:30,519,92,result
2026-08-19,31,08:30 - 08:35,045,30,result
2026-08-19,32,08:35 - 08:40,108,24,result
2026-08-19,33,08:40 - 08:45,373,77,result
2026-08-19,34,08:45 - 08:50,613,03,result
2026-08-19,35,08:50 - 08:55,956,25,result
2026-08-19,36,08:55 - 09:00,133,42,result
2026-08-19,37,09:00 - 09:05,400,08,result
2026-08-19,38,09:05 - 09:10,186,59,result
2026-08-19,39,09:10 - 09:15,453,22,result
2026-08-19,40,09:15 - 09:20,179,54,result
2026-08-19,41,09:20 - 09:25,784,45,result
2026-08-19,42,09:25 - 09:30,016,39,result
2026-08-19,43,09:30 - 09:35,459,31,result
2026-08-19,44,09:35 - 09:40,244,62,result
2026-08-19,45,09:40 - 09:45,056,27,result
2026-08-19,46,09:45 - 09:50,078,00,result
2026-08-19,47,09:50 - 09:55,735,40,result
2026-08-19,48,09:55 - 10:00,951,62,result
2026-08-19,49,10:00 - 10:05,152,54,result
2026-08-19,50,10:05 - 10:10,423,52,result
2026-08-19,51,10:10 - 10:15,911,76,result
2026-08-19,52,10:15 - 10:20,428,97,result
2026-08-19,53,10:20 - 10:25,840,80,result
2026-08-19,54,10:25 - 10:30,956,57,result
2026-08-19,55,10:30 - 10:35,084,63,result
2026-08-19,56,10:35 - 10:40,722,39,result
2026-08-19,57,10:40 - 10:45,556,81,result
2026-08-19,58,10:45 - 10:50,830,45,result
2026-08-19,59,10:50 - 10:55,665,31,result
2026-08-19,60,10:55 - 11:00,241,12,result
2026-08-19,61,11:00 - 11:05,835,39,result
2026-08-19,62,11:05 - 11:10,435,01,result
2026-08-19,63,11:10 - 11:15,494,43,result
2026-08-19,64,11:15 - 11:20,065,99,result
2026-08-19,65,11:20 - 11:25,579,28,result
2026-08-19,66,11:25 - 11:30,038,96,result
2026-08-19,67,11:30 - 11:35,501,06,result
2026-08-19,68,11:35 - 11:40,882,53,result
2026-08-19,69,11:40 - 11:45,512,72,result
2026-08-19,70,11:45 - 11:50,974,41,result
2026-08-19,71,11:50 - 11:55,506,01,result
2026-08-19,72,11:55 - 12:00,119,76,result
2026-08-19,73,12:00 - 12:05,449,50,result
2026-08-19,74,12:05 - 12:10,361,95,result
2026-08-19,75,12:10 - 12:15,145,90,result
2026-08-19,76,12:15 - 12:20,772,19,result
2026-08-19,77,12:20 - 12:25,518,89,result
2026-08-19,78,12:25 - 12:30,616,06,result
2026-08-19,79,12:30 - 12:35,057,54,result
2026-08-19,80,12:35 - 12:40,593,45,result
2026-08-19,81,12:40 - 12:45,581,32,result
2026-08-19,82,12:45 - 12:50,757,17,result
2026-08-19,83,12:50 - 12:55,017,25,result
2026-08-19,84,12:55 - 13:00,701,16,result
2026-08-19,85,13:00 - 13:05,573,64,result
2026-08-19,86,13:05 - 13:10,725,56,result
2026-08-19,87,13:10 - 13:15,039,91,result
2026-08-19,88,13:15 - 13:20,822,69,result
2026-08-19,89,13:20 - 13:25,033,93,result
2026-08-19,90,13:25 - 13:30,947,65,result
2026-08-19,91,13:30 - 13:35,992,95,result
2026-08-19,92,13:35 - 13:40,423,29,result
2026-08-19,93,13:40 - 13:45,643,29,result
2026-08-19,94,13:45 - 13:50,044,28,result
2026-08-19,95,13:50 - 13:55,232,65,result
2026-08-19,96,13:55 - 14:00,370,10,result
2026-08-19,97,14:00 - 14:05,693,21,result
2026-08-19,98,14:05 - 14:10,248,92,result
2026-08-19,99,14:10 - 14:15,712,61,result
2026-08-19,100,14:15 - 14:20,567,39,result
2026-08-19,101,14:20 - 14:25,184,68,result
2026-08-19,102,14:25 - 14:30,701,93,result
2026-08-19,103,14:30 - 14:35,555,46,result
2026-08-19,104,14:35 - 14:40,636,38,result
2026-08-19,105,14:40 - 14:45,812,54,result
2026-08-19,106,14:45 - 14:50,153,42,result
2026-08-19,107,14:50 - 14:55,646,71,result
2026-08-19,108,14:55 - 15:00,658,72,result
2026-08-19,109,15:00 - 15:05,884,33,result
2026-08-19,110,15:05 - 15:10,160,64,result
2026-08-19,111,15:10 - 15:15,635,92,result
2026-08-19,112,15:15 - 15:20,503,81,result
2026-08-19,113,15:20 - 15:25,917,07,result
2026-08-19,114,15:25 - 15:30,908,24,result
2026-08-19,115,15:30 - 15:35,895,42,result
2026-08-19,116,15:35 - 15:40,821,87,result
2026-08-19,117,15:40 - 15:45,550,77,result
2026-08-19,118,15:45 - 15:50,454,60,result
2026-08-19,119,15:50 - 15:55,252,46,result
2026-08-19,120,15:55 - 16:00,265,64,result
2026-08-19,121,16:00 - 16:05,031,72,result
2026-08-19,122,16:05 - 16:10,089,78,result
2026-08-19,123,16:10 - 16:15,665,93,result
2026-08-19,124,16:15 - 16:20,934,01,result
2026-08-19,125,16:20 - 16:25,790,28,result
2026-08-19,126,16:25 - 16:30,784,23,result
2026-08-19,127,16:30 - 16:35,885,38,result
2026-08-19,128,16:35 - 16:40,718,17,result
2026-08-19,129,16:40 - 16:45,459,15,result
2026-08-19,130,16:45 - 16:50,878,62,result
2026-08-19,131,16:50 - 16:55,639,35,result
2026-08-19,132,16:55 - 17:00,345,03,result
2026-08-19,133,17:00 - 17:05,588,06,result
2026-08-19,134,17:05 - 17:10,510,55,result
2026-08-19,135,17:10 - 17:15,290,50,result
2026-08-19,136,17:15 - 17:20,040,86,result
2026-08-19,137,17:20 - 17:25,787,33,result
2026-08-19,138,17:25 - 17:30,221,51,result
2026-08-19,139,17:30 - 17:35,943,69,result
2026-08-19,140,17:35 - 17:40,555,58,result
2026-08-19,141,17:40 - 17:45,132,65,result
2026-08-19,142,17:45 - 17:50,403,46,result
2026-08-19,143,17:50 - 17:55,720,22,result
2026-08-19,144,17:55 - 18:00,681,83,result
2026-08-19,145,18:00 - 18:05,704,33,result
2026-08-19,146,18:05 - 18:10,522,20,result
2026-08-19,147,18:10 - 18:15,590,95,result
2026-08-19,148,18:15 - 18:20,924,10,result
2026-08-19,149,18:20 - 18:25,607,01,result
2026-08-19,150,18:25 - 18:30,908,28,result
2026-08-19,151,18:30 - 18:35,073,77,result
2026-08-19,152,18:35 - 18:40,527,78,result
2026-08-19,153,18:40 - 18:45,121,60,result
2026-08-19,154,18:45 - 18:50,216,95,result
2026-08-19,155,18:50 - 18:55,875,05,result
2026-08-19,156,18:55 - 19:00,234,58,result
2026-08-19,157,19:00 - 19:05,565,10,result
2026-08-19,158,19:05 - 19:10,779,32,result
2026-08-19,159,19:10 - 19:15,741,73,result
2026-08-19,160,19:15 - 19:20,454,62,result
2026-08-19,161,19:20 - 19:25,730,25,result
2026-08-19,162,19:25 - 19:30,841,48,result
2026-08-19,163,19:30 - 19:35,146,10,result
2026-08-19,164,19:35 - 19:40,579,01,result
2026-08-19,165,19:40 - 19:45,520,76,result
2026-08-19,166,19:45 - 19:50,508,61,result
2026-08-19,167,19:50 - 19:55,106,72,result
2026-08-19,168,19:55 - 20:00,973,79,result
2026-08-19,169,20:00 - 20:05,664,50,result
2026-08-19,170,20:05 - 20:10,552,72,result
2026-08-19,171,20:10 - 20:15,469,02,result
2026-08-19,172,20:15 - 20:20,389,18,result
2026-08-19,173,20:20 - 20:25,602,94,result
2026-08-19,174,20:25 - 20:30,192,45,result
2026-08-19,175,20:30 - 20:35,471,86,result
2026-08-19,176,20:35 - 20:40,683,26,result
2026-08-19,177,20:40 - 20:45,001,66,result
2026-08-19,178,20:45 - 20:50,247,73,result
2026-08-19,179,20:50 - 20:55,350,40,result
2026-08-19,180,20:55 - 21:00,130,39,result
2026-08-19,181,21:00 - 21:05,507,87,result
2026-08-19,182,21:05 - 21:10,352,95,result
2026-08-19,183,21:10 - 21:15,871,78,result
2026-08-19,184,21:15 - 21:20,067,51,result
2026-08-19,185,21:20 - 21:25,072,02,result
2026-08-19,186,21:25 - 21:30,236,88,result
2026-08-19,187,21:30 - 21:35,531,99,result
2026-08-19,188,21:35 - 21:40,006,98,result
2026-08-19,189,21:40 - 21:45,153,69,result
2026-08-19,190,21:45 - 21:50,055,59,result
2026-08-19,191,21:50 - 21:55,374,87,result
2026-08-19,192,21:55 - 22:00,514,64,result
2026-08-19,193,22:00 - 22:05,158,96,result
2026-08-19,194,22:05 - 22:10,888,00,result
2026-08-19,195,22:10 - 22:15,465,06,result
2026-08-19,196,22:15 - 22:20,205,78,result
2026-08-19,197,22:20 - 22:25,044,33,result
2026-08-19,198,22:25 - 22:30,621,17,result
2026-08-19,199,22:30 - 22:35,906,05,result
2026-08-19,200,22:35 - 22:40,083,17,result
2026-08-19,201,22:40 - 22:45,599,33,result
2026-08-19,202,22:45 - 22:50,395,67,result
2026-08-19,203,22:50 - 22:55,273,22,result
2026-08-19,204,22:55 - 23:00,866,85,result
2026-08-19,205,23:00 - 23:05,117,78,result
2026-08-19,206,23:05 - 23:10,405,54,result
2026-08-19,207,23:10 - 23:15,966,37,result
2026-08-19,208,23:15 - 23:20,968,86,result
2026-08-19,209,23:20 - 23:25,936,75,result
2026-08-19,210,23:25 - 23:30,129,00,result
2026-08-19,211,23:30 - 23:35,686,13,result
2026-08-19,212,23:35 - 23:40,006,91,result
2026-08-19,213,23:40 - 23:45,715,23,result
2026-08-19,214,23:45 - 23:50,407,62,result
2026-08-19,215,23:50 - 23:55,060,79,result
2026-08-19,216,23:55 - 00:00,476,90,result
2026-08-19,217,00:00 - 00:05,640,20,result
2026-08-19,218,00:05 - 00:10,066,45,result
2026-08-19,219,00:10 - 00:15,815,11,result
2026-08-19,220,00:15 - 00:20,087,61,result
2026-08-19,221,00:20 - 00:25,776,76,result
2026-08-19,222,00:25 - 00:30,299,53,result
2026-08-19,223,00:30 - 00:35,149,63,result
2026-08-19,224,00:35 - 00:40,653,13,result
2026-08-19,225,00:40 - 00:45,054,57,result
2026-08-19,226,00:45 - 00:50,889,57,result
2026-08-19,227,00:50 - 00:55,484,42,result
2026-08-19,228,00:55 - 01:00,078,26,result
2026-08-19,229,01:00 - 01:05,030,06,result
2026-08-19,230,01:05 - 01:10,999,69,result
2026-08-19,231,01:10 - 01:15,114,65,result
2026-08-19,232,01:15 - 01:20,392,77,result
2026-08-19,233,01:20 - 01:25,404,93,result
2026-08-19,234,01:25 - 01:30,754,63,result
2026-08-19,235,01:30 - 01:35,057,57,result
2026-08-19,236,01:35 - 01:40,601,22,result
2026-08-19,237,01:40 - 01:45,004,33,result
2026-08-19,238,01:45 - 01:50,215,15,result
2026-08-19,239,01:50 - 01:55,352,05,result
2026-08-19,240,01:55 - 02:00,287,86,result
2026-08-19,241,02:00 - 02:05,571,52,result
2026-08-19,242,02:05 - 02:10,990,87,result
2026-08-19,243,02:10 - 02:15,258,39,result
2026-08-19,244,02:15 - 02:20,514,47,result
2026-08-19,245,02:20 - 02:25,601,47,result
2026-08-19,246,02:25 - 02:30,358,11,result
2026-08-19,247,02:30 - 02:35,596,10,result
2026-08-19,248,02:35 - 02:40,539,55,result
2026-08-19,249,02:40 - 02:45,519,66,result
2026-08-19,250,02:45 - 02:50,261,47,result
2026-08-19,251,02:50 - 02:55,670,11,result
2026-08-19,252,02:55 - 03:00,362,21,result
2026-08-19,253,03:00 - 03:05,638,49,result
2026-08-19,254,03:05 - 03:10,648,67,result
2026-08-19,255,03:10 - 03:15,704,66,result
2026-08-19,256,03:15 - 03:20,655,94,result
2026-08-19,257,03:20 - 03:25,894,51,result
2026-08-19,258,03:25 - 03:30,274,81,result
2026-08-19,259,03:30 - 03:35,343,33,result
2026-08-19,260,03:35 - 03:40,698,10,result
2026-08-19,261,03:40 - 03:45,924,67,result
2026-08-19,262,03:45 - 03:50,684,19,result
2026-08-19,263,03:50 - 03:55,200,90,result
2026-08-19,264,03:55 - 04:00,017,13,result
2026-08-19,265,04:00 - 04:05,839,71,result
2026-08-19,266,04:05 - 04:10,226,07,result
2026-08-19,267,04:10 - 04:15,743,47,result
2026-08-19,268,04:15 - 04:20,685,69,result
2026-08-19,269,04:20 - 04:25,003,31,result
2026-08-19,270,04:25 - 04:30,140,16,result
2026-08-19,271,04:30 - 04:35,525,19,result
2026-08-19,272,04:35 - 04:40,552,77,result
2026-08-19,273,04:40 - 04:45,558,63,result
2026-08-19,274,04:45 - 04:50,843,37,result
2026-08-19,275,04:50 - 04:55,760,87,result
2026-08-19,276,04:55 - 05:00,134,52,result
2026-08-19,277,05:00 - 05:05,177,42,result
2026-08-19,278,05:05 - 05:10,529,93,result
2026-08-19,279,05:10 - 05:15,473,76,result
2026-08-19,280,05:15 - 05:20,080,68,result
2026-08-19,281,05:20 - 05:25,759,05,result
2026-08-19,282,05:25 - 05:30,880,36,result
2026-08-19,283,05:30 - 05:35,344,84,result
2026-08-19,284,05:35 - 05:40,920,33,result
2026-08-19,285,05:40 - 05:45,636,96,result
2026-08-19,286,05:45 - 05:50,028,71,result
2026-08-19,287,05:50 - 05:55,455,29,result
2026-08-19,288,05:55 - 06:00,223,81,result
2026-08-20,1,06:00 - 06:05,202,15,result
2026-08-20,2,06:05 - 06:10,663,44,result
2026-08-20,3,06:10 - 06:15,688,21,result
2026-08-20,4,06:15 - 06:20,258,50,result
2026-08-20,5,06:20 - 06:25,623,22,result
2026-08-20,6,06:25 - 06:30,787,06,result
2026-08-20,7,06:30 - 06:35,798,25,result
2026-08-20,8,06:35 - 06:40,732,86,result
2026-08-20,9,06:40 - 06:45,718,97,result
2026-08-20,10,06:45 - 06:50,842,96,result
2026-08-20,11,06:50 - 06:55,435,73,result
2026-08-20,12,06:55 - 07:00,113,05,result
2026-08-20,13,07:00 - 07:05,901,91,result
2026-08-20,14,07:05 - 07:10,337,50,result
2026-08-20,15,07:10 - 07:15,690,40,result
2026-08-20,16,07:15 - 07:20,571,39,result
2026-08-20,17,07:20 - 07:25,276,13,result
2026-08-20,18,07:25 - 07:30,280,22,result
2026-08-20,19,07:30 - 07:35,326,17,result
2026-08-20,20,07:35 - 07:40,444,22,result
2026-08-20,21,07:40 - 07:45,672,72,result
2026-08-20,22,07:45 - 07:50,006,04,result
2026-08-20,23,07:50 - 07:55,809,96,result
2026-08-20,24,07:55 - 08:00,609,65,result
2026-08-20,25,08:00 - 08:05,135,90,result
2026-08-20,26,08:05 - 08:10,962,67,result
2026-08-20,27,08:10 - 08:15,756,13,result
2026-08-20,28,08:15 - 08:20,227,51,result
2026-08-20,29,08:20 - 08:25,302,54,result
2026-08-20,30,08:25 - 08:30,348,88,result
2026-08-20,31,08:30 - 08:35,759,23,result
2026-08-20,32,08:35 - 08:40,729,66,result
2026-08-20,33,08:40 - 08:45,533,08,result
2026-08-20,34,08:45 - 08:50,334,35,result
2026-08-20,35,08:50 - 08:55,654,10,result
2026-08-20,36,08:55 - 09:00,679,11,result
2026-08-20,37,09:00 - 09:05,554,16,result
2026-08-20,38,09:05 - 09:10,931,83,result
2026-08-20,39,09:10 - 09:15,897,85,result
2026-08-20,40,09:15 - 09:20,794,61,result
2026-08-20,41,09:20 - 09:25,828,59,result
2026-08-20,42,09:25 - 09:30,400,35,result
2026-08-20,43,09:30 - 09:35,594,15,result
2026-08-20,44,09:35 - 09:40,342,25,result
2026-08-20,45,09:40 - 09:45,662,08,result
2026-08-20,46,09:45 - 09:50,126,07,result
2026-08-20,47,09:50 - 09:55,694,90,result
2026-08-20,48,09:55 - 10:00,213,86,result
2026-08-20,49,10:00 - 10:05,889,81,result
2026-08-20,50,10:05 - 10:10,802,42,result
2026-08-20,51,10:10 - 10:15,961,63,result
2026-08-20,52,10:15 - 10:20,407,63,result
2026-08-20,53,10:20 - 10:25,912,30,result
2026-08-20,54,10:25 - 10:30,105,92,result
2026-08-20,55,10:30 - 10:35,084,91,result
2026-08-20,56,10:35 - 10:40,997,33,result
2026-08-20,57,10:40 - 10:45,976,10,result
2026-08-20,58,10:45 - 10:50,261,10,result
2026-08-20,59,10:50 - 10:55,822,47,result
2026-08-20,60,10:55 - 11:00,520,73,result
2026-08-20,61,11:00 - 11:05,026,37,result
2026-08-20,62,11:05 - 11:10,068,95,result
2026-08-20,63,11:10 - 11:15,919,82,result
2026-08-20,64,11:15 - 11:20,804,59,result
2026-08-20,65,11:20 - 11:25,695,12,result
2026-08-20,66,11:25 - 11:30,310,04,result
2026-08-20,67,11:30 - 11:35,799,94,result
2026-08-20,68,11:35 - 11:40,123,99,result
2026-08-20,69,11:40 - 11:45,976,70,result
2026-08-20,70,11:45 - 11:50,683,12,result
2026-08-20,71,11:50 - 11:55,829,72,result
2026-08-20,72,11:55 - 12:00,491,01,result
2026-08-20,73,12:00 - 12:05,645,10,result
2026-08-20,74,12:05 - 12:10,289,94,result
2026-08-20,75,12:10 - 12:15,847,63,result
2026-08-20,76,12:15 - 12:20,268,48,result
2026-08-20,77,12:20 - 12:25,529,37,result
2026-08-20,78,12:25 - 12:30,518,51,result
2026-08-20,79,12:30 - 12:35,974,93,result
2026-08-20,80,12:35 - 12:40,871,29,result
2026-08-20,81,12:40 - 12:45,309,58,result
2026-08-20,82,12:45 - 12:50,810,23,result
2026-08-20,83,12:50 - 12:55,094,08,result
2026-08-20,84,12:55 - 13:00,738,95,result
2026-08-20,85,13:00 - 13:05,636,35,result
2026-08-20,86,13:05 - 13:10,565,70,result
2026-08-20,87,13:10 - 13:15,009,87,result
2026-08-20,88,13:15 - 13:20,033,01,result
2026-08-20,89,13:20 - 13:25,208,92,result
2026-08-20,90,13:25 - 13:30,958,11,result
2026-08-20,91,13:30 - 13:35,674,51,result
2026-08-20,92,13:35 - 13:40,341,33,result
2026-08-20,93,13:40 - 13:45,759,29,result
2026-08-20,94,13:45 - 13:50,885,18,result
2026-08-20,95,13:50 - 13:55,126,15,result
2026-08-20,96,13:55 - 14:00,077,54,result
2026-08-20,97,14:00 - 14:05,826,61,result
2026-08-20,98,14:05 - 14:10,192,88,result
2026-08-20,99,14:10 - 14:15,152,59,result
2026-08-20,100,14:15 - 14:20,423,51,result
2026-08-20,101,14:20 - 14:25,557,92,result
2026-08-20,102,14:25 - 14:30,484,58,result
2026-08-20,103,14:30 - 14:35,588,37,result
2026-08-20,104,14:35 - 14:40,376,91,result
2026-08-20,105,14:40 - 14:45,344,73,result
2026-08-20,106,14:45 - 14:50,170,91,result
2026-08-20,107,14:50 - 14:55,459,98,result
2026-08-20,108,14:55 - 15:00,655,03,result
2026-08-20,109,15:00 - 15:05,714,76,result
2026-08-20,110,15:05 - 15:10,772,91,result
2026-08-20,111,15:10 - 15:15,408,71,result
2026-08-20,112,15:15 - 15:20,823,31,result
2026-08-20,113,15:20 - 15:25,838,03,result
2026-08-20,114,15:25 - 15:30,429,37,result
2026-08-20,115,15:30 - 15:35,646,51,result
2026-08-20,116,15:35 - 15:40,223,91,result
2026-08-20,117,15:40 - 15:45,070,92,result
2026-08-20,118,15:45 - 15:50,916,32,result
2026-08-20,119,15:50 - 15:55,210,36,result
2026-08-20,120,15:55 - 16:00,637,51,result
2026-08-20,121,16:00 - 16:05,699,81,result
2026-08-20,122,16:05 - 16:10,317,86,result
2026-08-20,123,16:10 - 16:15,999,82,result
2026-08-20,124,16:15 - 16:20,057,05,result
2026-08-20,125,16:20 - 16:25,897,17,result
2026-08-20,126,16:25 - 16:30,858,99,result
2026-08-20,127,16:30 - 16:35,121,30,result
2026-08-20,128,16:35 - 16:40,592,44,result
2026-08-20,129,16:40 - 16:45,122,91,result
2026-08-20,130,16:45 - 16:50,073,63,result
2026-08-20,131,16:50 - 16:55,806,92,result
2026-08-20,132,16:55 - 17:00,768,35,result
2026-08-20,133,17:00 - 17:05,304,37,result
2026-08-20,134,17:05 - 17:10,259,38,result
2026-08-20,135,17:10 - 17:15,080,10,result
2026-08-20,136,17:15 - 17:20,695,32,result
2026-08-20,137,17:20 - 17:25,224,70,result
2026-08-20,138,17:25 - 17:30,262,77,result
2026-08-20,139,17:30 - 17:35,842,87,result
2026-08-20,140,17:35 - 17:40,099,33,result
2026-08-20,141,17:40 - 17:45,630,31,result
2026-08-20,142,17:45 - 17:50,472,98,result
2026-08-20,143,17:50 - 17:55,491,42,result
2026-08-20,144,17:55 - 18:00,838,34,result
2026-08-20,145,18:00 - 18:05,852,16,result
2026-08-20,146,18:05 - 18:10,737,31,result
2026-08-20,147,18:10 - 18:15,105,05,result
2026-08-20,148,18:15 - 18:20,788,31,result
2026-08-20,149,18:20 - 18:25,991,94,result
2026-08-20,150,18:25 - 18:30,437,17,result
2026-08-20,151,18:30 - 18:35,253,25,result
2026-08-20,152,18:35 - 18:40,222,57,result
2026-08-20,153,18:40 - 18:45,698,53,result
2026-08-20,154,18:45 - 18:50,097,34,result
2026-08-20,155,18:50 - 18:55,203,78,result
2026-08-20,156,18:55 - 19:00,771,00,result
2026-08-20,157,19:00 - 19:05,250,14,result
2026-08-20,158,19:05 - 19:10,738,54,result
2026-08-20,159,19:10 - 19:15,129,12,result
2026-08-20,160,19:15 - 19:20,668,12,result
2026-08-20,161,19:20 - 19:25,204,37,result
2026-08-20,162,19:25 - 19:30,908,87,result
2026-08-20,163,19:30 - 19:35,549,49,result
2026-08-20,164,19:35 - 19:40,164,80,result
2026-08-20,165,19:40 - 19:45,797,08,result
2026-08-20,166,19:45 - 19:50,012,46,result
2026-08-20,167,19:50 - 19:55,131,84,result
2026-08-20,168,19:55 - 20:00,058,83,result
2026-08-20,169,20:00 - 20:05,778,65,result
2026-08-20,170,20:05 - 20:10,198,11,result
2026-08-20,171,20:10 - 20:15,277,06,result
2026-08-20,172,20:15 - 20:20,325,51,result
2026-08-20,173,20:20 - 20:25,437,70,result
2026-08-20,174,20:25 - 20:30,646,15,result
2026-08-20,175,20:30 - 20:35,276,11,result
2026-08-20,176,20:35 - 20:40,775,76,result
2026-08-20,177,20:40 - 20:45,065,13,result
2026-08-20,178,20:45 - 20:50,649,95,result
2026-08-20,179,20:50 - 20:55,035,14,result
2026-08-20,180,20:55 - 21:00,136,91,result
2026-08-20,181,21:00 - 21:05,518,34,result
2026-08-20,182,21:05 - 21:10,659,62,result
2026-08-20,183,21:10 - 21:15,540,31,result
2026-08-20,184,21:15 - 21:20,858,16,result
2026-08-20,185,21:20 - 21:25,774,42,result
2026-08-20,186,21:25 - 21:30,207,62,result
2026-08-20,187,21:30 - 21:35,610,12,result
2026-08-20,188,21:35 - 21:40,061,32,result
2026-08-20,189,21:40 - 21:45,476,91,result
2026-08-20,190,21:45 - 21:50,961,24,result
2026-08-20,191,21:50 - 21:55,244,74,result
2026-08-20,192,21:55 - 22:00,015,40,result
2026-08-20,193,22:00 - 22:05,186,65,result
2026-08-20,194,22:05 - 22:10,710,19,result
2026-08-20,195,22:10 - 22:15,114,89,result
2026-08-20,196,22:15 - 22:20,170,95,result
2026-08-20,197,22:20 - 22:25,092,77,result
2026-08-20,198,22:25 - 22:30,543,26,result
2026-08-20,199,22:30 - 22:35,225,30,result
2026-08-20,200,22:35 - 22:40,328,69,result
2026-08-20,201,22:40 - 22:45,312,85,result
2026-08-20,202,22:45 - 22:50,703,47,result
2026-08-20,203,22:50 - 22:55,033,43,result
2026-08-20,204,22:55 - 23:00,051,61,result
2026-08-20,205,23:00 - 23:05,114,29,result
2026-08-20,206,23:05 - 23:10,634,60,result
2026-08-20,207,23:10 - 23:15,338,90,result
2026-08-20,208,23:15 - 23:20,573,72,result
2026-08-20,209,23:20 - 23:25,849,98,result
2026-08-20,210,23:25 - 23:30,645,79,result
2026-08-20,211,23:30 - 23:35,563,47,result
2026-08-20,212,23:35 - 23:40,929,52,result
2026-08-20,213,23:40 - 23:45,405,49,result
2026-08-20,214,23:45 - 23:50,820,95,result
2026-08-20,215,23:50 - 23:55,981,52,result
2026-08-20,216,23:55 - 00:00,503,85,result
2026-08-20,217,00:00 - 00:05,885,07,result
2026-08-20,218,00:05 - 00:10,404,43,result
2026-08-20,219,00:10 - 00:15,185,78,result
2026-08-20,220,00:15 - 00:20,546,18,result
2026-08-20,221,00:20 - 00:25,446,93,result
2026-08-20,222,00:25 - 00:30,746,30,result
2026-08-20,223,00:30 - 00:35,414,21,result
2026-08-20,224,00:35 - 00:40,500,29,result
2026-08-20,225,00:40 - 00:45,400,03,result
2026-08-20,226,00:45 - 00:50,122,90,result
2026-08-20,227,00:50 - 00:55,494,43,result
2026-08-20,228,00:55 - 01:00,220,15,result
2026-08-20,229,01:00 - 01:05,393,97,result
2026-08-20,230,01:05 - 01:10,189,33,result
2026-08-20,231,01:10 - 01:15,401,28,result
2026-08-20,232,01:15 - 01:20,484,58,result
2026-08-20,233,01:20 - 01:25,165,27,result
2026-08-20,234,01:25 - 01:30,590,67,result
2026-08-20,235,01:30 - 01:35,258,80,result
2026-08-20,236,01:35 - 01:40,532,21,result
2026-08-20,237,01:40 - 01:45,936,04,result
2026-08-20,238,01:45 - 01:50,061,22,result
2026-08-20,239,01:50 - 01:55,769,81,result
2026-08-20,240,01:55 - 02:00,759,87,result
2026-08-20,241,02:00 - 02:05,513,81,result
2026-08-20,242,02:05 - 02:10,996,98,result
2026-08-20,243,02:10 - 02:15,842,07,result
2026-08-20,244,02:15 - 02:20,908,93,result
2026-08-20,245,02:20 - 02:25,228,45,result
2026-08-20,246,02:25 - 02:30,730,72,result
2026-08-20,247,02:30 - 02:35,650,70,result
2026-08-20,248,02:35 - 02:40,649,09,result
2026-08-20,249,02:40 - 02:45,598,71,result
2026-08-20,250,02:45 - 02:50,635,97,result
2026-08-20,251,02:50 - 02:55,508,58,result
2026-08-20,252,02:55 - 03:00,718,08,result
2026-08-20,253,03:00 - 03:05,562,49,result
2026-08-20,254,03:05 - 03:10,138,35,result
2026-08-20,255,03:10 - 03:15,684,90,result
2026-08-20,256,03:15 - 03:20,729,93,result
2026-08-20,257,03:20 - 03:25,680,07,result
2026-08-20,258,03:25 - 03:30,118,45,result
2026-08-20,259,03:30 - 03:35,928,18,result
2026-08-20,260,03:35 - 03:40,729,05,result
2026-08-20,261,03:40 - 03:45,386,12,result
2026-08-20,262,03:45 - 03:50,963,71,result
2026-08-20,263,03:50 - 03:55,176,45,result
2026-08-20,264,03:55 - 04:00,810,99,result
2026-08-20,265,04:00 - 04:05,263,26,result
2026-08-20,266,04:05 - 04:10,157,43,result
2026-08-20,267,04:10 - 04:15,152,51,result
2026-08-20,268,04:15 - 04:20,906,88,result
2026-08-20,269,04:20 - 04:25,709,51,result
2026-08-20,270,04:25 - 04:30,275,70,result
2026-08-20,271,04:30 - 04:35,800,04,result
2026-08-20,272,04:35 - 04:40,098,13,result
2026-08-20,273,04:40 - 04:45,748,65,result
2026-08-20,274,04:45 - 04:50,726,10,result
2026-08-20,275,04:50 - 04:55,342,72,result
2026-08-20,276,04:55 - 05:00,034,21,result
2026-08-20,277,05:00 - 05:05,283,56,result
2026-08-20,278,05:05 - 05:10,650,32,result
2026-08-20,279,05:10 - 05:15,090,37,result
2026-08-20,280,05:15 - 05:20,153,36,result
2026-08-20,281,05:20 - 05:25,087,57,result
2026-08-20,282,05:25 - 05:30,756,63,result
2026-08-20,283,05:30 - 05:35,109,54,result
2026-08-20,284,05:35 - 05:40,760,10,result
2026-08-20,285,05:40 - 05:45,943,48,result
2026-08-20,286,05:45 - 05:50,011,47,result
2026-08-20,287,05:50 - 05:55,579,24,result
2026-08-20,288,05:55 - 06:00,972,39,result
2026-08-21,1,06:00 - 06:05,522,62,result
2026-08-21,2,06:05 - 06:10,808,54,result
2026-08-21,3,06:10 - 06:15,517,92,result
2026-08-21,4,06:15 - 06:20,712,36,result
2026-08-21,5,06:20 - 06:25,125,60,result
2026-08-21,6,06:25 - 06:30,052,77,result
2026-08-21,7,06:30 - 06:35,681,56,result
2026-08-21,8,06:35 - 06:40,869,99,result
2026-08-21,9,06:40 - 06:45,847,33,result
2026-08-21,10,06:45 - 06:50,934,06,result
2026-08-21,11,06:50 - 06:55,562,51,result
2026-08-21,12,06:55 - 07:00,763,30,result
2026-08-21,13,07:00 - 07:05,390,44,result
2026-08-21,14,07:05 - 07:10,715,32,result
2026-08-21,15,07:10 - 07:15,232,96,result
2026-08-21,16,07:15 - 07:20,382,49,result
2026-08-21,17,07:20 - 07:25,905,87,result
2026-08-21,18,07:25 - 07:30,592,83,result
2026-08-21,19,07:30 - 07:35,141,88,result
2026-08-21,20,07:35 - 07:40,556,56,result
2026-08-21,21,07:40 - 07:45,600,10,result
2026-08-21,22,07:45 - 07:50,300,98,result
2026-08-21,23,07:50 - 07:55,342,87,result
2026-08-21,24,07:55 - 08:00,385,31,result
2026-08-21,25,08:00 - 08:05,645,07,result
2026-08-21,26,08:05 - 08:10,492,67,result
2026-08-21,27,08:10 - 08:15,208,27,result
2026-08-21,28,08:15 - 08:20,950,77,result
2026-08-21,29,08:20 - 08:25,915,02,result
2026-08-21,30,08:25 - 08:30,287,50,result
2026-08-21,31,08:30 - 08:35,395,38,result
2026-08-21,32,08:35 - 08:40,877,47,result
2026-08-21,33,08:40 - 08:45,145,71,result
2026-08-21,34,08:45 - 08:50,382,75,result
2026-08-21,35,08:50 - 08:55,904,23,result
2026-08-21,36,08:55 - 09:00,595,62,result
2026-08-21,37,09:00 - 09:05,303,52,result
2026-08-21,38,09:05 - 09:10,298,99,result
2026-08-21,39,09:10 - 09:15,677,29,result
2026-08-21,40,09:15 - 09:20,067,76,result
2026-08-21,41,09:20 - 09:25,122,22,result
2026-08-21,42,09:25 - 09:30,368,01,result
2026-08-21,43,09:30 - 09:35,273,51,result
2026-08-21,44,09:35 - 09:40,234,55,result
2026-08-21,45,09:40 - 09:45,437,22,result
2026-08-21,46,09:45 - 09:50,060,72,result
2026-08-21,47,09:50 - 09:55,690,36,result
2026-08-21,48,09:55 - 10:00,271,31,result
2026-08-21,49,10:00 - 10:05,525,67,result
2026-08-21,50,10:05 - 10:10,592,45,result
2026-08-21,51,10:10 - 10:15,599,55,result
2026-08-21,52,10:15 - 10:20,492,80,result
2026-08-21,53,10:20 - 10:25,386,05,result
2026-08-21,54,10:25 - 10:30,545,77,result
2026-08-21,55,10:30 - 10:35,060,15,result
2026-08-21,56,10:35 - 10:40,438,14,result
2026-08-21,57,10:40 - 10:45,222,40,result
2026-08-21,58,10:45 - 10:50,391,68,result
2026-08-21,59,10:50 - 10:55,499,00,result
2026-08-21,60,10:55 - 11:00,059,29,result
2026-08-21,61,11:00 - 11:05,825,58,result
2026-08-21,62,11:05 - 11:10,839,05,result
2026-08-21,63,11:10 - 11:15,997,45,result
2026-08-21,64,11:15 - 11:20,239,14,result
2026-08-21,65,11:20 - 11:25,007,86,result
2026-08-21,66,11:25 - 11:30,106,65,result
2026-08-21,67,11:30 - 11:35,506,13,result
2026-08-21,68,11:35 - 11:40,636,69,result
2026-08-21,69,11:40 - 11:45,385,14,result
2026-08-21,70,11:45 - 11:50,656,93,result
2026-08-21,71,11:50 - 11:55,703,17,result
2026-08-21,72,11:55 - 12:00,803,24,result
2026-08-21,73,12:00 - 12:05,185,68,result
2026-08-21,74,12:05 - 12:10,395,11,result
2026-08-21,75,12:10 - 12:15,269,29,result
2026-08-21,76,12:15 - 12:20,181,30,result
2026-08-21,77,12:20 - 12:25,829,49,result
2026-08-21,78,12:25 - 12:30,741,38,result
2026-08-21,79,12:30 - 12:35,775,39,result
2026-08-21,80,12:35 - 12:40,967,92,result
2026-08-21,81,12:40 - 12:45,746,35,result
2026-08-21,82,12:45 - 12:50,496,54,result
2026-08-21,83,12:50 - 12:55,722,64,result
2026-08-21,84,12:55 - 13:00,629,34,result
2026-08-21,85,13:00 - 13:05,726,32,result
2026-08-21,86,13:05 - 13:10,774,91,result
2026-08-21,87,13:10 - 13:15,404,36,result
2026-08-21,88,13:15 - 13:20,601,01,result
2026-08-21,89,13:20 - 13:25,539,30,result
2026-08-21,90,13:25 - 13:30,503,18,result
2026-08-21,91,13:30 - 13:35,774,91,result
2026-08-21,92,13:35 - 13:40,158,32,result
2026-08-21,93,13:40 - 13:45,279,15,result
2026-08-21,94,13:45 - 13:50,563,09,result
2026-08-21,95,13:50 - 13:55,090,92,result
2026-08-21,96,13:55 - 14:00,433,33,result
2026-08-21,97,14:00 - 14:05,702,36,result
2026-08-21,98,14:05 - 14:10,715,73,result
2026-08-21,99,14:10 - 14:15,473,71,result
2026-08-21,100,14:15 - 14:20,163,44,result
2026-08-21,101,14:20 - 14:25,317,30,result
2026-08-21,102,14:25 - 14:30,052,22,result
2026-08-21,103,14:30 - 14:35,061,23,result
2026-08-21,104,14:35 - 14:40,027,33,result
2026-08-21,105,14:40 - 14:45,441,55,result
2026-08-21,106,14:45 - 14:50,083,62,result
2026-08-21,107,14:50 - 14:55,044,44,result
2026-08-21,108,14:55 - 15:00,796,67,result
2026-08-21,109,15:00 - 15:05,599,45,result
2026-08-21,110,15:05 - 15:10,578,37,result
2026-08-21,111,15:10 - 15:15,823,56,result
2026-08-21,112,15:15 - 15:20,021,55,result
2026-08-21,113,15:20 - 15:25,405,83,result
2026-08-21,114,15:25 - 15:30,153,17,result
2026-08-21,115,15:30 - 15:35,538,33,result
2026-08-21,116,15:35 - 15:40,808,65,result
2026-08-21,117,15:40 - 15:45,303,73,result
2026-08-21,118,15:45 - 15:50,991,83,result
2026-08-21,119,15:50 - 15:55,913,45,result
2026-08-21,120,15:55 - 16:00,701,37,result
2026-08-21,121,16:00 - 16:05,956,22,result
2026-08-21,122,16:05 - 16:10,142,18,result
2026-08-21,123,16:10 - 16:15,832,32,result
2026-08-21,124,16:15 - 16:20,490,50,result
2026-08-21,125,16:20 - 16:25,311,56,result
2026-08-21,126,16:25 - 16:30,617,71,result
2026-08-21,127,16:30 - 16:35,059,51,result
2026-08-21,128,16:35 - 16:40,617,88,result
2026-08-21,129,16:40 - 16:45,778,76,result
2026-08-21,130,16:45 - 16:50,307,39,result
2026-08-21,131,16:50 - 16:55,193,55,result
2026-08-21,132,16:55 - 17:00,475,47,result
2026-08-21,133,17:00 - 17:05,187,46,result
2026-08-21,134,17:05 - 17:10,604,24,result
2026-08-21,135,17:10 - 17:15,244,94,result
2026-08-21,136,17:15 - 17:20,405,32,result
2026-08-21,137,17:20 - 17:25,505,50,result
2026-08-21,138,17:25 - 17:30,206,28,result
2026-08-21,139,17:30 - 17:35,883,36,result
2026-08-21,140,17:35 - 17:40,461,60,result
2026-08-21,141,17:40 - 17:45,303,24,result
2026-08-21,142,17:45 - 17:50,876,09,result
2026-08-21,143,17:50 - 17:55,000,43,result
2026-08-21,144,17:55 - 18:00,243,00,result
2026-08-21,145,18:00 - 18:05,941,09,result
2026-08-21,146,18:05 - 18:10,337,66,result
2026-08-21,147,18:10 - 18:15,552,95,result
2026-08-21,148,18:15 - 18:20,276,32,result
2026-08-21,149,18:20 - 18:25,196,18,result
2026-08-21,150,18:25 - 18:30,376,37,result
2026-08-21,151,18:30 - 18:35,804,26,result
2026-08-21,152,18:35 - 18:40,400,41,result
2026-08-21,153,18:40 - 18:45,885,51,result
2026-08-21,154,18:45 - 18:50,142,07,result
2026-08-21,155,18:50 - 18:55,769,66,result
2026-08-21,156,18:55 - 19:00,657,30,result
2026-08-21,157,19:00 - 19:05,085,31,result
2026-08-21,158,19:05 - 19:10,290,58,result
2026-08-21,159,19:10 - 19:15,704,19,result
2026-08-21,160,19:15 - 19:20,992,01,result
2026-08-21,161,19:20 - 19:25,754,85,result
2026-08-21,162,19:25 - 19:30,390,45,result
2026-08-21,163,19:30 - 19:35,558,47,result
2026-08-21,164,19:35 - 19:40,468,30,result
2026-08-21,165,19:40 - 19:45,013,80,result
2026-08-21,166,19:45 - 19:50,529,50,result
2026-08-21,167,19:50 - 19:55,745,57,result
2026-08-21,168,19:55 - 20:00,991,92,result
2026-08-21,169,20:00 - 20:05,435,80,result
2026-08-21,170,20:05 - 20:10,679,15,result
2026-08-21,171,20:10 - 20:15,695,77,result
2026-08-21,172,20:15 - 20:20,840,90,result
2026-08-21,173,20:20 - 20:25,957,82,result
2026-08-21,174,20:25 - 20:30,824,42,result
2026-08-21,175,20:30 - 20:35,194,39,result
2026-08-21,176,20:35 - 20:40,562,90,result
2026-08-21,177,20:40 - 20:45,348,29,result
2026-08-21,178,20:45 - 20:50,538,69,result
2026-08-21,179,20:50 - 20:55,829,47,result
2026-08-21,180,20:55 - 21:00,046,23,result
2026-08-21,181,21:00 - 21:05,418,14,result
2026-08-21,182,21:05 - 21:10,026,59,result
2026-08-21,183,21:10 - 21:15,218,31,result
2026-08-21,184,21:15 - 21:20,772,02,result
2026-08-21,185,21:20 - 21:25,962,56,result
2026-08-21,186,21:25 - 21:30,938,15,result
2026-08-21,187,21:30 - 21:35,366,37,result
2026-08-21,188,21:35 - 21:40,231,37,result
2026-08-21,189,21:40 - 21:45,868,27,result
2026-08-21,190,21:45 - 21:50,616,32,result
2026-08-21,191,21:50 - 21:55,189,00,result
2026-08-21,192,21:55 - 22:00,235,23,result
2026-08-21,193,22:00 - 22:05,739,33,result
2026-08-21,194,22:05 - 22:10,679,54,result
2026-08-21,195,22:10 - 22:15,096,81,result
2026-08-21,196,22:15 - 22:20,105,87,result
2026-08-21,197,22:20 - 22:25,540,77,result
2026-08-21,198,22:25 - 22:30,627,91,result
2026-08-21,199,22:30 - 22:35,469,50,result
2026-08-21,200,22:35 - 22:40,207,92,result
2026-08-21,201,22:40 - 22:45,788,63,result
2026-08-21,202,22:45 - 22:50,476,17,result
2026-08-21,203,22:50 - 22:55,401,34,result
2026-08-21,204,22:55 - 23:00,313,17,result
2026-08-21,205,23:00 - 23:05,870,26,result
2026-08-21,206,23:05 - 23:10,399,71,result
2026-08-21,207,23:10 - 23:15,036,56,result
2026-08-21,208,23:15 - 23:20,594,96,result
2026-08-21,209,23:20 - 23:25,365,00,result
2026-08-21,210,23:25 - 23:30,648,11,result
2026-08-21,211,23:30 - 23:35,260,58,result
2026-08-21,212,23:35 - 23:40,242,27,result
2026-08-21,213,23:40 - 23:45,244,80,result
2026-08-21,214,23:45 - 23:50,638,26,result
2026-08-21,215,23:50 - 23:55,930,61,result
2026-08-21,216,23:55 - 00:00,034,57,result
2026-08-21,217,00:00 - 00:05,125,13,result
2026-08-21,218,00:05 - 00:10,935,85,result
2026-08-21,219,00:10 - 00:15,793,60,result
2026-08-21,220,00:15 - 00:20,487,40,result
2026-08-21,221,00:20 - 00:25,157,96,result
2026-08-21,222,00:25 - 00:30,305,05,result
2026-08-21,223,00:30 - 00:35,728,63,result
2026-08-21,224,00:35 - 00:40,961,12,result
2026-08-21,225,00:40 - 00:45,606,52,result
2026-08-21,226,00:45 - 00:50,350,17,result
2026-08-21,227,00:50 - 00:55,773,35,result
2026-08-21,228,00:55 - 01:00,602,21,result
2026-08-21,229,01:00 - 01:05,262,34,result
2026-08-21,230,01:05 - 01:10,307,95,result
2026-08-21,231,01:10 - 01:15,652,40,result
2026-08-21,232,01:15 - 01:20,973,76,result
2026-08-21,233,01:20 - 01:25,720,35,result
2026-08-21,234,01:25 - 01:30,557,59,result
2026-08-21,235,01:30 - 01:35,292,66,result
2026-08-21,236,01:35 - 01:40,685,80,result
2026-08-21,237,01:40 - 01:45,153,91,result
2026-08-21,238,01:45 - 01:50,838,46,result
2026-08-21,239,01:50 - 01:55,467,71,result
2026-08-21,240,01:55 - 02:00,499,20,result
2026-08-21,241,02:00 - 02:05,206,90,result
2026-08-21,242,02:05 - 02:10,877,40,result
2026-08-21,243,02:10 - 02:15,806,18,result
2026-08-21,244,02:15 - 02:20,665,67,result
2026-08-21,245,02:20 - 02:25,842,34,result
2026-08-21,246,02:25 - 02:30,982,88,result
2026-08-21,247,02:30 - 02:35,330,59,result
2026-08-21,248,02:35 - 02:40,032,55,result
2026-08-21,249,02:40 - 02:45,873,22,result
2026-08-21,250,02:45 - 02:50,920,88,result
2026-08-21,251,02:50 - 02:55,855,26,result
2026-08-21,252,02:55 - 03:00,432,56,result
2026-08-21,253,03:00 - 03:05,417,26,result
2026-08-21,254,03:05 - 03:10,464,62,result
2026-08-21,255,03:10 - 03:15,779,76,result
2026-08-21,256,03:15 - 03:20,190,20,result
2026-08-21,257,03:20 - 03:25,870,84,result
2026-08-21,258,03:25 - 03:30,007,86,result
2026-08-21,259,03:30 - 03:35,374,83,result
2026-08-21,260,03:35 - 03:40,566,38,result
2026-08-21,261,03:40 - 03:45,350,68,result
2026-08-21,262,03:45 - 03:50,090,49,result
2026-08-21,263,03:50 - 03:55,019,20,result
2026-08-21,264,03:55 - 04:00,417,46,result
2026-08-21,265,04:00 - 04:05,678,39,result
2026-08-21,266,04:05 - 04:10,227,27,result
2026-08-21,267,04:10 - 04:15,793,57,result
2026-08-21,268,04:15 - 04:20,219,83,result
2026-08-21,269,04:20 - 04:25,077,69,result
2026-08-21,270,04:25 - 04:30,699,52,result
2026-08-21,271,04:30 - 04:35,422,32,result
2026-08-21,272,04:35 - 04:40,200,83,result
2026-08-21,273,04:40 - 04:45,402,85,result
2026-08-21,274,04:45 - 04:50,269,69,result
2026-08-21,275,04:50 - 04:55,508,16,result
2026-08-21,276,04:55 - 05:00,767,95,result
2026-08-21,277,05:00 - 05:05,897,64,result
2026-08-21,278,05:05 - 05:10,831,55,result
2026-08-21,279,05:10 - 05:15,753,04,result
2026-08-21,280,05:15 - 05:20,052,80,result
2026-08-21,281,05:20 - 05:25,865,96,result
2026-08-21,282,05:25 - 05:30,511,40,result
2026-08-21,283,05:30 - 05:35,009,93,result
2026-08-21,284,05:35 - 05:40,933,70,result
2026-08-21,285,05:40 - 05:45,770,86,result
2026-08-21,286,05:45 - 05:50,559,19,result
2026-08-21,287,05:50 - 05:55,976,40,result
2026-08-21,288,05:55 - 06:00,403,64,result
2026-08-22,1,06:00 - 06:05,194,33,result
2026-08-22,2,06:05 - 06:10,435,99,result
2026-08-22,3,06:10 - 06:15,048,52,result
2026-08-22,4,06:15 - 06:20,765,55,result
2026-08-22,5,06:20 - 06:25,631,60,result
2026-08-22,6,06:25 - 06:30,789,51,result
2026-08-22,7,06:30 - 06:35,858,51,result
2026-08-22,8,06:35 - 06:40,197,71,result
2026-08-22,9,06:40 - 06:45,696,60,result
2026-08-22,10,06:45 - 06:50,805,05,result
2026-08-22,11,06:50 - 06:55,942,00,result
2026-08-22,12,06:55 - 07:00,598,58,result
2026-08-22,13,07:00 - 07:05,499,27,result
2026-08-22,14,07:05 - 07:10,683,31,result
2026-08-22,15,07:10 - 07:15,475,07,result
2026-08-22,16,07:15 - 07:20,257,61,result
2026-08-22,17,07:20 - 07:25,005,89,result
2026-08-22,18,07:25 - 07:30,666,06,result
2026-08-22,19,07:30 - 07:35,892,97,result
2026-08-22,20,07:35 - 07:40,411,07,result
2026-08-22,21,07:40 - 07:45,168,70,result
2026-08-22,22,07:45 - 07:50,254,38,result
2026-08-22,23,07:50 - 07:55,078,13,result
2026-08-22,24,07:55 - 08:00,802,74,result
2026-08-22,25,08:00 - 08:05,186,96,result
2026-08-22,26,08:05 - 08:10,409,77,result
2026-08-22,27,08:10 - 08:15,779,04,result
2026-08-22,28,08:15 - 08:20,051,43,result
2026-08-22,29,08:20 - 08:25,214,55,result
2026-08-22,30,08:25 - 08:30,909,97,result
2026-08-22,31,08:30 - 08:35,228,62,result
2026-08-22,32,08:35 - 08:40,880,18,result
2026-08-22,33,08:40 - 08:45,837,50,result
2026-08-22,34,08:45 - 08:50,621,24,result
2026-08-22,35,08:50 - 08:55,545,53,result
2026-08-22,36,08:55 - 09:00,648,65,result
2026-08-22,37,09:00 - 09:05,300,35,result
2026-08-22,38,09:05 - 09:10,759,50,result
2026-08-22,39,09:10 - 09:15,519,92,result
2026-08-22,40,09:15 - 09:20,495,34,result
2026-08-22,41,09:20 - 09:25,267,99,result
2026-08-22,42,09:25 - 09:30,958,76,result
2026-08-22,43,09:30 - 09:35,677,00,result
2026-08-22,44,09:35 - 09:40,997,44,result
2026-08-22,45,09:40 - 09:45,524,18,result
2026-08-22,46,09:45 - 09:50,186,66,result
2026-08-22,47,09:50 - 09:55,185,05,result
2026-08-22,48,09:55 - 10:00,216,75,result
2026-08-22,49,10:00 - 10:05,623,75,result
2026-08-22,50,10:05 - 10:10,522,94,result
2026-08-22,51,10:10 - 10:15,746,95,result
2026-08-22,52,10:15 - 10:20,808,06,result
2026-08-22,53,10:20 - 10:25,998,22,result
2026-08-22,54,10:25 - 10:30,907,43,result
2026-08-22,55,10:30 - 10:35,520,01,result
2026-08-22,56,10:35 - 10:40,859,30,result
2026-08-22,57,10:40 - 10:45,590,76,result
2026-08-22,58,10:45 - 10:50,744,07,result
2026-08-22,59,10:50 - 10:55,537,11,result
2026-08-22,60,10:55 - 11:00,010,76,result
2026-08-22,61,11:00 - 11:05,172,49,result
2026-08-22,62,11:05 - 11:10,067,60,result
2026-08-22,63,11:10 - 11:15,794,04,result
2026-08-22,64,11:15 - 11:20,895,00,result
2026-08-22,65,11:20 - 11:25,779,52,result
2026-08-22,66,11:25 - 11:30,375,51,result
2026-08-22,67,11:30 - 11:35,906,88,result
2026-08-22,68,11:35 - 11:40,845,58,result
2026-08-22,69,11:40 - 11:45,403,98,result
2026-08-22,70,11:45 - 11:50,021,57,result
2026-08-22,71,11:50 - 11:55,948,80,result
2026-08-22,72,11:55 - 12:00,057,34,result
2026-08-22,73,12:00 - 12:05,543,92,result
2026-08-22,74,12:05 - 12:10,895,71,result
2026-08-22,75,12:10 - 12:15,071,11,result
2026-08-22,76,12:15 - 12:20,062,81,result
2026-08-22,77,12:20 - 12:25,479,98,result
2026-08-22,78,12:25 - 12:30,486,07,result
2026-08-22,79,12:30 - 12:35,468,80,result
2026-08-22,80,12:35 - 12:40,609,60,result
2026-08-22,81,12:40 - 12:45,064,76,result
2026-08-22,82,12:45 - 12:50,897,46,result
2026-08-22,83,12:50 - 12:55,373,08,result
2026-08-22,84,12:55 - 13:00,557,61,result
2026-08-22,85,13:00 - 13:05,727,05,result
2026-08-22,86,13:05 - 13:10,141,85,result
2026-08-22,87,13:10 - 13:15,099,93,result
2026-08-22,88,13:15 - 13:20,665,04,result
2026-08-22,89,13:20 - 13:25,740,65,result
2026-08-22,90,13:25 - 13:30,136,28,result
2026-08-22,91,13:30 - 13:35,518,17,result
2026-08-22,92,13:35 - 13:40,548,28,result
2026-08-22,93,13:40 - 13:45,661,62,result
2026-08-22,94,13:45 - 13:50,980,48,result
2026-08-22,95,13:50 - 13:55,585,13,result
2026-08-22,96,13:55 - 14:00,925,60,result
2026-08-22,97,14:00 - 14:05,356,53,result
2026-08-22,98,14:05 - 14:10,879,48,result
2026-08-22,99,14:10 - 14:15,308,85,result
2026-08-22,100,14:15 - 14:20,630,58,result
2026-08-22,101,14:20 - 14:25,769,85,result
2026-08-22,102,14:25 - 14:30,034,79,result
2026-08-22,103,14:30 - 14:35,467,61,result
2026-08-22,104,14:35 - 14:40,097,12,result
2026-08-22,105,14:40 - 14:45,679,12,result
2026-08-22,106,14:45 - 14:50,244,17,result
2026-08-22,107,14:50 - 14:55,258,15,result
2026-08-22,108,14:55 - 15:00,821,31,result
2026-08-22,109,15:00 - 15:05,719,44,result
2026-08-22,110,15:05 - 15:10,372,38,result
2026-08-22,111,15:10 - 15:15,407,13,result
2026-08-22,112,15:15 - 15:20,041,71,result
2026-08-22,113,15:20 - 15:25,365,58,result
2026-08-22,114,15:25 - 15:30,409,68,result
2026-08-22,115,15:30 - 15:35,206,88,result
2026-08-22,116,15:35 - 15:40,983,16,result
2026-08-22,117,15:40 - 15:45,854,39,result
2026-08-22,118,15:45 - 15:50,471,47,result
2026-08-22,119,15:50 - 15:55,602,74,result
2026-08-22,120,15:55 - 16:00,555,27,result
2026-08-22,121,16:00 - 16:05,717,51,result
2026-08-22,122,16:05 - 16:10,909,10,result
2026-08-22,123,16:10 - 16:15,382,08,result
2026-08-22,124,16:15 - 16:20,727,96,result
2026-08-22,125,16:20 - 16:25,707,17,result
2026-08-22,126,16:25 - 16:30,233,29,result
2026-08-22,127,16:30 - 16:35,656,33,result
2026-08-22,128,16:35 - 16:40,999,68,result
2026-08-22,129,16:40 - 16:45,758,64,result
2026-08-22,130,16:45 - 16:50,555,12,result
2026-08-22,131,16:50 - 16:55,673,58,result
2026-08-22,132,16:55 - 17:00,864,58,result
2026-08-22,133,17:00 - 17:05,068,74,result
2026-08-22,134,17:05 - 17:10,011,25,result
2026-08-22,135,17:10 - 17:15,966,63,result
2026-08-22,136,17:15 - 17:20,779,22,result
2026-08-22,137,17:20 - 17:25,426,05,result
2026-08-22,138,17:25 - 17:30,454,03,result
2026-08-22,139,17:30 - 17:35,868,32,result
2026-08-22,140,17:35 - 17:40,024,90,result
2026-08-22,141,17:40 - 17:45,628,22,result
2026-08-22,142,17:45 - 17:50,577,88,result
2026-08-22,143,17:50 - 17:55,162,38,result
2026-08-22,144,17:55 - 18:00,083,69,result
2026-08-22,145,18:00 - 18:05,788,93,result
2026-08-22,146,18:05 - 18:10,097,02,result
2026-08-22,147,18:10 - 18:15,610,33,result
2026-08-22,148,18:15 - 18:20,996,08,result
2026-08-22,149,18:20 - 18:25,841,21,result
2026-08-22,150,18:25 - 18:30,933,96,result
2026-08-22,151,18:30 - 18:35,466,39,result
2026-08-22,152,18:35 - 18:40,319,12,result
2026-08-22,153,18:40 - 18:45,055,68,result
2026-08-22,154,18:45 - 18:50,435,64,result
2026-08-22,155,18:50 - 18:55,291,40,result
2026-08-22,156,18:55 - 19:00,287,51,result
2026-08-22,157,19:00 - 19:05,760,49,result
2026-08-22,158,19:05 - 19:10,691,49,result
2026-08-22,159,19:10 - 19:15,797,57,result
2026-08-22,160,19:15 - 19:20,718,26,result
2026-08-22,161,19:20 - 19:25,651,31,result
2026-08-22,162,19:25 - 19:30,532,97,result
2026-08-22,163,19:30 - 19:35,959,25,result
2026-08-22,164,19:35 - 19:40,618,33,result
2026-08-22,165,19:40 - 19:45,068,59,result
2026-08-22,166,19:45 - 19:50,140,72,result
2026-08-22,167,19:50 - 19:55,093,70,result
2026-08-22,168,19:55 - 20:00,123,27,result
2026-08-22,169,20:00 - 20:05,111,31,result
2026-08-22,170,20:05 - 20:10,771,71,result
2026-08-22,171,20:10 - 20:15,044,08,result
2026-08-22,172,20:15 - 20:20,663,35,result
2026-08-22,173,20:20 - 20:25,198,06,result
2026-08-22,174,20:25 - 20:30,226,69,result
2026-08-22,175,20:30 - 20:35,867,93,result
2026-08-22,176,20:35 - 20:40,197,56,result
2026-08-22,177,20:40 - 20:45,263,15,result
2026-08-22,178,20:45 - 20:50,366,55,result
2026-08-22,179,20:50 - 20:55,205,43,result
2026-08-22,180,20:55 - 21:00,605,02,result
2026-08-22,181,21:00 - 21:05,976,92,result
2026-08-22,182,21:05 - 21:10,147,39,result
2026-08-22,183,21:10 - 21:15,965,81,result
2026-08-22,184,21:15 - 21:20,485,71,result
2026-08-22,185,21:20 - 21:25,417,66,result
2026-08-22,186,21:25 - 21:30,624,31,result
2026-08-22,187,21:30 - 21:35,800,12,result
2026-08-22,188,21:35 - 21:40,555,58,result
2026-08-22,189,21:40 - 21:45,551,72,result
2026-08-22,190,21:45 - 21:50,109,12,result
2026-08-22,191,21:50 - 21:55,249,86,result
2026-08-22,192,21:55 - 22:00,001,05,result
2026-08-22,193,22:00 - 22:05,845,69,result
2026-08-22,194,22:05 - 22:10,414,96,result
2026-08-22,195,22:10 - 22:15,921,27,result
2026-08-22,196,22:15 - 22:20,628,79,result
2026-08-22,197,22:20 - 22:25,072,48,result
2026-08-22,198,22:25 - 22:30,801,31,result
2026-08-22,199,22:30 - 22:35,554,87,result
2026-08-22,200,22:35 - 22:40,742,31,result
2026-08-22,201,22:40 - 22:45,539,41,result
2026-08-22,202,22:45 - 22:50,728,63,result
2026-08-22,203,22:50 - 22:55,931,05,result
2026-08-22,204,22:55 - 23:00,257,09,result
2026-08-22,205,23:00 - 23:05,399,71,result
2026-08-22,206,23:05 - 23:10,870,29,result
2026-08-22,207,23:10 - 23:15,047,15,result
2026-08-22,208,23:15 - 23:20,657,99,result
2026-08-22,209,23:20 - 23:25,158,86,result
2026-08-22,210,23:25 - 23:30,965,49,result
2026-08-22,211,23:30 - 23:35,048,40,result
2026-08-22,212,23:35 - 23:40,977,64,result
2026-08-22,213,23:40 - 23:45,385,23,result
2026-08-22,214,23:45 - 23:50,190,56,result
2026-08-22,215,23:50 - 23:55,752,59,result
2026-08-22,216,23:55 - 00:00,773,97,result
2026-08-22,217,00:00 - 00:05,695,95,result
2026-08-22,218,00:05 - 00:10,225,91,result
2026-08-22,219,00:10 - 00:15,762,38,result
2026-08-22,220,00:15 - 00:20,489,57,result
2026-08-22,221,00:20 - 00:25,049,11,result
2026-08-22,222,00:25 - 00:30,175,55,result
2026-08-22,223,00:30 - 00:35,357,00,result
2026-08-22,224,00:35 - 00:40,399,50,result
2026-08-22,225,00:40 - 00:45,331,37,result
2026-08-22,226,00:45 - 00:50,854,82,result
2026-08-22,227,00:50 - 00:55,701,46,result
2026-08-22,228,00:55 - 01:00,863,54,result
2026-08-22,229,01:00 - 01:05,913,54,result
2026-08-22,230,01:05 - 01:10,476,01,result
2026-08-22,231,01:10 - 01:15,282,42,result
2026-08-22,232,01:15 - 01:20,111,94,result
2026-08-22,233,01:20 - 01:25,698,25,result
2026-08-22,234,01:25 - 01:30,139,05,result
2026-08-22,235,01:30 - 01:35,860,31,result
2026-08-22,236,01:35 - 01:40,420,84,result
2026-08-22,237,01:40 - 01:45,033,91,result
2026-08-22,238,01:45 - 01:50,622,33,result
2026-08-22,239,01:50 - 01:55,857,02,result
2026-08-22,240,01:55 - 02:00,948,92,result
2026-08-22,241,02:00 - 02:05,062,50,result
2026-08-22,242,02:05 - 02:10,599,15,result
2026-08-22,243,02:10 - 02:15,658,84,result
2026-08-22,244,02:15 - 02:20,402,49,result
2026-08-22,245,02:20 - 02:25,349,88,result
2026-08-22,246,02:25 - 02:30,827,21,result
2026-08-22,247,02:30 - 02:35,872,49,result
2026-08-22,248,02:35 - 02:40,134,51,result
2026-08-22,249,02:40 - 02:45,415,65,result
2026-08-22,250,02:45 - 02:50,819,71,result
2026-08-22,251,02:50 - 02:55,363,50,result
2026-08-22,252,02:55 - 03:00,301,14,result
2026-08-22,253,03:00 - 03:05,289,71,result
2026-08-22,254,03:05 - 03:10,905,15,result
2026-08-22,255,03:10 - 03:15,795,29,result
2026-08-22,256,03:15 - 03:20,369,01,result
2026-08-22,257,03:20 - 03:25,625,93,result
2026-08-22,258,03:25 - 03:30,863,73,result
2026-08-22,259,03:30 - 03:35,562,55,result
2026-08-22,260,03:35 - 03:40,805,94,result
2026-08-22,261,03:40 - 03:45,603,55,result
2026-08-22,262,03:45 - 03:50,085,77,result
2026-08-22,263,03:50 - 03:55,358,62,result
2026-08-22,264,03:55 - 04:00,843,78,result
2026-08-22,265,04:00 - 04:05,386,37,result
2026-08-22,266,04:05 - 04:10,520,40,result
2026-08-22,267,04:10 - 04:15,100,78,result
2026-08-22,268,04:15 - 04:20,208,83,result
2026-08-22,269,04:20 - 04:25,757,64,result
2026-08-22,270,04:25 - 04:30,469,70,result
2026-08-22,271,04:30 - 04:35,665,85,result
2026-08-22,272,04:35 - 04:40,226,57,result
2026-08-22,273,04:40 - 04:45,571,69,result
2026-08-22,274,04:45 - 04:50,076,35,result
2026-08-22,275,04:50 - 04:55,579,97,result
2026-08-22,276,04:55 - 05:00,634,43,result
2026-08-22,277,05:00 - 05:05,626,69,result
2026-08-22,278,05:05 - 05:10,176,30,result
2026-08-22,279,05:10 - 05:15,203,06,result
2026-08-22,280,05:15 - 05:20,860,78,result
2026-08-22,281,05:20 - 05:25,371,63,result
2026-08-22,282,05:25 - 05:30,737,53,result
2026-08-22,283,05:30 - 05:35,341,36,result
2026-08-22,284,05:35 - 05:40,537,47,result
2026-08-22,285,05:40 - 05:45,621,26,result
2026-08-22,286,05:45 - 05:50,900,53,result
2026-08-22,287,05:50 - 05:55,399,85,result
2026-08-22,288,05:55 - 06:00,690,88,result
2026-08-23,1,06:00 - 06:05,552,35,result
2026-08-23,2,06:05 - 06:10,323,69,result
2026-08-23,3,06:10 - 06:15,654,32,result
2026-08-23,4,06:15 - 06:20,268,45,result
2026-08-23,5,06:20 - 06:25,880,15,result
2026-08-23,6,06:25 - 06:30,377,82,result
2026-08-23,7,06:30 - 06:35,842,99,result
2026-08-23,8,06:35 - 06:40,879,74,result
2026-08-23,9,06:40 - 06:45,758,84,result
2026-08-23,10,06:45 - 06:50,031,02,result
2026-08-23,11,06:50 - 06:55,688,12,result
2026-08-23,12,06:55 - 07:00,652,60,result
2026-08-23,13,07:00 - 07:05,318,21,result
2026-08-23,14,07:05 - 07:10,935,44,result
2026-08-23,15,07:10 - 07:15,969,98,result
2026-08-23,16,07:15 - 07:20,546,36,result
2026-08-23,17,07:20 - 07:25,924,41,result
2026-08-23,18,07:25 - 07:30,181,89,result
2026-08-23,19,07:30 - 07:35,997,00,result
2026-08-23,20,07:35 - 07:40,201,10,result
2026-08-23,21,07:40 - 07:45,834,24,result
2026-08-23,22,07:45 - 07:50,789,55,result
2026-08-23,23,07:50 - 07:55,238,61,result
2026-08-23,24,07:55 - 08:00,647,26,result
2026-08-23,25,08:00 - 08:05,881,44,result
2026-08-23,26,08:05 - 08:10,902,48,result
2026-08-23,27,08:10 - 08:15,253,43,result
2026-08-23,28,08:15 - 08:20,741,76,result
2026-08-23,29,08:20 - 08:25,931,59,result
2026-08-23,30,08:25 - 08:30,295,40,result
2026-08-23,31,08:30 - 08:35,739,30,result
2026-08-23,32,08:35 - 08:40,370,98,result
2026-08-23,33,08:40 - 08:45,477,71,result
2026-08-23,34,08:45 - 08:50,501,85,result
2026-08-23,35,08:50 - 08:55,913,67,result
2026-08-23,36,08:55 - 09:00,245,28,result
2026-08-23,37,09:00 - 09:05,494,05,result
2026-08-23,38,09:05 - 09:10,442,10,result
2026-08-23,39,09:10 - 09:15,648,72,result
2026-08-23,40,09:15 - 09:20,818,39,result
2026-08-23,41,09:20 - 09:25,855,03,result
2026-08-23,42,09:25 - 09:30,347,62,result
2026-08-23,43,09:30 - 09:35,095,30,result
2026-08-23,44,09:35 - 09:40,286,82,result
2026-08-23,45,09:40 - 09:45,058,52,result
2026-08-23,46,09:45 - 09:50,935,62,result
2026-08-23,47,09:50 - 09:55,174,41,result
2026-08-23,48,09:55 - 10:00,937,74,result
2026-08-23,49,10:00 - 10:05,636,35,result
2026-08-23,50,10:05 - 10:10,183,70,result
2026-08-23,51,10:10 - 10:15,261,05,result
2026-08-23,52,10:15 - 10:20,765,70,result
2026-08-23,53,10:20 - 10:25,032,11,result
2026-08-23,54,10:25 - 10:30,867,16,result
2026-08-23,55,10:30 - 10:35,735,62,result
2026-08-23,56,10:35 - 10:40,582,06,result
2026-08-23,57,10:40 - 10:45,747,40,result
2026-08-23,58,10:45 - 10:50,447,79,result
2026-08-23,59,10:50 - 10:55,207,49,result
2026-08-23,60,10:55 - 11:00,867,28,result
2026-08-23,61,11:00 - 11:05,247,92,result
2026-08-23,62,11:05 - 11:10,839,50,result
2026-08-23,63,11:10 - 11:15,716,81,result
2026-08-23,64,11:15 - 11:20,071,02,result
2026-08-23,65,11:20 - 11:25,614,82,result
2026-08-23,66,11:25 - 11:30,492,45,result
2026-08-23,67,11:30 - 11:35,174,86,result
2026-08-23,68,11:35 - 11:40,955,34,result
2026-08-23,69,11:40 - 11:45,965,27,result
2026-08-23,70,11:45 - 11:50,813,61,result
2026-08-23,71,11:50 - 11:55,966,44,result
2026-08-23,72,11:55 - 12:00,177,14,result
2026-08-23,73,12:00 - 12:05,622,28,result
2026-08-23,74,12:05 - 12:10,476,34,result
2026-08-23,75,12:10 - 12:15,718,61,result
2026-08-23,76,12:15 - 12:20,189,87,result
2026-08-23,77,12:20 - 12:25,907,90,result
2026-08-23,78,12:25 - 12:30,798,62,result
2026-08-23,79,12:30 - 12:35,778,76,result
2026-08-23,80,12:35 - 12:40,941,87,result
2026-08-23,81,12:40 - 12:45,124,87,result
2026-08-23,82,12:45 - 12:50,785,99,result
2026-08-23,83,12:50 - 12:55,702,04,result
2026-08-23,84,12:55 - 13:00,818,53,result
2026-08-23,85,13:00 - 13:05,197,98,result
2026-08-23,86,13:05 - 13:10,648,72,result
2026-08-23,87,13:10 - 13:15,601,25,result
2026-08-23,88,13:15 - 13:20,426,94,result
2026-08-23,89,13:20 - 13:25,966,93,result
2026-08-23,90,13:25 - 13:30,433,10,result
2026-08-23,91,13:30 - 13:35,477,12,result
2026-08-23,92,13:35 - 13:40,769,92,result
2026-08-23,93,13:40 - 13:45,767,83,result
2026-08-23,94,13:45 - 13:50,773,99,result
2026-08-23,95,13:50 - 13:55,119,52,result
2026-08-23,96,13:55 - 14:00,559,83,result
2026-08-23,97,14:00 - 14:05,701,23,result
2026-08-23,98,14:05 - 14:10,391,55,result
2026-08-23,99,14:10 - 14:15,531,07,result
2026-08-23,100,14:15 - 14:20,652,69,result
2026-08-23,101,14:20 - 14:25,895,90,result
2026-08-23,102,14:25 - 14:30,180,74,result
2026-08-23,103,14:30 - 14:35,943,64,result
2026-08-23,104,14:35 - 14:40,023,19,result
2026-08-23,105,14:40 - 14:45,909,25,result
2026-08-23,106,14:45 - 14:50,711,83,result
2026-08-23,107,14:50 - 14:55,646,10,result
2026-08-23,108,14:55 - 15:00,640,02,result
2026-08-23,109,15:00 - 15:05,111,38,result
2026-08-23,110,15:05 - 15:10,262,55,result
2026-08-23,111,15:10 - 15:15,146,58,result
2026-08-23,112,15:15 - 15:20,327,23,result
2026-08-23,113,15:20 - 15:25,004,65,result
2026-08-23,114,15:25 - 15:30,861,21,result
2026-08-23,115,15:30 - 15:35,025,76,result
2026-08-23,116,15:35 - 15:40,580,25,result
2026-08-23,117,15:40 - 15:45,828,10,result
2026-08-23,118,15:45 - 15:50,001,95,result
2026-08-23,119,15:50 - 15:55,530,06,result
2026-08-23,120,15:55 - 16:00,015,91,result
2026-08-23,121,16:00 - 16:05,171,82,result
2026-08-23,122,16:05 - 16:10,703,16,result
2026-08-23,123,16:10 - 16:15,530,72,result
2026-08-23,124,16:15 - 16:20,816,45,result
2026-08-23,125,16:20 - 16:25,184,37,result
2026-08-23,126,16:25 - 16:30,106,11,result
2026-08-23,127,16:30 - 16:35,367,49,result
2026-08-23,128,16:35 - 16:40,787,33,result
2026-08-23,129,16:40 - 16:45,642,28,result
2026-08-23,130,16:45 - 16:50,595,67,result
2026-08-23,131,16:50 - 16:55,884,16,result
2026-08-23,132,16:55 - 17:00,600,52,result
2026-08-23,133,17:00 - 17:05,941,50,result
2026-08-23,134,17:05 - 17:10,605,14,result
2026-08-23,135,17:10 - 17:15,380,83,result
2026-08-23,136,17:15 - 17:20,552,04,result
2026-08-23,137,17:20 - 17:25,351,00,result
2026-08-23,138,17:25 - 17:30,750,77,result
2026-08-23,139,17:30 - 17:35,251,88,result
2026-08-23,140,17:35 - 17:40,113,75,result
2026-08-23,141,17:40 - 17:45,846,74,result
2026-08-23,142,17:45 - 17:50,967,92,result
2026-08-23,143,17:50 - 17:55,802,09,result
2026-08-23,144,17:55 - 18:00,336,01,result
2026-08-23,145,18:00 - 18:05,058,23,result
2026-08-23,146,18:05 - 18:10,723,31,result
2026-08-23,147,18:10 - 18:15,312,89,result
2026-08-23,148,18:15 - 18:20,150,82,result
2026-08-23,149,18:20 - 18:25,231,09,result
2026-08-23,150,18:25 - 18:30,601,34,result
2026-08-23,151,18:30 - 18:35,229,25,result
2026-08-23,152,18:35 - 18:40,591,19,result
2026-08-23,153,18:40 - 18:45,276,24,result
2026-08-23,154,18:45 - 18:50,499,66,result
2026-08-23,155,18:50 - 18:55,048,80,result
2026-08-23,156,18:55 - 19:00,242,08,result
2026-08-23,157,19:00 - 19:05,144,52,result
2026-08-23,158,19:05 - 19:10,063,79,result
2026-08-23,159,19:10 - 19:15,635,68,result
2026-08-23,160,19:15 - 19:20,939,38,result
2026-08-23,161,19:20 - 19:25,754,65,result
2026-08-23,162,19:25 - 19:30,240,88,result
2026-08-23,163,19:30 - 19:35,226,08,result
2026-08-23,164,19:35 - 19:40,250,92,result
2026-08-23,165,19:40 - 19:45,898,98,result
2026-08-23,166,19:45 - 19:50,219,14,result
2026-08-23,167,19:50 - 19:55,720,83,result
2026-08-23,168,19:55 - 20:00,906,15,result
2026-08-23,169,20:00 - 20:05,769,07,result
2026-08-23,170,20:05 - 20:10,632,28,result
2026-08-23,171,20:10 - 20:15,168,91,result
2026-08-23,172,20:15 - 20:20,993,93,result
2026-08-23,173,20:20 - 20:25,550,45,result
2026-08-23,174,20:25 - 20:30,233,20,result
2026-08-23,175,20:30 - 20:35,251,74,result
2026-08-23,176,20:35 - 20:40,156,05,result
2026-08-23,177,20:40 - 20:45,982,87,result
2026-08-23,178,20:45 - 20:50,487,41,result
2026-08-23,179,20:50 - 20:55,384,87,result
2026-08-23,180,20:55 - 21:00,247,19,result
2026-08-23,181,21:00 - 21:05,218,57,result
2026-08-23,182,21:05 - 21:10,857,37,result
2026-08-23,183,21:10 - 21:15,347,93,result
2026-08-23,184,21:15 - 21:20,816,28,result
2026-08-23,185,21:20 - 21:25,264,39,result
2026-08-23,186,21:25 - 21:30,644,11,result
2026-08-23,187,21:30 - 21:35,216,06,result
2026-08-23,188,21:35 - 21:40,207,01,result
2026-08-23,189,21:40 - 21:45,878,09,result
2026-08-23,190,21:45 - 21:50,026,18,result
2026-08-23,191,21:50 - 21:55,446,91,result
2026-08-23,192,21:55 - 22:00,182,05,result
2026-08-23,193,22:00 - 22:05,489,63,result
2026-08-23,194,22:05 - 22:10,965,78,result
2026-08-23,195,22:10 - 22:15,395,68,result
2026-08-23,196,22:15 - 22:20,896,43,result
2026-08-23,197,22:20 - 22:25,217,53,result
2026-08-23,198,22:25 - 22:30,196,39,result
2026-08-23,199,22:30 - 22:35,552,33,result
2026-08-23,200,22:35 - 22:40,612,04,result
2026-08-23,201,22:40 - 22:45,571,01,result
2026-08-23,202,22:45 - 22:50,527,80,result
2026-08-23,203,22:50 - 22:55,362,73,result
2026-08-23,204,22:55 - 23:00,330,27,result
2026-08-23,205,23:00 - 23:05,767,19,result
2026-08-23,206,23:05 - 23:10,481,62,result
2026-08-23,207,23:10 - 23:15,493,83,result
2026-08-23,208,23:15 - 23:20,201,65,result
2026-08-23,209,23:20 - 23:25,628,18,result
2026-08-23,210,23:25 - 23:30,259,16,result
2026-08-23,211,23:30 - 23:35,462,35,result
2026-08-23,212,23:35 - 23:40,494,76,result
2026-08-23,213,23:40 - 23:45,158,60,result
2026-08-23,214,23:45 - 23:50,767,40,result
2026-08-23,215,23:50 - 23:55,714,39,result
2026-08-23,216,23:55 - 00:00,226,22,result
2026-08-23,217,00:00 - 00:05,399,58,result
2026-08-23,218,00:05 - 00:10,884,13,result
2026-08-23,219,00:10 - 00:15,055,37,result
2026-08-23,220,00:15 - 00:20,084,97,result
2026-08-23,221,00:20 - 00:25,251,12,result
2026-08-23,222,00:25 - 00:30,129,13,result
2026-08-23,223,00:30 - 00:35,343,51,result
2026-08-23,224,00:35 - 00:40,345,22,result
2026-08-23,225,00:40 - 00:45,291,85,result
2026-08-23,226,00:45 - 00:50,157,86,result
2026-08-23,227,00:50 - 00:55,634,84,result
2026-08-23,228,00:55 - 01:00,828,93,result
2026-08-23,229,01:00 - 01:05,030,66,result
2026-08-23,230,01:05 - 01:10,595,17,result
2026-08-23,231,01:10 - 01:15,503,20,result
2026-08-23,232,01:15 - 01:20,206,27,result
2026-08-23,233,01:20 - 01:25,292,76,result
2026-08-23,234,01:25 - 01:30,042,99,result
2026-08-23,235,01:30 - 01:35,131,68,result
2026-08-23,236,01:35 - 01:40,261,42,result
2026-08-23,237,01:40 - 01:45,096,65,result
2026-08-23,238,01:45 - 01:50,549,05,result
2026-08-23,239,01:50 - 01:55,502,27,result
2026-08-23,240,01:55 - 02:00,248,63,result
2026-08-23,241,02:00 - 02:05,214,39,result
2026-08-23,242,02:05 - 02:10,730,26,result
2026-08-23,243,02:10 - 02:15,051,90,result
2026-08-23,244,02:15 - 02:20,157,01,result
2026-08-23,245,02:20 - 02:25,257,17,result
2026-08-23,246,02:25 - 02:30,063,38,result
2026-08-23,247,02:30 - 02:35,192,15,result
2026-08-23,248,02:35 - 02:40,829,68,result
2026-08-23,249,02:40 - 02:45,452,69,result
2026-08-23,250,02:45 - 02:50,154,58,result
2026-08-23,251,02:50 - 02:55,132,14,result
2026-08-23,252,02:55 - 03:00,693,31,result
2026-08-23,253,03:00 - 03:05,403,56,result
2026-08-23,254,03:05 - 03:10,990,77,result
2026-08-23,255,03:10 - 03:15,759,65,result
2026-08-23,256,03:15 - 03:20,962,50,result
2026-08-23,257,03:20 - 03:25,706,40,result
2026-08-23,258,03:25 - 03:30,139,10,result
2026-08-23,259,03:30 - 03:35,135,32,result
2026-08-23,260,03:35 - 03:40,771,91,result
2026-08-23,261,03:40 - 03:45,489,85,result
2026-08-23,262,03:45 - 03:50,020,31,result
2026-08-23,263,03:50 - 03:55,012,72,result
2026-08-23,264,03:55 - 04:00,624,92,result
2026-08-23,265,04:00 - 04:05,116,58,result
2026-08-23,266,04:05 - 04:10,943,86,result
2026-08-23,267,04:10 - 04:15,122,49,result
2026-08-23,268,04:15 - 04:20,137,14,result
2026-08-23,269,04:20 - 04:25,220,71,result
2026-08-23,270,04:25 - 04:30,768,48,result
2026-08-23,271,04:30 - 04:35,537,05,result
2026-08-23,272,04:35 - 04:40,564,24,result
2026-08-23,273,04:40 - 04:45,439,42,result
2026-08-23,274,04:45 - 04:50,087,37,result
2026-08-23,275,04:50 - 04:55,437,19,result
2026-08-23,276,04:55 - 05:00,002,05,result
2026-08-23,277,05:00 - 05:05,627,63,result
2026-08-23,278,05:05 - 05:10,469,84,result
2026-08-23,279,05:10 - 05:15,441,64,result
2026-08-23,280,05:15 - 05:20,688,54,result
2026-08-23,281,05:20 - 05:25,140,47,result
2026-08-23,282,05:25 - 05:30,117,22,result
2026-08-23,283,05:30 - 05:35,747,17,result
2026-08-23,284,05:35 - 05:40,823,71,result
2026-08-23,285,05:40 - 05:45,386,71,result
2026-08-23,286,05:45 - 05:50,045,59,result
2026-08-23,287,05:50 - 05:55,414,45,result
2026-08-23,288,05:55 - 06:00,664,86,result
2026-08-24,1,06:00 - 06:05,335,62,result
2026-08-24,2,06:05 - 06:10,987,22,result
2026-08-24,3,06:10 - 06:15,448,57,result
2026-08-24,4,06:15 - 06:20,045,44,result
2026-08-24,5,06:20 - 06:25,277,14,result
2026-08-24,6,06:25 - 06:30,787,95,result
2026-08-24,7,06:30 - 06:35,894,38,result
2026-08-24,8,06:35 - 06:40,203,91,result
2026-08-24,9,06:40 - 06:45,548,83,result
2026-08-24,10,06:45 - 06:50,833,78,result
2026-08-24,11,06:50 - 06:55,241,76,result
2026-08-24,12,06:55 - 07:00,988,70,result
2026-08-24,13,07:00 - 07:05,434,82,result
2026-08-24,14,07:05 - 07:10,367,49,result
2026-08-24,15,07:10 - 07:15,061,56,result
2026-08-24,16,07:15 - 07:20,666,08,result
2026-08-24,17,07:20 - 07:25,469,10,result
2026-08-24,18,07:25 - 07:30,798,67,result
2026-08-24,19,07:30 - 07:35,833,42,result
2026-08-24,20,07:35 - 07:40,404,87,result
2026-08-24,21,07:40 - 07:45,143,39,result
2026-08-24,22,07:45 - 07:50,031,48,result
2026-08-24,23,07:50 - 07:55,243,57,result
2026-08-24,24,07:55 - 08:00,229,33,result
2026-08-24,25,08:00 - 08:05,133,22,result
2026-08-24,26,08:05 - 08:10,353,04,result
2026-08-24,27,08:10 - 08:15,775,15,result
2026-08-24,28,08:15 - 08:20,017,59,result
2026-08-24,29,08:20 - 08:25,289,75,result
2026-08-24,30,08:25 - 08:30,333,61,result
2026-08-24,31,08:30 - 08:35,686,09,result
2026-08-24,32,08:35 - 08:40,607,58,result
2026-08-24,33,08:40 - 08:45,908,92,result
2026-08-24,34,08:45 - 08:50,214,54,result
2026-08-24,35,08:50 - 08:55,152,33,result
2026-08-24,36,08:55 - 09:00,311,21,result
2026-08-24,37,09:00 - 09:05,655,95,result
2026-08-24,38,09:05 - 09:10,725,04,result
2026-08-24,39,09:10 - 09:15,695,42,result
2026-08-24,40,09:15 - 09:20,319,53,result
2026-08-24,41,09:20 - 09:25,788,85,result
2026-08-24,42,09:25 - 09:30,151,14,result
2026-08-24,43,09:30 - 09:35,473,04,result
2026-08-24,44,09:35 - 09:40,285,97,result
2026-08-24,45,09:40 - 09:45,534,09,result
2026-08-24,46,09:45 - 09:50,792,78,result
2026-08-24,47,09:50 - 09:55,169,78,result
2026-08-24,48,09:55 - 10:00,747,05,result
2026-08-24,49,10:00 - 10:05,357,72,result
2026-08-24,50,10:05 - 10:10,664,80,result
2026-08-24,51,10:10 - 10:15,449,22,result
2026-08-24,52,10:15 - 10:20,236,52,result
2026-08-24,53,10:20 - 10:25,320,18,result
2026-08-24,54,10:25 - 10:30,192,84,result
2026-08-24,55,10:30 - 10:35,606,95,result
2026-08-24,56,10:35 - 10:40,288,64,result
2026-08-24,57,10:40 - 10:45,033,83,result
2026-08-24,58,10:45 - 10:50,276,26,result
2026-08-24,59,10:50 - 10:55,980,74,result
2026-08-24,60,10:55 - 11:00,211,50,result
2026-08-24,61,11:00 - 11:05,064,91,result
2026-08-24,62,11:05 - 11:10,795,79,result
2026-08-24,63,11:10 - 11:15,931,48,result
2026-08-24,64,11:15 - 11:20,302,22,result
2026-08-24,65,11:20 - 11:25,188,75,result
2026-08-24,66,11:25 - 11:30,225,87,result
2026-08-24,67,11:30 - 11:35,175,72,result
2026-08-24,68,11:35 - 11:40,442,27,result
2026-08-24,69,11:40 - 11:45,978,32,result
2026-08-24,70,11:45 - 11:50,433,90,result
2026-08-24,71,11:50 - 11:55,090,31,result
2026-08-24,72,11:55 - 12:00,826,81,result
2026-08-24,73,12:00 - 12:05,889,66,result
2026-08-24,74,12:05 - 12:10,064,92,result
2026-08-24,75,12:10 - 12:15,709,96,result
2026-08-24,76,12:15 - 12:20,464,89,result
2026-08-24,77,12:20 - 12:25,341,26,result
2026-08-24,78,12:25 - 12:30,160,54,result
2026-08-24,79,12:30 - 12:35,204,56,result
2026-08-24,80,12:35 - 12:40,442,50,result
2026-08-24,81,12:40 - 12:45,474,95,result
2026-08-24,82,12:45 - 12:50,801,90,result
2026-08-24,83,12:50 - 12:55,221,10,result
2026-08-24,84,12:55 - 13:00,687,68,result
2026-08-24,85,13:00 - 13:05,671,55,result
2026-08-24,86,13:05 - 13:10,177,06,result
2026-08-24,87,13:10 - 13:15,057,96,result
2026-08-24,88,13:15 - 13:20,046,54,result
2026-08-24,89,13:20 - 13:25,557,83,result
2026-08-24,90,13:25 - 13:30,935,81,result
2026-08-24,91,13:30 - 13:35,756,72,result
2026-08-24,92,13:35 - 13:40,699,08,result
2026-08-24,93,13:40 - 13:45,278,85,result
2026-08-24,94,13:45 - 13:50,899,21,result
2026-08-24,95,13:50 - 13:55,268,13,result
2026-08-24,96,13:55 - 14:00,145,50,result
2026-08-24,97,14:00 - 14:05,489,08,result
2026-08-24,98,14:05 - 14:10,834,20,result
2026-08-24,99,14:10 - 14:15,684,14,result
2026-08-24,100,14:15 - 14:20,321,03,result
2026-08-24,101,14:20 - 14:25,988,53,result
2026-08-24,102,14:25 - 14:30,908,33,result
2026-08-24,103,14:30 - 14:35,743,69,result
2026-08-24,104,14:35 - 14:40,004,42,result
2026-08-24,105,14:40 - 14:45,116,54,result
2026-08-24,106,14:45 - 14:50,364,78,result
2026-08-24,107,14:50 - 14:55,708,03,result
2026-08-24,108,14:55 - 15:00,823,52,result
2026-08-24,109,15:00 - 15:05,630,32,result
2026-08-24,110,15:05 - 15:10,592,96,result
2026-08-24,111,15:10 - 15:15,761,73,result
2026-08-24,112,15:15 - 15:20,584,99,result
2026-08-24,113,15:20 - 15:25,873,03,result
2026-08-24,114,15:25 - 15:30,505,13,result
2026-08-24,115,15:30 - 15:35,146,69,result
2026-08-24,116,15:35 - 15:40,231,79,result
2026-08-24,117,15:40 - 15:45,838,78,result
2026-08-24,118,15:45 - 15:50,747,04,result
2026-08-24,119,15:50 - 15:55,157,42,result
2026-08-24,120,15:55 - 16:00,559,81,result
2026-08-24,121,16:00 - 16:05,010,16,result
2026-08-24,122,16:05 - 16:10,075,31,result
2026-08-24,123,16:10 - 16:15,368,19,result
2026-08-24,124,16:15 - 16:20,771,97,result
2026-08-24,125,16:20 - 16:25,591,59,result
2026-08-24,126,16:25 - 16:30,827,03,result
2026-08-24,127,16:30 - 16:35,439,14,result
2026-08-24,128,16:35 - 16:40,441,09,result
2026-08-24,129,16:40 - 16:45,267,69,result
2026-08-24,130,16:45 - 16:50,114,54,result
2026-08-24,131,16:50 - 16:55,729,74,result
2026-08-24,132,16:55 - 17:00,761,23,result
2026-08-24,133,17:00 - 17:05,142,31,result
2026-08-24,134,17:05 - 17:10,803,74,result
2026-08-24,135,17:10 - 17:15,244,59,result
2026-08-24,136,17:15 - 17:20,161,49,result
2026-08-24,137,17:20 - 17:25,618,45,result
2026-08-24,138,17:25 - 17:30,730,20,result
2026-08-24,139,17:30 - 17:35,006,40,result
2026-08-24,140,17:35 - 17:40,613,91,result
2026-08-24,141,17:40 - 17:45,575,12,result
2026-08-24,142,17:45 - 17:50,776,64,result
2026-08-24,143,17:50 - 17:55,878,15,result
2026-08-24,144,17:55 - 18:00,233,86,result
2026-08-24,145,18:00 - 18:05,750,37,result
2026-08-24,146,18:05 - 18:10,593,10,result
2026-08-24,147,18:10 - 18:15,207,07,result
2026-08-24,148,18:15 - 18:20,951,10,result
2026-08-24,149,18:20 - 18:25,257,13,result
2026-08-24,150,18:25 - 18:30,778,66,result
2026-08-24,151,18:30 - 18:35,078,64,result
2026-08-24,152,18:35 - 18:40,445,77,result
2026-08-24,153,18:40 - 18:45,280,03,result
2026-08-24,154,18:45 - 18:50,924,93,result
2026-08-24,155,18:50 - 18:55,196,68,result
2026-08-24,156,18:55 - 19:00,615,10,result
2026-08-24,157,19:00 - 19:05,683,30,result
2026-08-24,158,19:05 - 19:10,214,65,result
2026-08-24,159,19:10 - 19:15,044,28,result
2026-08-24,160,19:15 - 19:20,282,92,result
2026-08-24,161,19:20 - 19:25,346,13,result
2026-08-24,162,19:25 - 19:30,368,97,result
2026-08-24,163,19:30 - 19:35,919,05,result
2026-08-24,164,19:35 - 19:40,797,95,result
2026-08-24,165,19:40 - 19:45,854,44,result
2026-08-24,166,19:45 - 19:50,202,52,result
2026-08-24,167,19:50 - 19:55,968,86,result
2026-08-24,168,19:55 - 20:00,527,89,result
2026-08-24,169,20:00 - 20:05,813,48,result
2026-08-24,170,20:05 - 20:10,910,62,result
2026-08-24,171,20:10 - 20:15,523,94,result
2026-08-24,172,20:15 - 20:20,568,03,result
2026-08-24,173,20:20 - 20:25,157,50,result
2026-08-24,174,20:25 - 20:30,545,30,result
2026-08-24,175,20:30 - 20:35,533,37,result
2026-08-24,176,20:35 - 20:40,234,24,result
2026-08-24,177,20:40 - 20:45,502,08,result
2026-08-24,178,20:45 - 20:50,567,50,result
2026-08-24,179,20:50 - 20:55,803,30,result
2026-08-24,180,20:55 - 21:00,205,67,result
2026-08-24,181,21:00 - 21:05,866,14,result
2026-08-24,182,21:05 - 21:10,804,76,result
2026-08-24,183,21:10 - 21:15,253,37,result
2026-08-24,184,21:15 - 21:20,721,36,result
2026-08-24,185,21:20 - 21:25,571,74,result
2026-08-24,186,21:25 - 21:30,295,41,result
2026-08-24,187,21:30 - 21:35,644,22,result
2026-08-24,188,21:35 - 21:40,883,52,result
2026-08-24,189,21:40 - 21:45,772,48,result
2026-08-24,190,21:45 - 21:50,938,33,result
2026-08-24,191,21:50 - 21:55,623,46,result
2026-08-24,192,21:55 - 22:00,458,75,result
2026-08-24,193,22:00 - 22:05,870,20,result
2026-08-24,194,22:05 - 22:10,352,86,result
2026-08-24,195,22:10 - 22:15,843,83,result
2026-08-24,196,22:15 - 22:20,590,63,result
2026-08-24,197,22:20 - 22:25,096,85,result
2026-08-24,198,22:25 - 22:30,589,47,result
2026-08-24,199,22:30 - 22:35,300,68,result
2026-08-24,200,22:35 - 22:40,737,44,result
2026-08-24,201,22:40 - 22:45,875,41,result
2026-08-24,202,22:45 - 22:50,143,04,result
2026-08-24,203,22:50 - 22:55,508,77,result
2026-08-24,204,22:55 - 23:00,593,26,result
2026-08-24,205,23:00 - 23:05,212,56,result
2026-08-24,206,23:05 - 23:10,217,35,result
2026-08-24,207,23:10 - 23:15,753,05,result
2026-08-24,208,23:15 - 23:20,603,26,result
2026-08-24,209,23:20 - 23:25,186,46,result
2026-08-24,210,23:25 - 23:30,737,64,result
2026-08-24,211,23:30 - 23:35,844,63,result
2026-08-24,212,23:35 - 23:40,957,34,result
2026-08-24,213,23:40 - 23:45,932,77,result
2026-08-24,214,23:45 - 23:50,810,40,result
2026-08-24,215,23:50 - 23:55,695,34,result
2026-08-24,216,23:55 - 00:00,051,94,result
2026-08-24,217,00:00 - 00:05,757,48,result
2026-08-24,218,00:05 - 00:10,165,36,result
2026-08-24,219,00:10 - 00:15,758,07,result
2026-08-24,220,00:15 - 00:20,147,17,result
2026-08-24,221,00:20 - 00:25,992,63,result
2026-08-24,222,00:25 - 00:30,934,37,result
2026-08-24,223,00:30 - 00:35,734,16,result
2026-08-24,224,00:35 - 00:40,959,87,result
2026-08-24,225,00:40 - 00:45,796,14,result
2026-08-24,226,00:45 - 00:50,104,27,result
2026-08-24,227,00:50 - 00:55,602,66,result
2026-08-24,228,00:55 - 01:00,603,67,result
2026-08-24,229,01:00 - 01:05,543,61,result
2026-08-24,230,01:05 - 01:10,726,24,result
2026-08-24,231,01:10 - 01:15,479,47,result
2026-08-24,232,01:15 - 01:20,175,13,result
2026-08-24,233,01:20 - 01:25,760,57,result
2026-08-24,234,01:25 - 01:30,466,87,result
2026-08-24,235,01:30 - 01:35,873,69,result
2026-08-24,236,01:35 - 01:40,575,56,result
2026-08-24,237,01:40 - 01:45,029,35,result
2026-08-24,238,01:45 - 01:50,064,87,result
2026-08-24,239,01:50 - 01:55,686,78,result
2026-08-24,240,01:55 - 02:00,980,51,result
2026-08-24,241,02:00 - 02:05,874,01,result
2026-08-24,242,02:05 - 02:10,297,20,result
2026-08-24,243,02:10 - 02:15,167,33,result
2026-08-24,244,02:15 - 02:20,249,66,result
2026-08-24,245,02:20 - 02:25,863,78,result
2026-08-24,246,02:25 - 02:30,256,20,result
2026-08-24,247,02:30 - 02:35,244,66,result
2026-08-24,248,02:35 - 02:40,435,20,result
2026-08-24,249,02:40 - 02:45,585,00,result
2026-08-24,250,02:45 - 02:50,144,85,result
2026-08-24,251,02:50 - 02:55,024,25,result
2026-08-24,252,02:55 - 03:00,022,08,result
2026-08-24,253,03:00 - 03:05,177,28,result
2026-08-24,254,03:05 - 03:10,256,94,result
2026-08-24,255,03:10 - 03:15,337,99,result
2026-08-24,256,03:15 - 03:20,069,81,result
2026-08-24,257,03:20 - 03:25,295,86,result
2026-08-24,258,03:25 - 03:30,141,96,result
2026-08-24,259,03:30 - 03:35,243,85,result
2026-08-24,260,03:35 - 03:40,011,00,result
2026-08-24,261,03:40 - 03:45,641,31,result
2026-08-24,262,03:45 - 03:50,689,17,result
2026-08-24,263,03:50 - 03:55,069,77,result
2026-08-24,264,03:55 - 04:00,846,21,result
2026-08-24,265,04:00 - 04:05,347,18,result
2026-08-24,266,04:05 - 04:10,354,26,result
2026-08-24,267,04:10 - 04:15,096,99,result
2026-08-24,268,04:15 - 04:20,208,51,result
2026-08-24,269,04:20 - 04:25,700,88,result
2026-08-24,270,04:25 - 04:30,999,72,result
2026-08-24,271,04:30 - 04:35,080,90,result
2026-08-24,272,04:35 - 04:40,492,72,result
2026-08-24,273,04:40 - 04:45,229,27,result
2026-08-24,274,04:45 - 04:50,724,80,result
2026-08-24,275,04:50 - 04:55,124,56,result
2026-08-24,276,04:55 - 05:00,387,69,result
2026-08-24,277,05:00 - 05:05,356,61,result
2026-08-24,278,05:05 - 05:10,265,71,result
2026-08-24,279,05:10 - 05:15,719,54,result
2026-08-24,280,05:15 - 05:20,668,37,result
2026-08-24,281,05:20 - 05:25,815,47,result
2026-08-24,282,05:25 - 05:30,300,31,result
2026-08-24,283,05:30 - 05:35,627,63,result
2026-08-24,284,05:35 - 05:40,250,32,result
2026-08-24,285,05:40 - 05:45,735,50,result
2026-08-24,286,05:45 - 05:50,682,71,result
2026-08-24,287,05:50 - 05:55,890,34,result
2026-08-24,288,05:55 - 06:00,317,45,result
2026-08-25,1,06:00 - 06:05,052,29,result
2026-08-25,2,06:05 - 06:10,865,98,result
2026-08-25,3,06:10 - 06:15,634,61,result
2026-08-25,4,06:15 - 06:20,482,36,result
2026-08-25,5,06:20 - 06:25,081,09,result
2026-08-25,6,06:25 - 06:30,088,03,result
2026-08-25,7,06:30 - 06:35,429,75,result
2026-08-25,8,06:35 - 06:40,769,76,result
2026-08-25,9,06:40 - 06:45,534,97,result
2026-08-25,10,06:45 - 06:50,579,75,result
2026-08-25,11,06:50 - 06:55,662,10,result
2026-08-25,12,06:55 - 07:00,512,96,result
2026-08-25,13,07:00 - 07:05,850,36,result
2026-08-25,14,07:05 - 07:10,756,58,result
2026-08-25,15,07:10 - 07:15,112,81,result
2026-08-25,16,07:15 - 07:20,639,05,result
2026-08-25,17,07:20 - 07:25,026,08,result
2026-08-25,18,07:25 - 07:30,209,01,result
2026-08-25,19,07:30 - 07:35,152,47,result
2026-08-25,20,07:35 - 07:40,576,62,result
2026-08-25,21,07:40 - 07:45,347,46,result
2026-08-25,22,07:45 - 07:50,093,44,result
2026-08-25,23,07:50 - 07:55,753,47,result
2026-08-25,24,07:55 - 08:00,358,83,result
2026-08-25,25,08:00 - 08:05,723,63,result
2026-08-25,26,08:05 - 08:10,814,99,result
2026-08-25,27,08:10 - 08:15,797,89,result
2026-08-25,28,08:15 - 08:20,959,58,result
2026-08-25,29,08:20 - 08:25,528,01,result
2026-08-25,30,08:25 - 08:30,418,34,result
2026-08-25,31,08:30 - 08:35,998,80,result
2026-08-25,32,08:35 - 08:40,083,73,result
2026-08-25,33,08:40 - 08:45,388,41,result
2026-08-25,34,08:45 - 08:50,705,25,result
2026-08-25,35,08:50 - 08:55,300,64,result
2026-08-25,36,08:55 - 09:00,947,72,result
2026-08-25,37,09:00 - 09:05,037,83,result
2026-08-25,38,09:05 - 09:10,431,01,result
2026-08-25,39,09:10 - 09:15,785,36,result
2026-08-25,40,09:15 - 09:20,049,11,result
2026-08-25,41,09:20 - 09:25,678,94,result
2026-08-25,42,09:25 - 09:30,051,28,result
2026-08-25,43,09:30 - 09:35,418,69,result
2026-08-25,44,09:35 - 09:40,870,47,result
2026-08-25,45,09:40 - 09:45,036,59,result
2026-08-25,46,09:45 - 09:50,069,95,result
2026-08-25,47,09:50 - 09:55,689,89,result
2026-08-25,48,09:55 - 10:00,850,82,result
2026-08-25,49,10:00 - 10:05,672,52,result
2026-08-25,50,10:05 - 10:10,049,45,result
2026-08-25,51,10:10 - 10:15,926,70,result
2026-08-25,52,10:15 - 10:20,217,41,result
2026-08-25,53,10:20 - 10:25,013,63,result
2026-08-25,54,10:25 - 10:30,597,68,result
2026-08-25,55,10:30 - 10:35,171,21,result
2026-08-25,56,10:35 - 10:40,189,48,result
2026-08-25,57,10:40 - 10:45,102,06,result
2026-08-25,58,10:45 - 10:50,579,37,result
2026-08-25,59,10:50 - 10:55,731,28,result
2026-08-25,60,10:55 - 11:00,438,19,result
2026-08-25,61,11:00 - 11:05,769,48,result
2026-08-25,62,11:05 - 11:10,558,29,result
2026-08-25,63,11:10 - 11:15,556,30,result
2026-08-25,64,11:15 - 11:20,632,09,result
2026-08-25,65,11:20 - 11:25,838,04,result
2026-08-25,66,11:25 - 11:30,125,45,result
2026-08-25,67,11:30 - 11:35,774,35,result
2026-08-25,68,11:35 - 11:40,042,22,result
2026-08-25,69,11:40 - 11:45,738,09,result
2026-08-25,70,11:45 - 11:50,474,91,result
2026-08-25,71,11:50 - 11:55,299,81,result
2026-08-25,72,11:55 - 12:00,758,94,result
2026-08-25,73,12:00 - 12:05,295,99,result
2026-08-25,74,12:05 - 12:10,063,15,result
2026-08-25,75,12:10 - 12:15,439,65,result
2026-08-25,76,12:15 - 12:20,606,39,result
2026-08-25,77,12:20 - 12:25,876,04,result
2026-08-25,78,12:25 - 12:30,210,53,result
2026-08-25,79,12:30 - 12:35,556,15,result
2026-08-25,80,12:35 - 12:40,354,63,result
2026-08-25,81,12:40 - 12:45,455,08,result
2026-08-25,82,12:45 - 12:50,799,27,result
2026-08-25,83,12:50 - 12:55,006,59,result
2026-08-25,84,12:55 - 13:00,646,16,result
2026-08-25,85,13:00 - 13:05,930,95,result
2026-08-25,86,13:05 - 13:10,878,96,result
2026-08-25,87,13:10 - 13:15,738,77,result
2026-08-25,88,13:15 - 13:20,227,51,result
2026-08-25,89,13:20 - 13:25,686,97,result
2026-08-25,90,13:25 - 13:30,754,28,result
2026-08-25,91,13:30 - 13:35,286,84,result
2026-08-25,92,13:35 - 13:40,648,80,result
2026-08-25,93,13:40 - 13:45,460,38,result
2026-08-25,94,13:45 - 13:50,336,50,result
2026-08-25,95,13:50 - 13:55,889,92,result
2026-08-25,96,13:55 - 14:00,155,54,result
2026-08-25,97,14:00 - 14:05,019,18,result
2026-08-25,98,14:05 - 14:10,418,09,result
2026-08-25,99,14:10 - 14:15,564,87,result
2026-08-25,100,14:15 - 14:20,627,29,result
2026-08-25,101,14:20 - 14:25,683,92,result
2026-08-25,102,14:25 - 14:30,253,20,result
2026-08-25,103,14:30 - 14:35,239,37,result
2026-08-25,104,14:35 - 14:40,063,86,result
2026-08-25,105,14:40 - 14:45,839,01,result
2026-08-25,106,14:45 - 14:50,764,08,result
2026-08-25,107,14:50 - 14:55,575,12,result
2026-08-25,108,14:55 - 15:00,477,12,result
2026-08-25,109,15:00 - 15:05,593,01,result
2026-08-25,110,15:05 - 15:10,851,63,result
2026-08-25,111,15:10 - 15:15,488,19,result
2026-08-25,112,15:15 - 15:20,632,33,result
2026-08-25,113,15:20 - 15:25,292,22,result
2026-08-25,114,15:25 - 15:30,618,72,result
2026-08-25,115,15:30 - 15:35,095,72,result
2026-08-25,116,15:35 - 15:40,483,36,result
2026-08-25,117,15:40 - 15:45,646,84,result
2026-08-25,118,15:45 - 15:50,360,12,result
2026-08-25,119,15:50 - 15:55,332,88,result
2026-08-25,120,15:55 - 16:00,901,50,result
2026-08-25,121,16:00 - 16:05,411,49,result
2026-08-25,122,16:05 - 16:10,283,81,result
2026-08-25,123,16:10 - 16:15,360,16,result
2026-08-25,124,16:15 - 16:20,306,91,result
2026-08-25,125,16:20 - 16:25,248,92,result
2026-08-25,126,16:25 - 16:30,197,87,result
2026-08-25,127,16:30 - 16:35,075,01,result
2026-08-25,128,16:35 - 16:40,538,72,result
2026-08-25,129,16:40 - 16:45,671,89,result
2026-08-25,130,16:45 - 16:50,980,84,result
2026-08-25,131,16:50 - 16:55,579,46,result
2026-08-25,132,16:55 - 17:00,005,13,result
2026-08-25,133,17:00 - 17:05,176,70,result
2026-08-25,134,17:05 - 17:10,256,55,result
2026-08-25,135,17:10 - 17:15,204,71,result
2026-08-25,136,17:15 - 17:20,782,19,result
2026-08-25,137,17:20 - 17:25,802,87,result
2026-08-25,138,17:25 - 17:30,239,51,result
2026-08-25,139,17:30 - 17:35,818,03,result
2026-08-25,140,17:35 - 17:40,846,92,result
2026-08-25,141,17:40 - 17:45,902,64,result
2026-08-25,142,17:45 - 17:50,376,31,result
2026-08-25,143,17:50 - 17:55,660,46,result
2026-08-25,144,17:55 - 18:00,595,55,result
2026-08-25,145,18:00 - 18:05,378,07,result
2026-08-25,146,18:05 - 18:10,352,10,result
2026-08-25,147,18:10 - 18:15,212,03,result
2026-08-25,148,18:15 - 18:20,863,11,result
2026-08-25,149,18:20 - 18:25,311,79,result
2026-08-25,150,18:25 - 18:30,193,45,result
2026-08-25,151,18:30 - 18:35,348,70,result
2026-08-25,152,18:35 - 18:40,217,72,result
2026-08-25,153,18:40 - 18:45,385,34,result
2026-08-25,154,18:45 - 18:50,933,03,result
2026-08-25,155,18:50 - 18:55,527,91,result
2026-08-25,156,18:55 - 19:00,975,45,result
2026-08-25,157,19:00 - 19:05,375,37,result
2026-08-25,158,19:05 - 19:10,663,43,result
2026-08-25,159,19:10 - 19:15,060,48,result
2026-08-25,160,19:15 - 19:20,032,06,result
2026-08-25,161,19:20 - 19:25,435,20,result
2026-08-25,162,19:25 - 19:30,654,79,result
2026-08-25,163,19:30 - 19:35,109,37,result
2026-08-25,164,19:35 - 19:40,956,04,result
2026-08-25,165,19:40 - 19:45,212,54,result
2026-08-25,166,19:45 - 19:50,972,96,result
2026-08-25,167,19:50 - 19:55,016,60,result
2026-08-25,168,19:55 - 20:00,513,38,result
2026-08-25,169,20:00 - 20:05,866,14,result
2026-08-25,170,20:05 - 20:10,432,91,result
2026-08-25,171,20:10 - 20:15,323,09,result
2026-08-25,172,20:15 - 20:20,564,56,result
2026-08-25,173,20:20 - 20:25,874,15,result
2026-08-25,174,20:25 - 20:30,819,09,result
2026-08-25,175,20:30 - 20:35,771,71,result
2026-08-25,176,20:35 - 20:40,962,37,result
2026-08-25,177,20:40 - 20:45,411,01,result
2026-08-25,178,20:45 - 20:50,355,11,result
2026-08-25,179,20:50 - 20:55,055,96,result
2026-08-25,180,20:55 - 21:00,806,42,result
2026-08-25,181,21:00 - 21:05,452,93,result
2026-08-25,182,21:05 - 21:10,427,14,result
2026-08-25,183,21:10 - 21:15,558,12,result
2026-08-25,184,21:15 - 21:20,523,76,result
2026-08-25,185,21:20 - 21:25,775,93,result
2026-08-25,186,21:25 - 21:30,099,41,result
2026-08-25,187,21:30 - 21:35,645,40,result
2026-08-25,188,21:35 - 21:40,257,22,result
2026-08-25,189,21:40 - 21:45,138,53,result
2026-08-25,190,21:45 - 21:50,532,33,result
2026-08-25,191,21:50 - 21:55,941,97,result
2026-08-25,192,21:55 - 22:00,008,16,result
2026-08-25,193,22:00 - 22:05,049,37,result
2026-08-25,194,22:05 - 22:10,920,83,result
2026-08-25,195,22:10 - 22:15,396,60,result
2026-08-25,196,22:15 - 22:20,148,78,result
2026-08-25,197,22:20 - 22:25,899,65,result
2026-08-25,198,22:25 - 22:30,066,98,result
2026-08-25,199,22:30 - 22:35,132,38,result
2026-08-25,200,22:35 - 22:40,841,29,result
2026-08-25,201,22:40 - 22:45,240,97,result
2026-08-25,202,22:45 - 22:50,278,19,result
2026-08-25,203,22:50 - 22:55,880,52,result
2026-08-25,204,22:55 - 23:00,207,07,result
2026-08-25,205,23:00 - 23:05,075,83,result
2026-08-25,206,23:05 - 23:10,984,84,result
2026-08-25,207,23:10 - 23:15,863,71,result
2026-08-25,208,23:15 - 23:20,862,60,result
2026-08-25,209,23:20 - 23:25,389,19,result
2026-08-25,210,23:25 - 23:30,353,03,result
2026-08-25,211,23:30 - 23:35,180,17,result
2026-08-25,212,23:35 - 23:40,237,11,result
2026-08-25,213,23:40 - 23:45,924,59,result
2026-08-25,214,23:45 - 23:50,262,04,result
2026-08-25,215,23:50 - 23:55,984,71,result
2026-08-25,216,23:55 - 00:00,940,70,result
2026-08-25,217,00:00 - 00:05,419,78,result
2026-08-25,218,00:05 - 00:10,757,50,result
2026-08-25,219,00:10 - 00:15,840,40,result
2026-08-25,220,00:15 - 00:20,265,86,result
2026-08-25,221,00:20 - 00:25,182,97,result
2026-08-25,222,00:25 - 00:30,250,34,result
2026-08-25,223,00:30 - 00:35,326,53,result
2026-08-25,224,00:35 - 00:40,153,62,result
2026-08-25,225,00:40 - 00:45,714,75,result
2026-08-25,226,00:45 - 00:50,752,74,result
2026-08-25,227,00:50 - 00:55,823,86,result
2026-08-25,228,00:55 - 01:00,486,91,result
2026-08-25,229,01:00 - 01:05,672,25,result
2026-08-25,230,01:05 - 01:10,220,33,result
2026-08-25,231,01:10 - 01:15,647,94,result
2026-08-25,232,01:15 - 01:20,268,09,result
2026-08-25,233,01:20 - 01:25,413,72,result
2026-08-25,234,01:25 - 01:30,714,34,result
2026-08-25,235,01:30 - 01:35,748,32,result
2026-08-25,236,01:35 - 01:40,316,38,result
2026-08-25,237,01:40 - 01:45,100,57,result
2026-08-25,238,01:45 - 01:50,487,45,result
2026-08-25,239,01:50 - 01:55,126,71,result
2026-08-25,240,01:55 - 02:00,249,20,result
2026-08-25,241,02:00 - 02:05,396,79,result
2026-08-25,242,02:05 - 02:10,457,05,result
2026-08-25,243,02:10 - 02:15,426,41,result
2026-08-25,244,02:15 - 02:20,906,11,result
2026-08-25,245,02:20 - 02:25,578,06,result
2026-08-25,246,02:25 - 02:30,656,07,result
2026-08-25,247,02:30 - 02:35,195,88,result
2026-08-25,248,02:35 - 02:40,816,36,result
2026-08-25,249,02:40 - 02:45,020,98,result
2026-08-25,250,02:45 - 02:50,321,14,result
2026-08-25,251,02:50 - 02:55,480,30,result
2026-08-25,252,02:55 - 03:00,885,67,result
2026-08-25,253,03:00 - 03:05,832,56,result
2026-08-25,254,03:05 - 03:10,870,14,result
2026-08-25,255,03:10 - 03:15,211,29,result
2026-08-25,256,03:15 - 03:20,816,97,result
2026-08-25,257,03:20 - 03:25,333,49,result
2026-08-25,258,03:25 - 03:30,204,74,result
2026-08-25,259,03:30 - 03:35,818,03,result
2026-08-25,260,03:35 - 03:40,884,46,result
2026-08-25,261,03:40 - 03:45,438,66,result
2026-08-25,262,03:45 - 03:50,036,95,result
2026-08-25,263,03:50 - 03:55,327,08,result
2026-08-25,264,03:55 - 04:00,387,92,result
2026-08-25,265,04:00 - 04:05,423,60,result
2026-08-25,266,04:05 - 04:10,956,22,result
2026-08-25,267,04:10 - 04:15,157,01,result
2026-08-25,268,04:15 - 04:20,460,06,result
2026-08-25,269,04:20 - 04:25,658,20,result
2026-08-25,270,04:25 - 04:30,473,82,result
2026-08-25,271,04:30 - 04:35,836,69,result
2026-08-25,272,04:35 - 04:40,709,00,result
2026-08-25,273,04:40 - 04:45,458,97,result
2026-08-25,274,04:45 - 04:50,225,06,result
2026-08-25,275,04:50 - 04:55,057,09,result
2026-08-25,276,04:55 - 05:00,394,54,result
2026-08-25,277,05:00 - 05:05,598,88,result
2026-08-25,278,05:05 - 05:10,006,77,result
2026-08-25,279,05:10 - 05:15,266,92,result
2026-08-25,280,05:15 - 05:20,678,61,result
2026-08-25,281,05:20 - 05:25,853,71,result
2026-08-25,282,05:25 - 05:30,674,15,result
2026-08-25,283,05:30 - 05:35,158,35,result
2026-08-25,284,05:35 - 05:40,834,34,result
2026-08-25,285,05:40 - 05:45,027,26,result
2026-08-25,286,05:45 - 05:50,573,08,result
2026-08-25,287,05:50 - 05:55,412,36,result
2026-08-25,288,05:55 - 06:00,688,85,result
2026-08-26,1,06:00 - 06:05,117,08,result
2026-08-26,2,06:05 - 06:10,922,63,result
2026-08-26,3,06:10 - 06:15,909,06,result
2026-08-26,4,06:15 - 06:20,601,59,result
2026-08-26,5,06:20 - 06:25,562,80,result
2026-08-26,6,06:25 - 06:30,793,79,result
2026-08-26,7,06:30 - 06:35,231,82,result
2026-08-26,8,06:35 - 06:40,550,30,result
2026-08-26,9,06:40 - 06:45,193,27,result
2026-08-26,10,06:45 - 06:50,263,00,result
2026-08-26,11,06:50 - 06:55,390,16,result
2026-08-26,12,06:55 - 07:00,355,17,result
2026-08-26,13,07:00 - 07:05,427,67,result
2026-08-26,14,07:05 - 07:10,074,91,result
2026-08-26,15,07:10 - 07:15,546,72,result
2026-08-26,16,07:15 - 07:20,707,49,result
2026-08-26,17,07:20 - 07:25,882,72,result
2026-08-26,18,07:25 - 07:30,110,85,result
2026-08-26,19,07:30 - 07:35,695,59,result
2026-08-26,20,07:35 - 07:40,426,39,result
2026-08-26,21,07:40 - 07:45,296,50,result
2026-08-26,22,07:45 - 07:50,461,76,result
2026-08-26,23,07:50 - 07:55,171,65,result
2026-08-26,24,07:55 - 08:00,617,58,result
2026-08-26,25,08:00 - 08:05,123,11,result
2026-08-26,26,08:05 - 08:10,509,81,result
2026-08-26,27,08:10 - 08:15,068,28,result
2026-08-26,28,08:15 - 08:20,014,67,result
2026-08-26,29,08:20 - 08:25,383,58,result
2026-08-26,30,08:25 - 08:30,198,01,result
2026-08-26,31,08:30 - 08:35,138,71,result
2026-08-26,32,08:35 - 08:40,207,35,result
2026-08-26,33,08:40 - 08:45,694,31,result
2026-08-26,34,08:45 - 08:50,027,70,result
2026-08-26,35,08:50 - 08:55,002,64,result
2026-08-26,36,08:55 - 09:00,622,68,result
2026-08-26,37,09:00 - 09:05,465,58,result
2026-08-26,38,09:05 - 09:10,474,97,result
2026-08-26,39,09:10 - 09:15,332,60,result
2026-08-26,40,09:15 - 09:20,253,72,result
2026-08-26,41,09:20 - 09:25,332,23,result
2026-08-26,42,09:25 - 09:30,449,81,result
2026-08-26,43,09:30 - 09:35,301,72,result
2026-08-26,44,09:35 - 09:40,544,67,result
2026-08-26,45,09:40 - 09:45,603,61,result
2026-08-26,46,09:45 - 09:50,995,73,result
2026-08-26,47,09:50 - 09:55,855,69,result
2026-08-26,48,09:55 - 10:00,425,80,result
2026-08-26,49,10:00 - 10:05,325,45,result
2026-08-26,50,10:05 - 10:10,921,13,result
2026-08-26,51,10:10 - 10:15,858,91,result
2026-08-26,52,10:15 - 10:20,126,78,result
2026-08-26,53,10:20 - 10:25,542,43,result
2026-08-26,54,10:25 - 10:30,095,58,result
2026-08-26,55,10:30 - 10:35,972,55,result
2026-08-26,56,10:35 - 10:40,013,05,result
2026-08-26,57,10:40 - 10:45,040,02,result
2026-08-26,58,10:45 - 10:50,317,34,result
2026-08-26,59,10:50 - 10:55,124,32,result
2026-08-26,60,10:55 - 11:00,355,36,result
2026-08-26,61,11:00 - 11:05,438,65,result
2026-08-26,62,11:05 - 11:10,064,42,result
2026-08-26,63,11:10 - 11:15,599,90,result
2026-08-26,64,11:15 - 11:20,977,72,result
2026-08-26,65,11:20 - 11:25,392,56,result
2026-08-26,66,11:25 - 11:30,631,92,result
2026-08-26,67,11:30 - 11:35,813,26,result
2026-08-26,68,11:35 - 11:40,566,31,result
2026-08-26,69,11:40 - 11:45,100,15,result
2026-08-26,70,11:45 - 11:50,595,73,result
2026-08-26,71,11:50 - 11:55,839,82,result
2026-08-26,72,11:55 - 12:00,979,03,result
2026-08-26,73,12:00 - 12:05,837,85,result
2026-08-26,74,12:05 - 12:10,349,52,result
2026-08-26,75,12:10 - 12:15,557,35,result
2026-08-26,76,12:15 - 12:20,571,91,result
2026-08-26,77,12:20 - 12:25,690,57,result
2026-08-26,78,12:25 - 12:30,808,69,result
2026-08-26,79,12:30 - 12:35,509,69,result
2026-08-26,80,12:35 - 12:40,064,60,result
2026-08-26,81,12:40 - 12:45,303,07,result
2026-08-26,82,12:45 - 12:50,697,50,result
2026-08-26,83,12:50 - 12:55,117,10,result
2026-08-26,84,12:55 - 13:00,356,41,result
2026-08-26,85,13:00 - 13:05,241,54,result
2026-08-26,86,13:05 - 13:10,306,20,result
2026-08-26,87,13:10 - 13:15,509,81,result
2026-08-26,88,13:15 - 13:20,901,43,result
2026-08-26,89,13:20 - 13:25,088,14,result
2026-08-26,90,13:25 - 13:30,841,00,result
2026-08-26,91,13:30 - 13:35,605,93,result
2026-08-26,92,13:35 - 13:40,885,91,result
2026-08-26,93,13:40 - 13:45,280,02,result
2026-08-26,94,13:45 - 13:50,560,29,result
2026-08-26,95,13:50 - 13:55,296,83,result
2026-08-26,96,13:55 - 14:00,073,85,result
2026-08-26,97,14:00 - 14:05,150,21,result
2026-08-26,98,14:05 - 14:10,574,55,result
2026-08-26,99,14:10 - 14:15,615,43,result
2026-08-26,100,14:15 - 14:20,527,51,result
2026-08-26,101,14:20 - 14:25,282,76,result
2026-08-26,102,14:25 - 14:30,559,42,result
2026-08-26,103,14:30 - 14:35,030,39,result
2026-08-26,104,14:35 - 14:40,762,94,result
2026-08-26,105,14:40 - 14:45,946,71,result
2026-08-26,106,14:45 - 14:50,989,42,result
2026-08-26,107,14:50 - 14:55,757,04,result
2026-08-26,108,14:55 - 15:00,471,05,result
2026-08-26,109,15:00 - 15:05,309,23,result
2026-08-26,110,15:05 - 15:10,815,25,result
2026-08-26,111,15:10 - 15:15,332,79,result
2026-08-26,112,15:15 - 15:20,634,24,result
2026-08-26,113,15:20 - 15:25,058,25,result
2026-08-26,114,15:25 - 15:30,337,68,result
2026-08-26,115,15:30 - 15:35,591,22,result
2026-08-26,116,15:35 - 15:40,150,15,result
2026-08-26,117,15:40 - 15:45,600,40,result
2026-08-26,118,15:45 - 15:50,511,83,result
2026-08-26,119,15:50 - 15:55,733,69,result
2026-08-26,120,15:55 - 16:00,192,66,result
2026-08-26,121,16:00 - 16:05,965,67,result
2026-08-26,122,16:05 - 16:10,811,71,result
2026-08-26,123,16:10 - 16:15,939,59,result
2026-08-26,124,16:15 - 16:20,658,02,result
2026-08-26,125,16:20 - 16:25,469,97,result
2026-08-26,126,16:25 - 16:30,858,93,result
2026-08-26,127,16:30 - 16:35,615,34,result
2026-08-26,128,16:35 - 16:40,756,72,result
2026-08-26,129,16:40 - 16:45,099,55,result
2026-08-26,130,16:45 - 16:50,322,22,result
2026-08-26,131,16:50 - 16:55,730,74,result
2026-08-26,132,16:55 - 17:00,460,74,result
2026-08-26,133,17:00 - 17:05,128,30,result
2026-08-26,134,17:05 - 17:10,471,34,result
2026-08-26,135,17:10 - 17:15,966,39,result
2026-08-26,136,17:15 - 17:20,138,74,result
2026-08-26,137,17:20 - 17:25,768,31,result
2026-08-26,138,17:25 - 17:30,680,77,result
2026-08-26,139,17:30 - 17:35,110,05,result
2026-08-26,140,17:35 - 17:40,389,68,result
2026-08-26,141,17:40 - 17:45,482,69,result
2026-08-26,142,17:45 - 17:50,062,54,result
2026-08-26,143,17:50 - 17:55,005,87,result
2026-08-26,144,17:55 - 18:00,342,43,result
2026-08-26,145,18:00 - 18:05,978,56,result
2026-08-26,146,18:05 - 18:10,849,26,result
2026-08-26,147,18:10 - 18:15,928,35,result
2026-08-26,148,18:15 - 18:20,038,85,result
2026-08-26,149,18:20 - 18:25,957,97,result
2026-08-26,150,18:25 - 18:30,765,94,result
2026-08-26,151,18:30 - 18:35,515,05,result
2026-08-26,152,18:35 - 18:40,728,32,result
2026-08-26,153,18:40 - 18:45,699,13,result
2026-08-26,154,18:45 - 18:50,386,28,result
2026-08-26,155,18:50 - 18:55,281,59,result
2026-08-26,156,18:55 - 19:00,552,66,result
2026-08-26,157,19:00 - 19:05,013,45,result
2026-08-26,158,19:05 - 19:10,615,76,result
2026-08-26,159,19:10 - 19:15,359,37,result
2026-08-26,160,19:15 - 19:20,006,26,result
2026-08-26,161,19:20 - 19:25,680,46,result
2026-08-26,162,19:25 - 19:30,086,86,result
2026-08-26,163,19:30 - 19:35,822,27,result
2026-08-26,164,19:35 - 19:40,299,57,result
2026-08-26,165,19:40 - 19:45,039,93,result
2026-08-26,166,19:45 - 19:50,810,92,result
2026-08-26,167,19:50 - 19:55,242,78,result
2026-08-26,168,19:55 - 20:00,458,16,result
2026-08-26,169,20:00 - 20:05,980,10,result
2026-08-26,170,20:05 - 20:10,438,84,result
2026-08-26,171,20:10 - 20:15,506,60,result
2026-08-26,172,20:15 - 20:20,430,09,result
2026-08-26,173,20:20 - 20:25,545,04,result
2026-08-26,174,20:25 - 20:30,688,96,result
2026-08-26,175,20:30 - 20:35,333,93,result
2026-08-26,176,20:35 - 20:40,053,20,result
2026-08-26,177,20:40 - 20:45,604,15,result
2026-08-26,178,20:45 - 20:50,015,01,result
2026-08-26,179,20:50 - 20:55,926,56,result
2026-08-26,180,20:55 - 21:00,982,39,result
2026-08-26,181,21:00 - 21:05,263,28,result
2026-08-26,182,21:05 - 21:10,330,31,result
2026-08-26,183,21:10 - 21:15,676,94,result
2026-08-26,184,21:15 - 21:20,907,15,result
2026-08-26,185,21:20 - 21:25,550,72,result
2026-08-26,186,21:25 - 21:30,640,05,result
2026-08-26,187,21:30 - 21:35,328,74,result
2026-08-26,188,21:35 - 21:40,773,34,result
2026-08-26,189,21:40 - 21:45,801,01,result
2026-08-26,190,21:45 - 21:50,046,87,result
2026-08-26,191,21:50 - 21:55,292,02,result
2026-08-26,192,21:55 - 22:00,501,36,result
2026-08-26,193,22:00 - 22:05,453,02,result
2026-08-26,194,22:05 - 22:10,924,94,result
2026-08-26,195,22:10 - 22:15,452,69,result
2026-08-26,196,22:15 - 22:20,721,10,result
2026-08-26,197,22:20 - 22:25,114,03,result
2026-08-26,198,22:25 - 22:30,002,61,result
2026-08-26,199,22:30 - 22:35,325,90,result
2026-08-26,200,22:35 - 22:40,972,10,result
2026-08-26,201,22:40 - 22:45,144,41,result
2026-08-26,202,22:45 - 22:50,736,43,result
2026-08-26,203,22:50 - 22:55,854,65,result
2026-08-26,204,22:55 - 23:00,277,70,result
2026-08-26,205,23:00 - 23:05,591,30,result
2026-08-26,206,23:05 - 23:10,030,19,result
2026-08-26,207,23:10 - 23:15,167,52,result
2026-08-26,208,23:15 - 23:20,185,48,result
2026-08-26,209,23:20 - 23:25,347,84,result
2026-08-26,210,23:25 - 23:30,947,09,result
2026-08-26,211,23:30 - 23:35,826,49,result
2026-08-26,212,23:35 - 23:40,765,08,result
2026-08-26,213,23:40 - 23:45,441,45,result
2026-08-26,214,23:45 - 23:50,920,81,result
2026-08-26,215,23:50 - 23:55,302,83,result
2026-08-26,216,23:55 - 00:00,078,62,result
2026-08-26,217,00:00 - 00:05,004,08,result
2026-08-26,218,00:05 - 00:10,039,75,result
2026-08-26,219,00:10 - 00:15,166,34,result
2026-08-26,220,00:15 - 00:20,307,23,result
2026-08-26,221,00:20 - 00:25,682,37,result
2026-08-26,222,00:25 - 00:30,894,35,result
2026-08-26,223,00:30 - 00:35,918,91,result
2026-08-26,224,00:35 - 00:40,467,55,result
2026-08-26,225,00:40 - 00:45,996,55,result
2026-08-26,226,00:45 - 00:50,874,32,result
2026-08-26,227,00:50 - 00:55,789,59,result
2026-08-26,228,00:55 - 01:00,335,06,result
2026-08-26,229,01:00 - 01:05,242,48,result
2026-08-26,230,01:05 - 01:10,945,86,result
2026-08-26,231,01:10 - 01:15,400,29,result
2026-08-26,232,01:15 - 01:20,868,43,result
2026-08-26,233,01:20 - 01:25,036,61,result
2026-08-26,234,01:25 - 01:30,998,44,result
2026-08-26,235,01:30 - 01:35,744,54,result
2026-08-26,236,01:35 - 01:40,481,75,result
2026-08-26,237,01:40 - 01:45,214,24,result
2026-08-26,238,01:45 - 01:50,232,94,result
2026-08-26,239,01:50 - 01:55,451,12,result
2026-08-26,240,01:55 - 02:00,608,69,result
2026-08-26,241,02:00 - 02:05,582,44,result
2026-08-26,242,02:05 - 02:10,419,94,result
2026-08-26,243,02:10 - 02:15,259,37,result
2026-08-26,244,02:15 - 02:20,664,88,result
2026-08-26,245,02:20 - 02:25,823,50,result
2026-08-26,246,02:25 - 02:30,617,25,result
2026-08-26,247,02:30 - 02:35,656,82,result
2026-08-26,248,02:35 - 02:40,720,77,result
2026-08-26,249,02:40 - 02:45,229,28,result
2026-08-26,250,02:45 - 02:50,723,00,result
2026-08-26,251,02:50 - 02:55,579,64,result
2026-08-26,252,02:55 - 03:00,824,89,result
2026-08-26,253,03:00 - 03:05,335,05,result
2026-08-26,254,03:05 - 03:10,862,60,result
2026-08-26,255,03:10 - 03:15,793,24,result
2026-08-26,256,03:15 - 03:20,661,85,result
2026-08-26,257,03:20 - 03:25,197,74,result
2026-08-26,258,03:25 - 03:30,736,48,result
2026-08-26,259,03:30 - 03:35,926,16,result
2026-08-26,260,03:35 - 03:40,675,50,result
2026-08-26,261,03:40 - 03:45,709,23,result
2026-08-26,262,03:45 - 03:50,085,32,result
2026-08-26,263,03:50 - 03:55,134,72,result
2026-08-26,264,03:55 - 04:00,661,63,result
2026-08-26,265,04:00 - 04:05,570,33,result
2026-08-26,266,04:05 - 04:10,751,57,result
2026-08-26,267,04:10 - 04:15,749,06,result
2026-08-26,268,04:15 - 04:20,494,16,result
2026-08-26,269,04:20 - 04:25,302,15,result
2026-08-26,270,04:25 - 04:30,476,35,result
2026-08-26,271,04:30 - 04:35,547,28,result
2026-08-26,272,04:35 - 04:40,885,69,result
2026-08-26,273,04:40 - 04:45,007,43,result
2026-08-26,274,04:45 - 04:50,213,87,result
2026-08-26,275,04:50 - 04:55,091,24,result
2026-08-26,276,04:55 - 05:00,622,00,result
2026-08-26,277,05:00 - 05:05,405,03,result
2026-08-26,278,05:05 - 05:10,344,11,result
2026-08-26,279,05:10 - 05:15,533,28,result
2026-08-26,280,05:15 - 05:20,910,71,result
2026-08-26,281,05:20 - 05:25,219,32,result
2026-08-26,282,05:25 - 05:30,548,20,result
2026-08-26,283,05:30 - 05:35,168,81,result
2026-08-26,284,05:35 - 05:40,883,49,result
2026-08-26,285,05:40 - 05:45,459,52,result
2026-08-26,286,05:45 - 05:50,327,69,result
2026-08-26,287,05:50 - 05:55,897,31,result
2026-08-26,288,05:55 - 06:00,810,53,result
2026-08-27,1,06:00 - 06:05,284,38,result
2026-08-27,2,06:05 - 06:10,211,70,result
2026-08-27,3,06:10 - 06:15,141,31,result
2026-08-27,4,06:15 - 06:20,731,59,result
2026-08-27,5,06:20 - 06:25,017,99,result
2026-08-27,6,06:25 - 06:30,378,05,result
2026-08-27,7,06:30 - 06:35,206,77,result
2026-08-27,8,06:35 - 06:40,570,36,result
2026-08-27,9,06:40 - 06:45,791,73,result
2026-08-27,10,06:45 - 06:50,838,78,result
2026-08-27,11,06:50 - 06:55,318,99,result
2026-08-27,12,06:55 - 07:00,643,49,result
2026-08-27,13,07:00 - 07:05,894,10,result
2026-08-27,14,07:05 - 07:10,914,23,result
2026-08-27,15,07:10 - 07:15,633,51,result
2026-08-27,16,07:15 - 07:20,772,94,result
2026-08-27,17,07:20 - 07:25,112,58,result
2026-08-27,18,07:25 - 07:30,746,82,result
2026-08-27,19,07:30 - 07:35,141,44,result
2026-08-27,20,07:35 - 07:40,545,69,result
2026-08-27,21,07:40 - 07:45,342,46,result
2026-08-27,22,07:45 - 07:50,352,48,result
2026-08-27,23,07:50 - 07:55,299,69,result
2026-08-27,24,07:55 - 08:00,972,18,result
2026-08-27,25,08:00 - 08:05,746,40,result
2026-08-27,26,08:05 - 08:10,233,08,result
2026-08-27,27,08:10 - 08:15,360,96,result
2026-08-27,28,08:15 - 08:20,254,48,result
2026-08-27,29,08:20 - 08:25,826,17,result
2026-08-27,30,08:25 - 08:30,566,07,result
2026-08-27,31,08:30 - 08:35,704,87,result
2026-08-27,32,08:35 - 08:40,333,46,result
2026-08-27,33,08:40 - 08:45,240,02,result
2026-08-27,34,08:45 - 08:50,430,09,result
2026-08-27,35,08:50 - 08:55,349,68,result
2026-08-27,36,08:55 - 09:00,351,72,result
2026-08-27,37,09:00 - 09:05,078,08,result
2026-08-27,38,09:05 - 09:10,120,16,result
2026-08-27,39,09:10 - 09:15,449,25,result
2026-08-27,40,09:15 - 09:20,441,03,result
2026-08-27,41,09:20 - 09:25,940,55,result
2026-08-27,42,09:25 - 09:30,282,57,result
2026-08-27,43,09:30 - 09:35,114,51,result
2026-08-27,44,09:35 - 09:40,178,64,result
2026-08-27,45,09:40 - 09:45,535,14,result
2026-08-27,46,09:45 - 09:50,854,11,result
2026-08-27,47,09:50 - 09:55,596,34,result
2026-08-27,48,09:55 - 10:00,072,20,result
2026-08-27,49,10:00 - 10:05,042,09,result
2026-08-27,50,10:05 - 10:10,336,29,result
2026-08-27,51,10:10 - 10:15,016,93,result
2026-08-27,52,10:15 - 10:20,685,77,result
2026-08-27,53,10:20 - 10:25,423,08,result
2026-08-27,54,10:25 - 10:30,527,20,result
2026-08-27,55,10:30 - 10:35,978,85,result
2026-08-27,56,10:35 - 10:40,004,80,result
2026-08-27,57,10:40 - 10:45,549,46,result
2026-08-27,58,10:45 - 10:50,203,36,result
2026-08-27,59,10:50 - 10:55,439,32,result
2026-08-27,60,10:55 - 11:00,123,39,result
2026-08-27,61,11:00 - 11:05,399,45,result
2026-08-27,62,11:05 - 11:10,686,12,result
2026-08-27,63,11:10 - 11:15,990,20,result
2026-08-27,64,11:15 - 11:20,253,08,result
2026-08-27,65,11:20 - 11:25,693,00,result
2026-08-27,66,11:25 - 11:30,665,85,result
2026-08-27,67,11:30 - 11:35,260,93,result
2026-08-27,68,11:35 - 11:40,818,83,result
2026-08-27,69,11:40 - 11:45,128,22,result
2026-08-27,70,11:45 - 11:50,517,50,result
2026-08-27,71,11:50 - 11:55,572,30,result
2026-08-27,72,11:55 - 12:00,562,18,result
2026-08-27,73,12:00 - 12:05,520,25,result
2026-08-27,74,12:05 - 12:10,415,04,result
2026-08-27,75,12:10 - 12:15,612,05,result
2026-08-27,76,12:15 - 12:20,294,87,result
2026-08-27,77,12:20 - 12:25,565,11,result
2026-08-27,78,12:25 - 12:30,647,23,result
2026-08-27,79,12:30 - 12:35,114,20,result
2026-08-27,80,12:35 - 12:40,683,75,result
2026-08-27,81,12:40 - 12:45,617,04,result
2026-08-27,82,12:45 - 12:50,456,76,result
2026-08-27,83,12:50 - 12:55,478,78,result
2026-08-27,84,12:55 - 13:00,229,46,result
2026-08-27,85,13:00 - 13:05,919,10,result
2026-08-27,86,13:05 - 13:10,481,71,result
2026-08-27,87,13:10 - 13:15,954,56,result
2026-08-27,88,13:15 - 13:20,752,75,result
2026-08-27,89,13:20 - 13:25,550,03,result
2026-08-27,90,13:25 - 13:30,557,40,result
2026-08-27,91,13:30 - 13:35,145,13,result
2026-08-27,92,13:35 - 13:40,497,63,result
2026-08-27,93,13:40 - 13:45,965,02,result
2026-08-27,94,13:45 - 13:50,413,64,result
2026-08-27,95,13:50 - 13:55,602,13,result
2026-08-27,96,13:55 - 14:00,571,79,result
2026-08-27,97,14:00 - 14:05,088,32,result
2026-08-27,98,14:05 - 14:10,982,92,result
2026-08-27,99,14:10 - 14:15,279,71,result
2026-08-27,100,14:15 - 14:20,146,16,result
2026-08-27,101,14:20 - 14:25,855,68,result
2026-08-27,102,14:25 - 14:30,276,63,result
2026-08-27,103,14:30 - 14:35,231,19,result
2026-08-27,104,14:35 - 14:40,436,18,result
2026-08-27,105,14:40 - 14:45,033,30,result
2026-08-27,106,14:45 - 14:50,329,97,result
2026-08-27,107,14:50 - 14:55,817,13,result
2026-08-27,108,14:55 - 15:00,816,69,result
2026-08-27,109,15:00 - 15:05,688,44,result
2026-08-27,110,15:05 - 15:10,354,49,result
2026-08-27,111,15:10 - 15:15,101,18,result
2026-08-27,112,15:15 - 15:20,487,57,result
2026-08-27,113,15:20 - 15:25,814,53,result
2026-08-27,114,15:25 - 15:30,123,72,result
2026-08-27,115,15:30 - 15:35,853,37,result
2026-08-27,116,15:35 - 15:40,582,14,result
2026-08-27,117,15:40 - 15:45,030,78,result
2026-08-27,118,15:45 - 15:50,177,28,result
2026-08-27,119,15:50 - 15:55,932,31,result
2026-08-27,120,15:55 - 16:00,262,77,result
2026-08-27,121,16:00 - 16:05,188,89,result
2026-08-27,122,16:05 - 16:10,567,30,result
2026-08-27,123,16:10 - 16:15,002,65,result
2026-08-27,124,16:15 - 16:20,074,41,result
2026-08-27,125,16:20 - 16:25,303,85,result
2026-08-27,126,16:25 - 16:30,509,32,result
2026-08-27,127,16:30 - 16:35,681,61,result
2026-08-27,128,16:35 - 16:40,373,05,result
2026-08-27,129,16:40 - 16:45,353,84,result
2026-08-27,130,16:45 - 16:50,606,48,result
2026-08-27,131,16:50 - 16:55,606,79,result
2026-08-27,132,16:55 - 17:00,139,61,result
2026-08-27,133,17:00 - 17:05,448,95,result
2026-08-27,134,17:05 - 17:10,139,33,result
2026-08-27,135,17:10 - 17:15,705,30,result
2026-08-27,136,17:15 - 17:20,449,62,result
2026-08-27,137,17:20 - 17:25,825,95,result
2026-08-27,138,17:25 - 17:30,830,64,result
2026-08-27,139,17:30 - 17:35,642,27,result
2026-08-27,140,17:35 - 17:40,171,61,result
2026-08-27,141,17:40 - 17:45,566,29,result
2026-08-27,142,17:45 - 17:50,019,55,result
2026-08-27,143,17:50 - 17:55,265,46,result
2026-08-27,144,17:55 - 18:00,590,38,result
2026-08-27,145,18:00 - 18:05,904,43,result
2026-08-27,146,18:05 - 18:10,297,52,result
2026-08-27,147,18:10 - 18:15,067,68,result
2026-08-27,148,18:15 - 18:20,323,64,result
2026-08-27,149,18:20 - 18:25,074,71,result
2026-08-27,150,18:25 - 18:30,967,71,result
2026-08-27,151,18:30 - 18:35,834,10,result
2026-08-27,152,18:35 - 18:40,598,29,result
2026-08-27,153,18:40 - 18:45,223,45,result
2026-08-27,154,18:45 - 18:50,103,77,result
2026-08-27,155,18:50 - 18:55,685,76,result
2026-08-27,156,18:55 - 19:00,935,76,result
2026-08-27,157,19:00 - 19:05,963,63,result
2026-08-27,158,19:05 - 19:10,726,54,result
2026-08-27,159,19:10 - 19:15,517,48,result
2026-08-27,160,19:15 - 19:20,819,80,result
2026-08-27,161,19:20 - 19:25,418,76,result
2026-08-27,162,19:25 - 19:30,236,24,result
2026-08-27,163,19:30 - 19:35,971,53,result
2026-08-27,164,19:35 - 19:40,274,68,result
2026-08-27,165,19:40 - 19:45,910,31,result
2026-08-27,166,19:45 - 19:50,290,52,result
2026-08-27,167,19:50 - 19:55,860,09,result
2026-08-27,168,19:55 - 20:00,343,56,result
2026-08-27,169,20:00 - 20:05,904,52,result
2026-08-27,170,20:05 - 20:10,257,79,result
2026-08-27,171,20:10 - 20:15,323,83,result
2026-08-27,172,20:15 - 20:20,896,34,result
2026-08-27,173,20:20 - 20:25,280,26,result
2026-08-27,174,20:25 - 20:30,337,94,result
2026-08-27,175,20:30 - 20:35,029,02,result
2026-08-27,176,20:35 - 20:40,247,93,result
2026-08-27,177,20:40 - 20:45,090,49,result
2026-08-27,178,20:45 - 20:50,581,14,result
2026-08-27,179,20:50 - 20:55,618,05,result
2026-08-27,180,20:55 - 21:00,239,77,result
2026-08-27,181,21:00 - 21:05,175,95,result
2026-08-27,182,21:05 - 21:10,580,81,result
2026-08-27,183,21:10 - 21:15,187,86,result
2026-08-27,184,21:15 - 21:20,680,23,result
2026-08-27,185,21:20 - 21:25,197,10,result
2026-08-27,186,21:25 - 21:30,219,06,result
2026-08-27,187,21:30 - 21:35,485,40,result
2026-08-27,188,21:35 - 21:40,525,72,result
2026-08-27,189,21:40 - 21:45,503,11,result
2026-08-27,190,21:45 - 21:50,402,60,result
2026-08-27,191,21:50 - 21:55,468,90,result
2026-08-27,192,21:55 - 22:00,815,62,result
2026-08-27,193,22:00 - 22:05,211,14,result
2026-08-27,194,22:05 - 22:10,066,75,result
2026-08-27,195,22:10 - 22:15,239,63,result
2026-08-27,196,22:15 - 22:20,848,28,result
2026-08-27,197,22:20 - 22:25,133,05,result
2026-08-27,198,22:25 - 22:30,564,92,result
2026-08-27,199,22:30 - 22:35,200,54,result
2026-08-27,200,22:35 - 22:40,660,23,result
2026-08-27,201,22:40 - 22:45,664,84,result
2026-08-27,202,22:45 - 22:50,585,22,result
2026-08-27,203,22:50 - 22:55,254,08,result
2026-08-27,204,22:55 - 23:00,989,51,result
2026-08-27,205,23:00 - 23:05,118,31,result
2026-08-27,206,23:05 - 23:10,949,41,result
2026-08-27,207,23:10 - 23:15,890,40,result
2026-08-27,208,23:15 - 23:20,723,89,result
2026-08-27,209,23:20 - 23:25,220,94,result
2026-08-27,210,23:25 - 23:30,463,31,result
2026-08-27,211,23:30 - 23:35,462,35,result
2026-08-27,212,23:35 - 23:40,923,12,result
2026-08-27,213,23:40 - 23:45,780,49,result
2026-08-27,214,23:45 - 23:50,157,49,result
2026-08-27,215,23:50 - 23:55,081,59,result
2026-08-27,216,23:55 - 00:00,089,60,result
2026-08-27,217,00:00 - 00:05,809,59,result
2026-08-27,218,00:05 - 00:10,639,40,result
2026-08-27,219,00:10 - 00:15,593,12,result
2026-08-27,220,00:15 - 00:20,380,00,result
2026-08-27,221,00:20 - 00:25,764,88,result
2026-08-27,222,00:25 - 00:30,080,12,result
2026-08-27,223,00:30 - 00:35,238,41,result
2026-08-27,224,00:35 - 00:40,586,66,result
2026-08-27,225,00:40 - 00:45,936,02,result
2026-08-27,226,00:45 - 00:50,763,91,result
2026-08-27,227,00:50 - 00:55,307,55,result
2026-08-27,228,00:55 - 01:00,921,71,result
2026-08-27,229,01:00 - 01:05,850,71,result
2026-08-27,230,01:05 - 01:10,643,88,result
2026-08-27,231,01:10 - 01:15,771,49,result
2026-08-27,232,01:15 - 01:20,764,92,result
2026-08-27,233,01:20 - 01:25,642,01,result
2026-08-27,234,01:25 - 01:30,835,68,result
2026-08-27,235,01:30 - 01:35,738,23,result
2026-08-27,236,01:35 - 01:40,603,81,result
2026-08-27,237,01:40 - 01:45,079,36,result
2026-08-27,238,01:45 - 01:50,353,26,result
2026-08-27,239,01:50 - 01:55,035,08,result
2026-08-27,240,01:55 - 02:00,124,74,result
2026-08-27,241,02:00 - 02:05,617,22,result
2026-08-27,242,02:05 - 02:10,536,09,result
2026-08-27,243,02:10 - 02:15,793,06,result
2026-08-27,244,02:15 - 02:20,715,08,result
2026-08-27,245,02:20 - 02:25,435,47,result
2026-08-27,246,02:25 - 02:30,937,01,result
2026-08-27,247,02:30 - 02:35,466,98,result
2026-08-27,248,02:35 - 02:40,557,45,result
2026-08-27,249,02:40 - 02:45,810,28,result
2026-08-27,250,02:45 - 02:50,253,44,result
2026-08-27,251,02:50 - 02:55,917,67,result
2026-08-27,252,02:55 - 03:00,080,31,result
2026-08-27,253,03:00 - 03:05,048,71,result
2026-08-27,254,03:05 - 03:10,549,19,result
2026-08-27,255,03:10 - 03:15,833,61,result
2026-08-27,256,03:15 - 03:20,168,99,result
2026-08-27,257,03:20 - 03:25,028,83,result
2026-08-27,258,03:25 - 03:30,809,77,result
2026-08-27,259,03:30 - 03:35,642,27,result
2026-08-27,260,03:35 - 03:40,349,23,result
2026-08-27,261,03:40 - 03:45,917,89,result
2026-08-27,262,03:45 - 03:50,800,59,result
2026-08-27,263,03:50 - 03:55,862,88,result
2026-08-27,264,03:55 - 04:00,628,97,result
2026-08-27,265,04:00 - 04:05,517,75,result
2026-08-27,266,04:05 - 04:10,539,58,result
2026-08-27,267,04:10 - 04:15,455,81,result
2026-08-27,268,04:15 - 04:20,319,85,result
2026-08-27,269,04:20 - 04:25,176,59,result
2026-08-27,270,04:25 - 04:30,186,78,result
2026-08-27,271,04:30 - 04:35,224,72,result
2026-08-27,272,04:35 - 04:40,487,95,result
2026-08-27,273,04:40 - 04:45,406,03,result
2026-08-27,274,04:45 - 04:50,763,98,result
2026-08-27,275,04:50 - 04:55,311,29,result
2026-08-27,276,04:55 - 05:00,020,06,result
2026-08-27,277,05:00 - 05:05,937,04,result
2026-08-27,278,05:05 - 05:10,236,43,result
2026-08-27,279,05:10 - 05:15,362,73,result
2026-08-27,280,05:15 - 05:20,652,22,result
2026-08-27,281,05:20 - 05:25,170,46,result
2026-08-27,282,05:25 - 05:30,647,03,result
2026-08-27,283,05:30 - 05:35,029,86,result
2026-08-27,284,05:35 - 05:40,275,50,result
2026-08-27,285,05:40 - 05:45,535,19,result
2026-08-27,286,05:45 - 05:50,690,03,result
2026-08-27,287,05:50 - 05:55,151,71,result
2026-08-27,288,05:55 - 06:00,405,29,result
2026-08-28,1,06:00 - 06:05,613,51,result
2026-08-28,2,06:05 - 06:10,853,41,result
2026-08-28,3,06:10 - 06:15,779,93,result
2026-08-28,4,06:15 - 06:20,597,57,result
2026-08-28,5,06:20 - 06:25,179,76,result
2026-08-28,6,06:25 - 06:30,463,71,result
2026-08-28,7,06:30 - 06:35,370,53,result
2026-08-28,8,06:35 - 06:40,789,74,result
2026-08-28,9,06:40 - 06:45,920,50,result
2026-08-28,10,06:45 - 06:50,627,24,result
2026-08-28,11,06:50 - 06:55,328,40,result
2026-08-28,12,06:55 - 07:00,993,64,result
2026-08-28,13,07:00 - 07:05,568,11,result
2026-08-28,14,07:05 - 07:10,547,25,result
2026-08-28,15,07:10 - 07:15,438,37,result
2026-08-28,16,07:15 - 07:20,493,99,result
2026-08-28,17,07:20 - 07:25,388,54,result
2026-08-28,18,07:25 - 07:30,771,46,result
2026-08-28,19,07:30 - 07:35,903,83,result
2026-08-28,20,07:35 - 07:40,710,80,result
2026-08-28,21,07:40 - 07:45,890,30,result
2026-08-28,22,07:45 - 07:50,642,74,result
2026-08-28,23,07:50 - 07:55,539,20,result
2026-08-28,24,07:55 - 08:00,380,44,result
2026-08-28,25,08:00 - 08:05,274,90,result
2026-08-28,26,08:05 - 08:10,452,90,result
2026-08-28,27,08:10 - 08:15,564,25,result
2026-08-28,28,08:15 - 08:20,675,78,result
2026-08-28,29,08:20 - 08:25,241,94,result
2026-08-28,30,08:25 - 08:30,765,15,result
2026-08-28,31,08:30 - 08:35,560,19,result
2026-08-28,32,08:35 - 08:40,709,98,result
2026-08-28,33,08:40 - 08:45,364,05,result
2026-08-28,34,08:45 - 08:50,112,74,result
2026-08-28,35,08:50 - 08:55,627,90,result
2026-08-28,36,08:55 - 09:00,483,59,result
2026-08-28,37,09:00 - 09:05,967,86,result
2026-08-28,38,09:05 - 09:10,870,26,result
2026-08-28,39,09:10 - 09:15,908,78,result
2026-08-28,40,09:15 - 09:20,221,09,result
2026-08-28,41,09:20 - 09:25,361,59,result
2026-08-28,42,09:25 - 09:30,175,83,result
2026-08-28,43,09:30 - 09:35,982,06,result
2026-08-28,44,09:35 - 09:40,436,53,result
2026-08-28,45,09:40 - 09:45,317,88,result
2026-08-28,46,09:45 - 09:50,051,27,result
2026-08-28,47,09:50 - 09:55,640,92,result
2026-08-28,48,09:55 - 10:00,552,59,result
2026-08-28,49,10:00 - 10:05,459,48,result
2026-08-28,50,10:05 - 10:10,810,69,result
2026-08-28,51,10:10 - 10:15,501,56,result
2026-08-28,52,10:15 - 10:20,922,88,result
2026-08-28,53,10:20 - 10:25,088,75,result
2026-08-28,54,10:25 - 10:30,429,12,result
2026-08-28,55,10:30 - 10:35,091,40,result
2026-08-28,56,10:35 - 10:40,302,13,result
2026-08-28,57,10:40 - 10:45,802,10,result
2026-08-28,58,10:45 - 10:50,718,70,result
2026-08-28,59,10:50 - 10:55,759,21,result
2026-08-28,60,10:55 - 11:00,422,83,result
2026-08-28,61,11:00 - 11:05,756,81,result
2026-08-28,62,11:05 - 11:10,305,12,result
2026-08-28,63,11:10 - 11:15,201,69,result
2026-08-28,64,11:15 - 11:20,886,74,result
2026-08-28,65,11:20 - 11:25,153,20,result
2026-08-28,66,11:25 - 11:30,530,99,result
2026-08-28,67,11:30 - 11:35,584,34,result
2026-08-28,68,11:35 - 11:40,183,29,result
2026-08-28,69,11:40 - 11:45,783,84,result
2026-08-28,70,11:45 - 11:50,131,29,result
2026-08-28,71,11:50 - 11:55,584,94,result
2026-08-28,72,11:55 - 12:00,620,35,result
2026-08-28,73,12:00 - 12:05,441,96,result
2026-08-28,74,12:05 - 12:10,310,00,result
2026-08-28,75,12:10 - 12:15,701,42,result
2026-08-28,76,12:15 - 12:20,264,47,result
2026-08-28,77,12:20 - 12:25,263,43,result
2026-08-28,78,12:25 - 12:30,830,65,result
2026-08-28,79,12:30 - 12:35,927,24,result
2026-08-28,80,12:35 - 12:40,203,34,result
2026-08-28,81,12:40 - 12:45,991,95,result
2026-08-28,82,12:45 - 12:50,701,00,result
2026-08-28,83,12:50 - 12:55,971,85,result
2026-08-28,84,12:55 - 13:00,903,65,result
2026-08-28,85,13:00 - 13:05,022,61,result
2026-08-28,86,13:05 - 13:10,503,53,result
2026-08-28,87,13:10 - 13:15,796,84,result
2026-08-28,88,13:15 - 13:20,178,27,result
2026-08-28,89,13:20 - 13:25,143,89,result
2026-08-28,90,13:25 - 13:30,634,85,result
2026-08-28,91,13:30 - 13:35,723,95,result
2026-08-28,92,13:35 - 13:40,807,92,result
2026-08-28,93,13:40 - 13:45,845,60,result
2026-08-28,94,13:45 - 13:50,188,10,result
2026-08-28,95,13:50 - 13:55,264,66,result
2026-08-28,96,13:55 - 14:00,474,44,result
2026-08-28,97,14:00 - 14:05,667,35,result
2026-08-28,98,14:05 - 14:10,422,97,result
2026-08-28,99,14:10 - 14:15,487,41,result
2026-08-28,100,14:15 - 14:20,695,53,result
2026-08-28,101,14:20 - 14:25,946,06,result
2026-08-28,102,14:25 - 14:30,092,86,result
2026-08-28,103,14:30 - 14:35,583,05,result
2026-08-28,104,14:35 - 14:40,046,43,result
2026-08-28,105,14:40 - 14:45,946,44,result
2026-08-28,106,14:45 - 14:50,947,85,result
2026-08-28,107,14:50 - 14:55,697,65,result
2026-08-28,108,14:55 - 15:00,797,60,result
2026-08-28,109,15:00 - 15:05,644,66,result
2026-08-28,110,15:05 - 15:10,888,09,result
2026-08-28,111,15:10 - 15:15,608,37,result
2026-08-28,112,15:15 - 15:20,132,97,result
2026-08-28,113,15:20 - 15:25,833,24,result
2026-08-28,114,15:25 - 15:30,879,64,result
2026-08-28,115,15:30 - 15:35,376,30,result
2026-08-28,116,15:35 - 15:40,762,97,result
2026-08-28,117,15:40 - 15:45,376,82,result
2026-08-28,118,15:45 - 15:50,813,86,result
2026-08-28,119,15:50 - 15:55,154,38,result
2026-08-28,120,15:55 - 16:00,403,74,result
2026-08-28,121,16:00 - 16:05,439,69,result
2026-08-28,122,16:05 - 16:10,548,00,result
2026-08-28,123,16:10 - 16:15,940,09,result
2026-08-28,124,16:15 - 16:20,335,24,result
2026-08-28,125,16:20 - 16:25,871,81,result
2026-08-28,126,16:25 - 16:30,588,71,result
2026-08-28,127,16:30 - 16:35,890,48,result
2026-08-28,128,16:35 - 16:40,692,25,result
2026-08-28,129,16:40 - 16:45,693,19,result
2026-08-28,130,16:45 - 16:50,615,19,result
2026-08-28,131,16:50 - 16:55,774,94,result
2026-08-28,132,16:55 - 17:00,383,64,result
2026-08-28,133,17:00 - 17:05,347,09,result
2026-08-28,134,17:05 - 17:10,690,34,result
2026-08-28,135,17:10 - 17:15,978,08,result
2026-08-28,136,17:15 - 17:20,420,42,result
2026-08-28,137,17:20 - 17:25,781,83,result
2026-08-28,138,17:25 - 17:30,419,20,result
2026-08-28,139,17:30 - 17:35,955,55,result
2026-08-28,140,17:35 - 17:40,270,71,result
2026-08-28,141,17:40 - 17:45,099,50,result
2026-08-28,142,17:45 - 17:50,266,80,result
2026-08-28,143,17:50 - 17:55,111,42,result
2026-08-28,144,17:55 - 18:00,162,40,result
2026-08-28,145,18:00 - 18:05,707,45,result
2026-08-28,146,18:05 - 18:10,887,08,result
2026-08-28,147,18:10 - 18:15,370,06,result
2026-08-28,148,18:15 - 18:20,960,57,result
2026-08-28,149,18:20 - 18:25,367,03,result
2026-08-28,150,18:25 - 18:30,332,11,result
2026-08-28,151,18:30 - 18:35,613,99,result
2026-08-28,152,18:35 - 18:40,618,24,result
2026-08-28,153,18:40 - 18:45,989,08,result
2026-08-28,154,18:45 - 18:50,311,80,result
2026-08-28,155,18:50 - 18:55,864,41,result
2026-08-28,156,18:55 - 19:00,363,08,result
2026-08-28,157,19:00 - 19:05,050,82,result
2026-08-28,158,19:05 - 19:10,650,65,result
2026-08-28,159,19:10 - 19:15,186,21,result
2026-08-28,160,19:15 - 19:20,788,61,result
2026-08-28,161,19:20 - 19:25,516,83,result
2026-08-28,162,19:25 - 19:30,400,08,result
2026-08-28,163,19:30 - 19:35,982,70,result
2026-08-28,164,19:35 - 19:40,611,98,result
2026-08-28,165,19:40 - 19:45,598,15,result
2026-08-28,166,19:45 - 19:50,591,92,result
2026-08-28,167,19:50 - 19:55,792,43,result
2026-08-28,168,19:55 - 20:00,994,88,result
2026-08-28,169,20:00 - 20:05,028,69,result
2026-08-28,170,20:05 - 20:10,137,54,result
2026-08-28,171,20:10 - 20:15,276,87,result
2026-08-28,172,20:15 - 20:20,559,98,result
2026-08-28,173,20:20 - 20:25,938,95,result
2026-08-28,174,20:25 - 20:30,898,31,result
2026-08-28,175,20:30 - 20:35,235,24,result
2026-08-28,176,20:35 - 20:40,645,94,result
2026-08-28,177,20:40 - 20:45,883,86,result
2026-08-28,178,20:45 - 20:50,471,84,result
2026-08-28,179,20:50 - 20:55,968,14,result
2026-08-28,180,20:55 - 21:00,646,18,result
2026-08-28,181,21:00 - 21:05,399,87,result
2026-08-28,182,21:05 - 21:10,742,52,result
2026-08-28,183,21:10 - 21:15,591,01,result
2026-08-28,184,21:15 - 21:20,017,04,result
2026-08-28,185,21:20 - 21:25,736,69,result
2026-08-28,186,21:25 - 21:30,309,01,result
2026-08-28,187,21:30 - 21:35,394,67,result
2026-08-28,188,21:35 - 21:40,245,67,result
2026-08-28,189,21:40 - 21:45,243,15,result
2026-08-28,190,21:45 - 21:50,973,26,result
2026-08-28,191,21:50 - 21:55,524,94,result
2026-08-28,192,21:55 - 22:00,915,68,result
2026-08-28,193,22:00 - 22:05,751,25,result
2026-08-28,194,22:05 - 22:10,335,41,result
2026-08-28,195,22:10 - 22:15,118,78,result
2026-08-28,196,22:15 - 22:20,737,63,result
2026-08-28,197,22:20 - 22:25,992,78,result
2026-08-28,198,22:25 - 22:30,451,50,result
2026-08-28,199,22:30 - 22:35,754,19,result
2026-08-28,200,22:35 - 22:40,984,78,result
2026-08-28,201,22:40 - 22:45,933,32,result
2026-08-28,202,22:45 - 22:50,763,92,result
2026-08-28,203,22:50 - 22:55,952,90,result
2026-08-28,204,22:55 - 23:00,056,92,result
2026-08-28,205,23:00 - 23:05,160,17,result
2026-08-28,206,23:05 - 23:10,008,65,result
2026-08-28,207,23:10 - 23:15,363,44,result
2026-08-28,208,23:15 - 23:20,706,40,result
2026-08-28,209,23:20 - 23:25,863,68,result
2026-08-28,210,23:25 - 23:30,933,86,result
2026-08-28,211,23:30 - 23:35,362,36,result
2026-08-28,212,23:35 - 23:40,536,72,result
2026-08-28,213,23:40 - 23:45,757,24,result
2026-08-28,214,23:45 - 23:50,059,13,result
2026-08-28,215,23:50 - 23:55,170,36,result
2026-08-28,216,23:55 - 00:00,502,71,result
2026-08-28,217,00:00 - 00:05,711,85,result
2026-08-28,218,00:05 - 00:10,463,37,result
2026-08-28,219,00:10 - 00:15,385,47,result
2026-08-28,220,00:15 - 00:20,729,05,result
2026-08-28,221,00:20 - 00:25,906,03,result
2026-08-28,222,00:25 - 00:30,041,69,result
2026-08-28,223,00:30 - 00:35,587,63,result
2026-08-28,224,00:35 - 00:40,111,39,result
2026-08-28,225,00:40 - 00:45,444,92,result
2026-08-28,226,00:45 - 00:50,921,93,result
2026-08-28,227,00:50 - 00:55,540,01,result
2026-08-28,228,00:55 - 01:00,063,36,result
2026-08-28,229,01:00 - 01:05,705,56,result
2026-08-28,230,01:05 - 01:10,551,79,result
2026-08-28,231,01:10 - 01:15,820,99,result
2026-08-28,232,01:15 - 01:20,048,01,result
2026-08-28,233,01:20 - 01:25,812,73,result
2026-08-28,234,01:25 - 01:30,823,02,result
2026-08-28,235,01:30 - 01:35,200,79,result
2026-08-28,236,01:35 - 01:40,960,82,result
2026-08-28,237,01:40 - 01:45,675,50,result
2026-08-28,238,01:45 - 01:50,052,27,result
2026-08-28,239,01:50 - 01:55,453,68,result
2026-08-28,240,01:55 - 02:00,095,10,result
2026-08-28,241,02:00 - 02:05,866,19,result
2026-08-28,242,02:05 - 02:10,272,22,result
2026-08-28,243,02:10 - 02:15,328,96,result
2026-08-28,244,02:15 - 02:20,591,85,result
2026-08-28,245,02:20 - 02:25,453,47,result
2026-08-28,246,02:25 - 02:30,537,13,result
2026-08-28,247,02:30 - 02:35,028,64,result
2026-08-28,248,02:35 - 02:40,838,50,result
2026-08-28,249,02:40 - 02:45,772,43,result
2026-08-28,250,02:45 - 02:50,802,05,result
2026-08-28,251,02:50 - 02:55,718,20,result
2026-08-28,252,02:55 - 03:00,965,06,result
2026-08-28,253,03:00 - 03:05,521,57,result
2026-08-28,254,03:05 - 03:10,806,79,result
2026-08-28,255,03:10 - 03:15,389,16,result
2026-08-28,256,03:15 - 03:20,727,68,result
2026-08-28,257,03:20 - 03:25,855,96,result
2026-08-28,258,03:25 - 03:30,434,09,result
2026-08-28,259,03:30 - 03:35,079,49,result
2026-08-28,260,03:35 - 03:40,612,42,result
2026-08-28,261,03:40 - 03:45,092,35,result
2026-08-28,262,03:45 - 03:50,902,26,result
2026-08-28,263,03:50 - 03:55,372,99,result
2026-08-28,264,03:55 - 04:00,611,13,result
2026-08-28,265,04:00 - 04:05,941,61,result
2026-08-28,266,04:05 - 04:10,339,52,result
2026-08-28,267,04:10 - 04:15,195,33,result
2026-08-28,268,04:15 - 04:20,673,18,result
2026-08-28,269,04:20 - 04:25,432,20,result
2026-08-28,270,04:25 - 04:30,912,88,result
2026-08-28,271,04:30 - 04:35,766,98,result
2026-08-28,272,04:35 - 04:40,859,22,result
2026-08-28,273,04:40 - 04:45,747,46,result
2026-08-28,274,04:45 - 04:50,521,65,result
2026-08-28,275,04:50 - 04:55,259,61,result
2026-08-28,276,04:55 - 05:00,059,75,result
2026-08-28,277,05:00 - 05:05,657,84,result
2026-08-28,278,05:05 - 05:10,414,14,result
2026-08-28,279,05:10 - 05:15,424,07,result
2026-08-28,280,05:15 - 05:20,527,34,result
2026-08-28,281,05:20 - 05:25,724,11,result
2026-08-28,282,05:25 - 05:30,133,33,result
2026-08-28,283,05:30 - 05:35,355,13,result
2026-08-28,284,05:35 - 05:40,062,78,result
2026-08-28,285,05:40 - 05:45,927,22,result
2026-08-28,286,05:45 - 05:50,800,28,result
2026-08-28,287,05:50 - 05:55,647,89,result
2026-08-28,288,05:55 - 06:00,861,23,result
2026-08-29,1,06:00 - 06:05,105,79,result
2026-08-29,2,06:05 - 06:10,330,13,result
2026-08-29,3,06:10 - 06:15,246,31,result
2026-08-29,4,06:15 - 06:20,999,37,result
2026-08-29,5,06:20 - 06:25,298,81,result
2026-08-29,6,06:25 - 06:30,642,45,result
2026-08-29,7,06:30 - 06:35,504,34,result
2026-08-29,8,06:35 - 06:40,432,68,result
2026-08-29,9,06:40 - 06:45,037,33,result
2026-08-29,10,06:45 - 06:50,503,44,result
2026-08-29,11,06:50 - 06:55,843,20,result
2026-08-29,12,06:55 - 07:00,182,63,result
2026-08-29,13,07:00 - 07:05,784,47,result
2026-08-29,14,07:05 - 07:10,583,06,result
2026-08-29,15,07:10 - 07:15,664,26,result
2026-08-29,16,07:15 - 07:20,562,72,result
2026-08-29,17,07:20 - 07:25,098,59,result
2026-08-29,18,07:25 - 07:30,505,35,result
2026-08-29,19,07:30 - 07:35,333,31,result
2026-08-29,20,07:35 - 07:40,471,19,result
2026-08-29,21,07:40 - 07:45,302,99,result
2026-08-29,22,07:45 - 07:50,691,96,result
2026-08-29,23,07:50 - 07:55,857,99,result
2026-08-29,24,07:55 - 08:00,818,60,result
2026-08-29,25,08:00 - 08:05,642,71,result
2026-08-29,26,08:05 - 08:10,871,23,result
2026-08-29,27,08:10 - 08:15,567,70,result
2026-08-29,28,08:15 - 08:20,371,33,result
2026-08-29,29,08:20 - 08:25,162,86,result
2026-08-29,30,08:25 - 08:30,734,05,result
2026-08-29,31,08:30 - 08:35,202,52,result
2026-08-29,32,08:35 - 08:40,806,80,result
2026-08-29,33,08:40 - 08:45,657,38,result
2026-08-29,34,08:45 - 08:50,084,59,result
2026-08-29,35,08:50 - 08:55,629,83,result
2026-08-29,36,08:55 - 09:00,720,75,result
2026-08-29,37,09:00 - 09:05,396,02,result
2026-08-29,38,09:05 - 09:10,953,20,result
2026-08-29,39,09:10 - 09:15,796,94,result
2026-08-29,40,09:15 - 09:20,845,25,result
2026-08-29,41,09:20 - 09:25,168,00,result
2026-08-29,42,09:25 - 09:30,894,92,result
2026-08-29,43,09:30 - 09:35,932,87,result
2026-08-29,44,09:35 - 09:40,647,66,result
2026-08-29,45,09:40 - 09:45,006,25,result
2026-08-29,46,09:45 - 09:50,601,75,result
2026-08-29,47,09:50 - 09:55,959,36,result
2026-08-29,48,09:55 - 10:00,415,43,result
2026-08-29,49,10:00 - 10:05,543,33,result
2026-08-29,50,10:05 - 10:10,183,10,result
2026-08-29,51,10:10 - 10:15,264,97,result
2026-08-29,52,10:15 - 10:20,636,67,result
2026-08-29,53,10:20 - 10:25,370,77,result
2026-08-29,54,10:25 - 10:30,114,99,result
2026-08-29,55,10:30 - 10:35,976,93,result
2026-08-29,56,10:35 - 10:40,930,47,result
2026-08-29,57,10:40 - 10:45,787,42,result
2026-08-29,58,10:45 - 10:50,393,14,result
2026-08-29,59,10:50 - 10:55,687,72,result
2026-08-29,60,10:55 - 11:00,299,72,result
2026-08-29,61,11:00 - 11:05,398,30,result
2026-08-29,62,11:05 - 11:10,086,27,result
2026-08-29,63,11:10 - 11:15,834,18,result
2026-08-29,64,11:15 - 11:20,314,27,result
2026-08-29,65,11:20 - 11:25,496,55,result
2026-08-29,66,11:25 - 11:30,680,12,result
2026-08-29,67,11:30 - 11:35,721,53,result
2026-08-29,68,11:35 - 11:40,057,67,result
2026-08-29,69,11:40 - 11:45,369,32,result
2026-08-29,70,11:45 - 11:50,003,77,result
2026-08-29,71,11:50 - 11:55,581,32,result
2026-08-29,72,11:55 - 12:00,573,23,result
2026-08-29,73,12:00 - 12:05,466,25,result
2026-08-29,74,12:05 - 12:10,906,48,result
2026-08-29,75,12:10 - 12:15,308,95,result
2026-08-29,76,12:15 - 12:20,052,17,result
2026-08-29,77,12:20 - 12:25,125,16,result
2026-08-29,78,12:25 - 12:30,083,43,result
2026-08-29,79,12:30 - 12:35,790,66,result
2026-08-29,80,12:35 - 12:40,347,47,result
2026-08-29,81,12:40 - 12:45,433,44,result
2026-08-29,82,12:45 - 12:50,130,99,result
2026-08-29,83,12:50 - 12:55,116,50,result
2026-08-29,84,12:55 - 13:00,720,77,result
2026-08-29,85,13:00 - 13:05,974,29,result
2026-08-29,86,13:05 - 13:10,111,30,result
2026-08-29,87,13:10 - 13:15,479,98,result
2026-08-29,88,13:15 - 13:20,014,11,result
2026-08-29,89,13:20 - 13:25,556,38,result
2026-08-29,90,13:25 - 13:30,185,22,result
2026-08-29,91,13:30 - 13:35,816,23,result
2026-08-29,92,13:35 - 13:40,683,25,result
2026-08-29,93,13:40 - 13:45,307,45,result
2026-08-29,94,13:45 - 13:50,894,08,result
2026-08-29,95,13:50 - 13:55,987,21,result
2026-08-29,96,13:55 - 14:00,603,42,result
2026-08-29,97,14:00 - 14:05,481,33,result
2026-08-29,98,14:05 - 14:10,653,50,result
2026-08-29,99,14:10 - 14:15,190,96,result
2026-08-29,100,14:15 - 14:20,924,81,result
2026-08-29,101,14:20 - 14:25,636,23,result
2026-08-29,102,14:25 - 14:30,852,84,result
2026-08-29,103,14:30 - 14:35,937,76,result
2026-08-29,104,14:35 - 14:40,352,24,result
2026-08-29,105,14:40 - 14:45,037,34,result
2026-08-29,106,14:45 - 14:50,794,29,result
2026-08-29,107,14:50 - 14:55,033,35,result
2026-08-29,108,14:55 - 15:00,665,59,result
2026-08-29,109,15:00 - 15:05,811,70,result
2026-08-29,110,15:05 - 15:10,213,24,result
2026-08-29,111,15:10 - 15:15,788,18,result
2026-08-29,112,15:15 - 15:20,335,07,result
2026-08-29,113,15:20 - 15:25,181,13,result
2026-08-29,114,15:25 - 15:30,685,65,result
2026-08-29,115,15:30 - 15:35,629,06,result
2026-08-29,116,15:35 - 15:40,938,97,result
2026-08-29,117,15:40 - 15:45,388,03,result
2026-08-29,118,15:45 - 15:50,613,49,result
2026-08-29,119,15:50 - 15:55,969,52,result
2026-08-29,120,15:55 - 16:00,124,40,result
2026-08-29,121,16:00 - 16:05,813,11,result
2026-08-29,122,16:05 - 16:10,368,13,result
2026-08-29,123,16:10 - 16:15,713,05,result
2026-08-29,124,16:15 - 16:20,721,71,result
2026-08-29,125,16:20 - 16:25,675,06,result
2026-08-29,126,16:25 - 16:30,872,16,result
2026-08-29,127,16:30 - 16:35,267,75,result
2026-08-29,128,16:35 - 16:40,915,68,result
2026-08-29,129,16:40 - 16:45,997,60,result
2026-08-29,130,16:45 - 16:50,810,05,result
2026-08-29,131,16:50 - 16:55,397,36,result
2026-08-29,132,16:55 - 17:00,220,01,result
2026-08-29,133,17:00 - 17:05,478,64,result
2026-08-29,134,17:05 - 17:10,785,53,result
2026-08-29,135,17:10 - 17:15,330,09,result
2026-08-29,136,17:15 - 17:20,935,22,result
2026-08-29,137,17:20 - 17:25,536,79,result
2026-08-29,138,17:25 - 17:30,129,17,result
2026-08-29,139,17:30 - 17:35,566,43,result
2026-08-29,140,17:35 - 17:40,772,88,result
2026-08-29,141,17:40 - 17:45,499,78,result
2026-08-29,142,17:45 - 17:50,783,03,result
2026-08-29,143,17:50 - 17:55,152,64,result
2026-08-29,144,17:55 - 18:00,012,71,result
2026-08-29,145,18:00 - 18:05,614,89,result
2026-08-29,146,18:05 - 18:10,747,95,result
2026-08-29,147,18:10 - 18:15,336,09,result
2026-08-29,148,18:15 - 18:20,669,08,result
2026-08-29,149,18:20 - 18:25,406,51,result
2026-08-29,150,18:25 - 18:30,319,06,result
2026-08-29,151,18:30 - 18:35,421,35,result
2026-08-29,152,18:35 - 18:40,660,07,result
2026-08-29,153,18:40 - 18:45,582,25,result
2026-08-29,154,18:45 - 18:50,373,14,result
2026-08-29,155,18:50 - 18:55,888,65,result
2026-08-29,156,18:55 - 19:00,816,96,result
2026-08-29,157,19:00 - 19:05,226,52,result
2026-08-29,158,19:05 - 19:10,258,20,result
2026-08-29,159,19:10 - 19:15,737,49,result
2026-08-29,160,19:15 - 19:20,079,01,result
2026-08-29,161,19:20 - 19:25,306,71,result
2026-08-29,162,19:25 - 19:30,563,29,result
2026-08-29,163,19:30 - 19:35,907,57,result
2026-08-29,164,19:35 - 19:40,943,86,result
2026-08-29,165,19:40 - 19:45,021,21,result
2026-08-29,166,19:45 - 19:50,864,11,result
2026-08-29,167,19:50 - 19:55,203,28,result
2026-08-29,168,19:55 - 20:00,657,89,result
2026-08-29,169,20:00 - 20:05,081,64,result
2026-08-29,170,20:05 - 20:10,755,17,result
2026-08-29,171,20:10 - 20:15,631,44,result
2026-08-29,172,20:15 - 20:20,743,57,result
2026-08-29,173,20:20 - 20:25,374,68,result
2026-08-29,174,20:25 - 20:30,864,75,result
2026-08-29,175,20:30 - 20:35,361,00,result
2026-08-29,176,20:35 - 20:40,101,23,result
2026-08-29,177,20:40 - 20:45,914,34,result
2026-08-29,178,20:45 - 20:50,660,67,result
2026-08-29,179,20:50 - 20:55,198,25,result
2026-08-29,180,20:55 - 21:00,776,15,result
2026-08-29,181,21:00 - 21:05,930,59,result
2026-08-29,182,21:05 - 21:10,810,72,result
2026-08-29,183,21:10 - 21:15,446,20,result
2026-08-29,184,21:15 - 21:20,196,17,result
2026-08-29,185,21:20 - 21:25,907,12,result
2026-08-29,186,21:25 - 21:30,896,28,result
2026-08-29,187,21:30 - 21:35,241,52,result
2026-08-29,188,21:35 - 21:40,769,51,result
2026-08-29,189,21:40 - 21:45,105,93,result
2026-08-29,190,21:45 - 21:50,213,14,result
2026-08-29,191,21:50 - 21:55,283,83,result
2026-08-29,192,21:55 - 22:00,994,96,result
2026-08-29,193,22:00 - 22:05,479,50,result
2026-08-29,194,22:05 - 22:10,052,34,result
2026-08-29,195,22:10 - 22:15,446,75,result
2026-08-29,196,22:15 - 22:20,446,02,result
2026-08-29,197,22:20 - 22:25,556,59,result
2026-08-29,198,22:25 - 22:30,222,94,result
2026-08-29,199,22:30 - 22:35,615,57,result
2026-08-29,200,22:35 - 22:40,085,45,result
2026-08-29,201,22:40 - 22:45,246,35,result
2026-08-29,202,22:45 - 22:50,055,16,result
2026-08-29,203,22:50 - 22:55,483,82,result
2026-08-29,204,22:55 - 23:00,226,49,result
2026-08-29,205,23:00 - 23:05,555,00,result
2026-08-29,206,23:05 - 23:10,491,75,result
2026-08-29,207,23:10 - 23:15,959,52,result
2026-08-29,208,23:15 - 23:20,048,85,result
2026-08-29,209,23:20 - 23:25,436,63,result
2026-08-29,210,23:25 - 23:30,112,42,result
2026-08-29,211,23:30 - 23:35,057,27,result
2026-08-29,212,23:35 - 23:40,093,66,result
2026-08-29,213,23:40 - 23:45,353,53,result
2026-08-29,214,23:45 - 23:50,875,20,result
2026-08-29,215,23:50 - 23:55,940,73,result
2026-08-29,216,23:55 - 00:00,352,56,result
2026-08-29,217,00:00 - 00:05,180,70,result
2026-08-29,218,00:05 - 00:10,417,77,result
2026-08-29,219,00:10 - 00:15,054,97,result
2026-08-29,220,00:15 - 00:20,702,20,result
2026-08-29,221,00:20 - 00:25,755,92,result
2026-08-29,222,00:25 - 00:30,443,44,result
2026-08-29,223,00:30 - 00:35,113,67,result
2026-08-29,224,00:35 - 00:40,888,84,result
2026-08-29,225,00:40 - 00:45,961,56,result
2026-08-29,226,00:45 - 00:50,996,15,result
2026-08-29,227,00:50 - 00:55,044,56,result
2026-08-29,228,00:55 - 01:00,688,84,result
2026-08-29,229,01:00 - 01:05,011,70,result
2026-08-29,230,01:05 - 01:10,802,58,result
2026-08-29,231,01:10 - 01:15,342,17,result
2026-08-29,232,01:15 - 01:20,050,80,result
2026-08-29,233,01:20 - 01:25,825,70,result
2026-08-29,234,01:25 - 01:30,757,84,result
2026-08-29,235,01:30 - 01:35,532,39,result
2026-08-29,236,01:35 - 01:40,706,41,result
2026-08-29,237,01:40 - 01:45,956,05,result
2026-08-29,238,01:45 - 01:50,348,53,result
2026-08-29,239,01:50 - 01:55,915,73,result
2026-08-29,240,01:55 - 02:00,136,27,result
2026-08-29,241,02:00 - 02:05,285,02,result
2026-08-29,242,02:05 - 02:10,806,84,result
2026-08-29,243,02:10 - 02:15,052,76,result
2026-08-29,244,02:15 - 02:20,707,68,result
2026-08-29,245,02:20 - 02:25,315,50,result
2026-08-29,246,02:25 - 02:30,366,88,result
2026-08-29,247,02:30 - 02:35,036,53,result
2026-08-29,248,02:35 - 02:40,203,76,result
2026-08-29,249,02:40 - 02:45,638,66,result
2026-08-29,250,02:45 - 02:50,498,82,result
2026-08-29,251,02:50 - 02:55,807,59,result
2026-08-29,252,02:55 - 03:00,338,80,result
2026-08-29,253,03:00 - 03:05,075,29,result
2026-08-29,254,03:05 - 03:10,988,44,result
2026-08-29,255,03:10 - 03:15,527,15,result
2026-08-29,256,03:15 - 03:20,692,50,result
2026-08-29,257,03:20 - 03:25,754,61,result
2026-08-29,258,03:25 - 03:30,347,52,result
2026-08-29,259,03:30 - 03:35,982,03,result
2026-08-29,260,03:35 - 03:40,930,99,result
2026-08-29,261,03:40 - 03:45,247,01,result
2026-08-29,262,03:45 - 03:50,886,28,result
2026-08-29,263,03:50 - 03:55,129,09,result
2026-08-29,264,03:55 - 04:00,965,42,result
2026-08-29,265,04:00 - 04:05,298,43,result
2026-08-29,266,04:05 - 04:10,175,44,result
2026-08-29,267,04:10 - 04:15,575,46,result
2026-08-29,268,04:15 - 04:20,398,36,result
2026-08-29,269,04:20 - 04:25,582,66,result
2026-08-29,270,04:25 - 04:30,385,41,result
2026-08-29,271,04:30 - 04:35,873,13,result
2026-08-29,272,04:35 - 04:40,582,41,result
2026-08-29,273,04:40 - 04:45,292,01,result
2026-08-29,274,04:45 - 04:50,776,83,result
2026-08-29,275,04:50 - 04:55,397,59,result
2026-08-29,276,04:55 - 05:00,170,24,result
2026-08-29,277,05:00 - 05:05,822,38,result
2026-08-29,278,05:05 - 05:10,499,51,result
2026-08-29,279,05:10 - 05:15,614,46,result
2026-08-29,280,05:15 - 05:20,233,23,result
2026-08-29,281,05:20 - 05:25,574,12,result
2026-08-29,282,05:25 - 05:30,241,71,result
2026-08-29,283,05:30 - 05:35,831,43,result
2026-08-29,284,05:35 - 05:40,811,08,result
2026-08-29,285,05:40 - 05:45,583,28,result
2026-08-29,286,05:45 - 05:50,188,65,result
2026-08-29,287,05:50 - 05:55,193,98,result
2026-08-29,288,05:55 - 06:00,662,38,result
2026-08-30,1,06:00 - 06:05,537,19,result
2026-08-30,2,06:05 - 06:10,603,01,result
2026-08-30,3,06:10 - 06:15,571,07,result
2026-08-30,4,06:15 - 06:20,416,30,result
2026-08-30,5,06:20 - 06:25,306,60,result
2026-08-30,6,06:25 - 06:30,516,71,result
2026-08-30,7,06:30 - 06:35,812,74,result
2026-08-30,8,06:35 - 06:40,155,50,result
2026-08-30,9,06:40 - 06:45,408,30,result
2026-08-30,10,06:45 - 06:50,815,24,result
2026-08-30,11,06:50 - 06:55,796,91,result
2026-08-30,12,06:55 - 07:00,159,78,result
2026-08-30,13,07:00 - 07:05,567,18,result
2026-08-30,14,07:05 - 07:10,860,73,result
2026-08-30,15,07:10 - 07:15,907,97,result
2026-08-30,16,07:15 - 07:20,717,18,result
2026-08-30,17,07:20 - 07:25,441,35,result
2026-08-30,18,07:25 - 07:30,310,73,result
2026-08-30,19,07:30 - 07:35,654,49,result
2026-08-30,20,07:35 - 07:40,595,63,result
2026-08-30,21,07:40 - 07:45,176,77,result
2026-08-30,22,07:45 - 07:50,548,37,result
2026-08-30,23,07:50 - 07:55,883,55,result
2026-08-30,24,07:55 - 08:00,236,75,result
2026-08-30,25,08:00 - 08:05,535,10,result
2026-08-30,26,08:05 - 08:10,807,38,result
2026-08-30,27,08:10 - 08:15,399,85,result
2026-08-30,28,08:15 - 08:20,520,22,result
2026-08-30,29,08:20 - 08:25,173,69,result
2026-08-30,30,08:25 - 08:30,556,43,result
2026-08-30,31,08:30 - 08:35,844,79,result
2026-08-30,32,08:35 - 08:40,567,04,result
2026-08-30,33,08:40 - 08:45,164,90,result
2026-08-30,34,08:45 - 08:50,770,34,result
2026-08-30,35,08:50 - 08:55,324,91,result
2026-08-30,36,08:55 - 09:00,285,63,result
2026-08-30,37,09:00 - 09:05,610,64,result
2026-08-30,38,09:05 - 09:10,872,05,result
2026-08-30,39,09:10 - 09:15,135,54,result
2026-08-30,40,09:15 - 09:20,168,78,result
2026-08-30,41,09:20 - 09:25,229,60,result
2026-08-30,42,09:25 - 09:30,701,26,result
2026-08-30,43,09:30 - 09:35,720,90,result
2026-08-30,44,09:35 - 09:40,978,43,result
2026-08-30,45,09:40 - 09:45,086,28,result
2026-08-30,46,09:45 - 09:50,272,92,result
2026-08-30,47,09:50 - 09:55,787,40,result
2026-08-30,48,09:55 - 10:00,442,88,result
2026-08-30,49,10:00 - 10:05,638,18,result
2026-08-30,50,10:05 - 10:10,500,99,result
2026-08-30,51,10:10 - 10:15,719,21,result
2026-08-30,52,10:15 - 10:20,162,98,result
2026-08-30,53,10:20 - 10:25,578,15,result
2026-08-30,54,10:25 - 10:30,691,63,result
2026-08-30,55,10:30 - 10:35,944,50,result
2026-08-30,56,10:35 - 10:40,734,19,result
2026-08-30,57,10:40 - 10:45,920,74,result
2026-08-30,58,10:45 - 10:50,446,81,result
2026-08-30,59,10:50 - 10:55,145,86,result
2026-08-30,60,10:55 - 11:00,118,05,result
2026-08-30,61,11:00 - 11:05,753,70,result
2026-08-30,62,11:05 - 11:10,622,40,result
2026-08-30,63,11:10 - 11:15,487,67,result
2026-08-30,64,11:15 - 11:20,346,59,result
2026-08-30,65,11:20 - 11:25,122,62,result
2026-08-30,66,11:25 - 11:30,780,72,result
2026-08-30,67,11:30 - 11:35,080,19,result
2026-08-30,68,11:35 - 11:40,261,17,result
2026-08-30,69,11:40 - 11:45,376,71,result
2026-08-30,70,11:45 - 11:50,930,14,result
2026-08-30,71,11:50 - 11:55,053,26,result
2026-08-30,72,11:55 - 12:00,409,87,result
2026-08-30,73,12:00 - 12:05,274,00,result
2026-08-30,74,12:05 - 12:10,594,57,result
2026-08-30,75,12:10 - 12:15,413,96,result
2026-08-30,76,12:15 - 12:20,171,76,result
2026-08-30,77,12:20 - 12:25,606,97,result
2026-08-30,78,12:25 - 12:30,934,55,result
2026-08-30,79,12:30 - 12:35,549,54,result
2026-08-30,80,12:35 - 12:40,019,08,result
2026-08-30,81,12:40 - 12:45,628,18,result
2026-08-30,82,12:45 - 12:50,810,72,result
2026-08-30,83,12:50 - 12:55,720,46,result
2026-08-30,84,12:55 - 13:00,533,97,result
2026-08-30,85,13:00 - 13:05,181,53,result
2026-08-30,86,13:05 - 13:10,009,73,result
2026-08-30,87,13:10 - 13:15,940,65,result
2026-08-30,88,13:15 - 13:20,914,60,result
2026-08-30,89,13:20 - 13:25,581,45,result
2026-08-30,90,13:25 - 13:30,035,85,result
2026-08-30,91,13:30 - 13:35,867,53,result
2026-08-30,92,13:35 - 13:40,229,95,result
2026-08-30,93,13:40 - 13:45,838,27,result
2026-08-30,94,13:45 - 13:50,844,06,result
2026-08-30,95,13:50 - 13:55,021,44,result
2026-08-30,96,13:55 - 14:00,395,58,result
2026-08-30,97,14:00 - 14:05,934,91,result
2026-08-30,98,14:05 - 14:10,044,12,result
2026-08-30,99,14:10 - 14:15,836,81,result
2026-08-30,100,14:15 - 14:20,152,84,result
2026-08-30,101,14:20 - 14:25,202,71,result
2026-08-30,102,14:25 - 14:30,223,27,result
2026-08-30,103,14:30 - 14:35,471,34,result
2026-08-30,104,14:35 - 14:40,558,96,result
2026-08-30,105,14:40 - 14:45,434,60,result
2026-08-30,106,14:45 - 14:50,082,08,result
2026-08-30,107,14:50 - 14:55,009,94,result
2026-08-30,108,14:55 - 15:00,599,23,result
2026-08-30,109,15:00 - 15:05,717,01,result
2026-08-30,110,15:05 - 15:10,754,64,result
2026-08-30,111,15:10 - 15:15,355,33,result
2026-08-30,112,15:15 - 15:20,750,26,result
2026-08-30,113,15:20 - 15:25,975,59,result
2026-08-30,114,15:25 - 15:30,687,19,result
2026-08-30,115,15:30 - 15:35,972,58,result
2026-08-30,116,15:35 - 15:40,580,90,result
2026-08-30,117,15:40 - 15:45,151,21,result
2026-08-30,118,15:45 - 15:50,099,86,result
2026-08-30,119,15:50 - 15:55,914,83,result
2026-08-30,120,15:55 - 16:00,560,49,result
2026-08-30,121,16:00 - 16:05,583,85,result
2026-08-30,122,16:05 - 16:10,694,82,result
2026-08-30,123,16:10 - 16:15,998,12,result
2026-08-30,124,16:15 - 16:20,802,71,result
2026-08-30,125,16:20 - 16:25,410,11,result
2026-08-30,126,16:25 - 16:30,608,00,result
2026-08-30,127,16:30 - 16:35,250,02,result
2026-08-30,128,16:35 - 16:40,062,99,result
2026-08-30,129,16:40 - 16:45,071,91,result
2026-08-30,130,16:45 - 16:50,520,51,result
2026-08-30,131,16:50 - 16:55,265,85,result
2026-08-30,132,16:55 - 17:00,742,12,result
2026-08-30,133,17:00 - 17:05,445,86,result
2026-08-30,134,17:05 - 17:10,713,40,result
2026-08-30,135,17:10 - 17:15,921,54,result
2026-08-30,136,17:15 - 17:20,471,40,result
2026-08-30,137,17:20 - 17:25,253,83,result
2026-08-30,138,17:25 - 17:30,511,07,result
2026-08-30,139,17:30 - 17:35,753,90,result
2026-08-30,140,17:35 - 17:40,455,60,result
2026-08-30,141,17:40 - 17:45,674,34,result
2026-08-30,142,17:45 - 17:50,532,71,result
2026-08-30,143,17:50 - 17:55,040,05,result
2026-08-30,144,17:55 - 18:00,915,25,result
2026-08-30,145,18:00 - 18:05,331,19,result
2026-08-30,146,18:05 - 18:10,005,75,result
2026-08-30,147,18:10 - 18:15,121,83,result
2026-08-30,148,18:15 - 18:20,282,94,result
2026-08-30,149,18:20 - 18:25,506,15,result
2026-08-30,150,18:25 - 18:30,916,22,result
2026-08-30,151,18:30 - 18:35,705,02,result
2026-08-30,152,18:35 - 18:40,375,36,result
2026-08-30,153,18:40 - 18:45,658,40,result
2026-08-30,154,18:45 - 18:50,673,81,result
2026-08-30,155,18:50 - 18:55,838,88,result
2026-08-30,156,18:55 - 19:00,679,94,result
2026-08-30,157,19:00 - 19:05,489,72,result
2026-08-30,158,19:05 - 19:10,257,52,result
2026-08-30,159,19:10 - 19:15,621,14,result
2026-08-30,160,19:15 - 19:20,471,79,result
2026-08-30,161,19:20 - 19:25,513,24,result
2026-08-30,162,19:25 - 19:30,196,61,result
2026-08-30,163,19:30 - 19:35,340,11,result
2026-08-30,164,19:35 - 19:40,355,42,result
2026-08-30,165,19:40 - 19:45,151,26,result
2026-08-30,166,19:45 - 19:50,505,94,result
2026-08-30,167,19:50 - 19:55,189,94,result
2026-08-30,168,19:55 - 20:00,113,42,result
2026-08-30,169,20:00 - 20:05,845,70,result
2026-08-30,170,20:05 - 20:10,773,14,result
2026-08-30,171,20:10 - 20:15,431,69,result
2026-08-30,172,20:15 - 20:20,530,51,result
2026-08-30,173,20:20 - 20:25,453,03,result
2026-08-30,174,20:25 - 20:30,999,08,result
2026-08-30,175,20:30 - 20:35,205,40,result
2026-08-30,176,20:35 - 20:40,433,58,result
2026-08-30,177,20:40 - 20:45,402,95,result
2026-08-30,178,20:45 - 20:50,156,95,result
2026-08-30,179,20:50 - 20:55,849,39,result
2026-08-30,180,20:55 - 21:00,444,27,result
2026-08-30,181,21:00 - 21:05,121,94,result
2026-08-30,182,21:05 - 21:10,684,32,result
2026-08-30,183,21:10 - 21:15,491,20,result
2026-08-30,184,21:15 - 21:20,511,39,result
2026-08-30,185,21:20 - 21:25,428,98,result
2026-08-30,186,21:25 - 21:30,337,85,result
2026-08-30,187,21:30 - 21:35,591,00,result
2026-08-30,188,21:35 - 21:40,010,43,result
2026-08-30,189,21:40 - 21:45,130,25,result
2026-08-30,190,21:45 - 21:50,679,41,result
2026-08-30,191,21:50 - 21:55,900,85,result
2026-08-30,192,21:55 - 22:00,545,82,result
2026-08-30,193,22:00 - 22:05,090,52,result
2026-08-30,194,22:05 - 22:10,382,03,result
2026-08-30,195,22:10 - 22:15,101,79,result
2026-08-30,196,22:15 - 22:20,014,33,result
2026-08-30,197,22:20 - 22:25,680,83,result
2026-08-30,198,22:25 - 22:30,496,28,result
2026-08-30,199,22:30 - 22:35,122,11,result
2026-08-30,200,22:35 - 22:40,404,73,result
2026-08-30,201,22:40 - 22:45,262,55,result
2026-08-30,202,22:45 - 22:50,495,93,result
2026-08-30,203,22:50 - 22:55,070,46,result
2026-08-30,204,22:55 - 23:00,620,35,result
2026-08-30,205,23:00 - 23:05,958,78,result
2026-08-30,206,23:05 - 23:10,470,35,result
2026-08-30,207,23:10 - 23:15,750,59,result
2026-08-30,208,23:15 - 23:20,452,86,result
2026-08-30,209,23:20 - 23:25,194,07,result
2026-08-30,210,23:25 - 23:30,090,67,result
2026-08-30,211,23:30 - 23:35,804,72,result
2026-08-30,212,23:35 - 23:40,331,44,result
2026-08-30,213,23:40 - 23:45,415,22,result
2026-08-30,214,23:45 - 23:50,794,01,result
2026-08-30,215,23:50 - 23:55,382,07,result
2026-08-30,216,23:55 - 00:00,549,14,result
2026-08-30,217,00:00 - 00:05,321,73,result
2026-08-30,218,00:05 - 00:10,581,72,result
2026-08-30,219,00:10 - 00:15,516,60,result
2026-08-30,220,00:15 - 00:20,563,44,result
2026-08-30,221,00:20 - 00:25,152,59,result
2026-08-30,222,00:25 - 00:30,105,46,result
2026-08-30,223,00:30 - 00:35,288,53,result
2026-08-30,224,00:35 - 00:40,685,32,result
2026-08-30,225,00:40 - 00:45,415,93,result
2026-08-30,226,00:45 - 00:50,937,03,result
2026-08-30,227,00:50 - 00:55,985,89,result
2026-08-30,228,00:55 - 01:00,808,12,result
2026-08-30,229,01:00 - 01:05,161,93,result
2026-08-30,230,01:05 - 01:10,616,78,result
2026-08-30,231,01:10 - 01:15,782,97,result
2026-08-30,232,01:15 - 01:20,996,77,result
2026-08-30,233,01:20 - 01:25,882,78,result
2026-08-30,234,01:25 - 01:30,658,32,result
2026-08-30,235,01:30 - 01:35,140,09,result
2026-08-30,236,01:35 - 01:40,067,97,result
2026-08-30,237,01:40 - 01:45,988,18,result
2026-08-30,238,01:45 - 01:50,496,31,result
2026-08-30,239,01:50 - 01:55,410,37,result
2026-08-30,240,01:55 - 02:00,505,61,result
2026-08-30,241,02:00 - 02:05,685,41,result
2026-08-30,242,02:05 - 02:10,053,88,result
2026-08-30,243,02:10 - 02:15,960,52,result
2026-08-30,244,02:15 - 02:20,715,82,result
2026-08-30,245,02:20 - 02:25,704,27,result
2026-08-30,246,02:25 - 02:30,691,55,result
2026-08-30,247,02:30 - 02:35,779,10,result
2026-08-30,248,02:35 - 02:40,203,20,result
2026-08-30,249,02:40 - 02:45,754,73,result
2026-08-30,250,02:45 - 02:50,422,70,result
2026-08-30,251,02:50 - 02:55,693,98,result
2026-08-30,252,02:55 - 03:00,721,52,result
2026-08-30,253,03:00 - 03:05,806,31,result
2026-08-30,254,03:05 - 03:10,558,75,result
2026-08-30,255,03:10 - 03:15,206,03,result
2026-08-30,256,03:15 - 03:20,992,63,result
2026-08-30,257,03:20 - 03:25,692,15,result
2026-08-30,258,03:25 - 03:30,235,41,result
2026-08-30,259,03:30 - 03:35,906,08,result
2026-08-30,260,03:35 - 03:40,112,64,result
2026-08-30,261,03:40 - 03:45,234,34,result
2026-08-30,262,03:45 - 03:50,947,35,result
2026-08-30,263,03:50 - 03:55,351,42,result
2026-08-30,264,03:55 - 04:00,385,16,result
2026-08-30,265,04:00 - 04:05,626,77,result
2026-08-30,266,04:05 - 04:10,163,64,result
2026-08-30,267,04:10 - 04:15,731,18,result
2026-08-30,268,04:15 - 04:20,676,75,result
2026-08-30,269,04:20 - 04:25,505,04,result
2026-08-30,270,04:25 - 04:30,647,99,result
2026-08-30,271,04:30 - 04:35,184,46,result
2026-08-30,272,04:35 - 04:40,442,31,result
2026-08-30,273,04:40 - 04:45,249,15,result
2026-08-30,274,04:45 - 04:50,848,61,result
2026-08-30,275,04:50 - 04:55,707,20,result
2026-08-30,276,04:55 - 05:00,557,50,result
2026-08-30,277,05:00 - 05:05,324,06,result
2026-08-30,278,05:05 - 05:10,197,10,result
2026-08-30,279,05:10 - 05:15,777,70,result
2026-08-30,280,05:15 - 05:20,879,13,result
2026-08-30,281,05:20 - 05:25,142,20,result
2026-08-30,282,05:25 - 05:30,400,11,result
2026-08-30,283,05:30 - 05:35,941,41,result
2026-08-30,284,05:35 - 05:40,972,03,result
2026-08-30,285,05:40 - 05:45,368,04,result
2026-08-30,286,05:45 - 05:50,572,77,result
2026-08-30,287,05:50 - 05:55,499,87,result
2026-08-30,288,05:55 - 06:00,289,18,result
2026-08-31,1,06:00 - 06:05,131,53,result
2026-08-31,2,06:05 - 06:10,679,42,result
2026-08-31,3,06:10 - 06:15,685,74,result
2026-08-31,4,06:15 - 06:20,295,74,result
2026-08-31,5,06:20 - 06:25,041,75,result
2026-08-31,6,06:25 - 06:30,151,27,result
2026-08-31,7,06:30 - 06:35,289,96,result
2026-08-31,8,06:35 - 06:40,073,89,result
2026-08-31,9,06:40 - 06:45,963,78,result
2026-08-31,10,06:45 - 06:50,955,78,result
2026-08-31,11,06:50 - 06:55,804,93,result
2026-08-31,12,06:55 - 07:00,568,55,result
2026-08-31,13,07:00 - 07:05,316,77,result
2026-08-31,14,07:05 - 07:10,594,63,result
2026-08-31,15,07:10 - 07:15,120,37,result
2026-08-31,16,07:15 - 07:20,264,73,result
2026-08-31,17,07:20 - 07:25,290,59,result
2026-08-31,18,07:25 - 07:30,350,82,result
2026-08-31,19,07:30 - 07:35,777,62,result
2026-08-31,20,07:35 - 07:40,621,37,result
2026-08-31,21,07:40 - 07:45,786,69,result
2026-08-31,22,07:45 - 07:50,160,60,result
2026-08-31,23,07:50 - 07:55,349,45,result
2026-08-31,24,07:55 - 08:00,821,52,result
2026-08-31,25,08:00 - 08:05,507,79,result
2026-08-31,26,08:05 - 08:10,059,99,result
2026-08-31,27,08:10 - 08:15,576,92,result
2026-08-31,28,08:15 - 08:20,814,64,result
2026-08-31,29,08:20 - 08:25,664,87,result
2026-08-31,30,08:25 - 08:30,066,71,result
2026-08-31,31,08:30 - 08:35,532,72,result
2026-08-31,32,08:35 - 08:40,597,73,result
2026-08-31,33,08:40 - 08:45,571,59,result
2026-08-31,34,08:45 - 08:50,705,28,result
2026-08-31,35,08:50 - 08:55,744,51,result
2026-08-31,36,08:55 - 09:00,067,79,result
2026-08-31,37,09:00 - 09:05,361,01,result
2026-08-31,38,09:05 - 09:10,876,37,result
2026-08-31,39,09:10 - 09:15,464,29,result
2026-08-31,40,09:15 - 09:20,621,21,result
2026-08-31,41,09:20 - 09:25,249,40,result
2026-08-31,42,09:25 - 09:30,146,74,result
2026-08-31,43,09:30 - 09:35,432,25,result
2026-08-31,44,09:35 - 09:40,364,89,result
2026-08-31,45,09:40 - 09:45,884,35,result
2026-08-31,46,09:45 - 09:50,823,03,result
2026-08-31,47,09:50 - 09:55,896,57,result
2026-08-31,48,09:55 - 10:00,559,87,result
2026-08-31,49,10:00 - 10:05,559,34,result
2026-08-31,50,10:05 - 10:10,445,51,result
2026-08-31,51,10:10 - 10:15,517,57,result
2026-08-31,52,10:15 - 10:20,413,34,result
2026-08-31,53,10:20 - 10:25,363,37,result
2026-08-31,54,10:25 - 10:30,547,39,result
2026-08-31,55,10:30 - 10:35,637,91,result
2026-08-31,56,10:35 - 10:40,280,82,result
2026-08-31,57,10:40 - 10:45,822,14,result
2026-08-31,58,10:45 - 10:50,273,56,result
2026-08-31,59,10:50 - 10:55,683,24,result
2026-08-31,60,10:55 - 11:00,263,76,result
2026-08-31,61,11:00 - 11:05,712,70,result
2026-08-31,62,11:05 - 11:10,570,14,result
2026-08-31,63,11:10 - 11:15,072,11,result
2026-08-31,64,11:15 - 11:20,906,55,result
2026-08-31,65,11:20 - 11:25,377,01,result
2026-08-31,66,11:25 - 11:30,932,31,result
2026-08-31,67,11:30 - 11:35,103,27,result
2026-08-31,68,11:35 - 11:40,116,31,result
2026-08-31,69,11:40 - 11:45,723,68,result
2026-08-31,70,11:45 - 11:50,578,68,result
2026-08-31,71,11:50 - 11:55,644,23,result
2026-08-31,72,11:55 - 12:00,844,97,result
2026-08-31,73,12:00 - 12:05,480,33,result
2026-08-31,74,12:05 - 12:10,259,42,result
2026-08-31,75,12:10 - 12:15,674,91,result
2026-08-31,76,12:15 - 12:20,172,01,result
2026-08-31,77,12:20 - 12:25,905,21,result
2026-08-31,78,12:25 - 12:30,816,28,result
2026-08-31,79,12:30 - 12:35,086,37,result
2026-08-31,80,12:35 - 12:40,632,35,result
2026-08-31,81,12:40 - 12:45,510,10,result
2026-08-31,82,12:45 - 12:50,825,89,result
2026-08-31,83,12:50 - 12:55,446,47,result
2026-08-31,84,12:55 - 13:00,375,25,result
2026-08-31,85,13:00 - 13:05,927,01,result
2026-08-31,86,13:05 - 13:10,396,04,result
2026-08-31,87,13:10 - 13:15,483,94,result
2026-08-31,88,13:15 - 13:20,947,85,result
2026-08-31,89,13:20 - 13:25,849,68,result
2026-08-31,90,13:25 - 13:30,952,56,result
2026-08-31,91,13:30 - 13:35,183,44,result
2026-08-31,92,13:35 - 13:40,002,83,result
2026-08-31,93,13:40 - 13:45,571,31,result
2026-08-31,94,13:45 - 13:50,415,69,result
2026-08-31,95,13:50 - 13:55,636,72,result
2026-08-31,96,13:55 - 14:00,349,19,result
2026-08-31,97,14:00 - 14:05,915,48,result
2026-08-31,98,14:05 - 14:10,719,73,result
2026-08-31,99,14:10 - 14:15,569,75,result
2026-08-31,100,14:15 - 14:20,482,20,result
2026-08-31,101,14:20 - 14:25,492,88,result
2026-08-31,102,14:25 - 14:30,906,34,result
2026-08-31,103,14:30 - 14:35,061,69,result
2026-08-31,104,14:35 - 14:40,276,18,result
2026-08-31,105,14:40 - 14:45,199,59,result
2026-08-31,106,14:45 - 14:50,733,52,result
2026-08-31,107,14:50 - 14:55,482,06,result
2026-08-31,108,14:55 - 15:00,732,50,result
2026-08-31,109,15:00 - 15:05,168,12,result
2026-08-31,110,15:05 - 15:10,239,95,result
2026-08-31,111,15:10 - 15:15,038,05,result
2026-08-31,112,15:15 - 15:20,304,70,result
2026-08-31,113,15:20 - 15:25,295,05,result
2026-08-31,114,15:25 - 15:30,059,14,result
2026-08-31,115,15:30 - 15:35,610,39,result
2026-08-31,116,15:35 - 15:40,678,49,result
2026-08-31,117,15:40 - 15:45,261,44,result
2026-08-31,118,15:45 - 15:50,010,47,result
2026-08-31,119,15:50 - 15:55,531,29,result
2026-08-31,120,15:55 - 16:00,114,61,result
2026-08-31,121,16:00 - 16:05,339,48,result
2026-08-31,122,16:05 - 16:10,302,02,result
2026-08-31,123,16:10 - 16:15,730,61,result
2026-08-31,124,16:15 - 16:20,089,51,result
2026-08-31,125,16:20 - 16:25,830,82,result
2026-08-31,126,16:25 - 16:30,724,15,result
2026-08-31,127,16:30 - 16:35,344,84,result
2026-08-31,128,16:35 - 16:40,729,70,result
2026-08-31,129,16:40 - 16:45,446,48,result
2026-08-31,130,16:45 - 16:50,225,78,result
2026-08-31,131,16:50 - 16:55,507,22,result
2026-08-31,132,16:55 - 17:00,229,50,result
2026-08-31,133,17:00 - 17:05,918,27,result
2026-08-31,134,17:05 - 17:10,646,78,result
2026-08-31,135,17:10 - 17:15,277,79,result
2026-08-31,136,17:15 - 17:20,427,39,result
2026-08-31,137,17:20 - 17:25,113,29,result
2026-08-31,138,17:25 - 17:30,129,58,result
2026-08-31,139,17:30 - 17:35,036,56,result
2026-08-31,140,17:35 - 17:40,392,69,result
2026-08-31,141,17:40 - 17:45,712,02,result
2026-08-31,142,17:45 - 17:50,833,21,result
2026-08-31,143,17:50 - 17:55,256,99,result
2026-08-31,144,17:55 - 18:00,547,23,result
2026-08-31,145,18:00 - 18:05,500,65,result
2026-08-31,146,18:05 - 18:10,241,66,result
2026-08-31,147,18:10 - 18:15,524,83,result
2026-08-31,148,18:15 - 18:20,566,22,result
2026-08-31,149,18:20 - 18:25,363,04,result
2026-08-31,150,18:25 - 18:30,031,63,result
2026-08-31,151,18:30 - 18:35,245,66,result
2026-08-31,152,18:35 - 18:40,926,77,result
2026-08-31,153,18:40 - 18:45,240,37,result
2026-08-31,154,18:45 - 18:50,374,35,result
2026-08-31,155,18:50 - 18:55,466,44,result
2026-08-31,156,18:55 - 19:00,353,06,result
2026-08-31,157,19:00 - 19:05,499,46,result
2026-08-31,158,19:05 - 19:10,634,81,result
2026-08-31,159,19:10 - 19:15,774,03,result
2026-08-31,160,19:15 - 19:20,214,48,result
2026-08-31,161,19:20 - 19:25,390,33,result
2026-08-31,162,19:25 - 19:30,398,44,result
2026-08-31,163,19:30 - 19:35,268,96,result
2026-08-31,164,19:35 - 19:40,716,59,result
2026-08-31,165,19:40 - 19:45,775,93,result
2026-08-31,166,19:45 - 19:50,894,56,result
2026-08-31,167,19:50 - 19:55,082,33,result
2026-08-31,168,19:55 - 20:00,154,75,result
2026-08-31,169,20:00 - 20:05,010,16,result
2026-08-31,170,20:05 - 20:10,851,80,result
2026-08-31,171,20:10 - 20:15,146,44,result
2026-08-31,172,20:15 - 20:20,214,25,result
2026-08-31,173,20:20 - 20:25,597,80,result
2026-08-31,174,20:25 - 20:30,921,82,result
2026-08-31,175,20:30 - 20:35,461,06,result
2026-08-31,176,20:35 - 20:40,159,66,result
2026-08-31,177,20:40 - 20:45,380,79,result
2026-08-31,178,20:45 - 20:50,610,24,result
2026-08-31,179,20:50 - 20:55,787,16,result
2026-08-31,180,20:55 - 21:00,571,28,result
2026-08-31,181,21:00 - 21:05,187,23,result
2026-08-31,182,21:05 - 21:10,219,88,result
2026-08-31,183,21:10 - 21:15,409,54,result
2026-08-31,184,21:15 - 21:20,550,85,result
2026-08-31,185,21:20 - 21:25,506,21,result
2026-08-31,186,21:25 - 21:30,828,86,result
2026-08-31,187,21:30 - 21:35,270,82,result
2026-08-31,188,21:35 - 21:40,440,84,result
2026-08-31,189,21:40 - 21:45,196,26,result
2026-08-31,190,21:45 - 21:50,131,67,result
2026-08-31,191,21:50 - 21:55,568,52,result
2026-08-31,192,21:55 - 22:00,325,26,result
2026-08-31,193,22:00 - 22:05,725,23,result
2026-08-31,194,22:05 - 22:10,411,82,result
2026-08-31,195,22:10 - 22:15,482,43,result
2026-08-31,196,22:15 - 22:20,558,78,result
2026-08-31,197,22:20 - 22:25,035,24,result
2026-08-31,198,22:25 - 22:30,294,37,result
2026-08-31,199,22:30 - 22:35,175,84,result
2026-08-31,200,22:35 - 22:40,637,38,result
2026-08-31,201,22:40 - 22:45,507,27,result
2026-08-31,202,22:45 - 22:50,735,18,result
2026-08-31,203,22:50 - 22:55,344,06,result
2026-08-31,204,22:55 - 23:00,165,86,result
2026-08-31,205,23:00 - 23:05,735,21,result
2026-08-31,206,23:05 - 23:10,248,58,result
2026-08-31,207,23:10 - 23:15,724,43,result
2026-08-31,208,23:15 - 23:20,160,08,result
2026-08-31,209,23:20 - 23:25,009,15,result
2026-08-31,210,23:25 - 23:30,879,50,result
2026-08-31,211,23:30 - 23:35,171,67,result
2026-08-31,212,23:35 - 23:40,536,96,result
2026-08-31,213,23:40 - 23:45,293,62,result
2026-08-31,214,23:45 - 23:50,981,65,result
2026-08-31,215,23:50 - 23:55,689,51,result
2026-08-31,216,23:55 - 00:00,743,94,result
2026-08-31,217,00:00 - 00:05,019,37,result
2026-08-31,218,00:05 - 00:10,768,19,result
2026-08-31,219,00:10 - 00:15,367,75,result
2026-08-31,220,00:15 - 00:20,892,69,result
2026-08-31,221,00:20 - 00:25,144,40,result
2026-08-31,222,00:25 - 00:30,239,58,result
2026-08-31,223,00:30 - 00:35,030,02,result
2026-08-31,224,00:35 - 00:40,912,03,result
2026-08-31,225,00:40 - 00:45,590,69,result
2026-08-31,226,00:45 - 00:50,098,60,result
2026-08-31,227,00:50 - 00:55,122,79,result
2026-08-31,228,00:55 - 01:00,270,51,result
2026-08-31,229,01:00 - 01:05,072,87,result
2026-08-31,230,01:05 - 01:10,158,29,result
2026-08-31,231,01:10 - 01:15,269,97,result
2026-08-31,232,01:15 - 01:20,636,37,result
2026-08-31,233,01:20 - 01:25,708,82,result
2026-08-31,234,01:25 - 01:30,781,90,result
2026-08-31,235,01:30 - 01:35,378,27,result
2026-08-31,236,01:35 - 01:40,305,93,result
2026-08-31,237,01:40 - 01:45,146,72,result
2026-08-31,238,01:45 - 01:50,565,49,result
2026-08-31,239,01:50 - 01:55,515,14,result
2026-08-31,240,01:55 - 02:00,819,94,result
2026-08-31,241,02:00 - 02:05,377,06,result
2026-08-31,242,02:05 - 02:10,588,63,result
2026-08-31,243,02:10 - 02:15,805,77,result
2026-08-31,244,02:15 - 02:20,068,49,result
2026-08-31,245,02:20 - 02:25,162,53,result
2026-08-31,246,02:25 - 02:30,337,42,result
2026-08-31,247,02:30 - 02:35,510,91,result
2026-08-31,248,02:35 - 02:40,227,20,result
2026-08-31,249,02:40 - 02:45,075,91,result
2026-08-31,250,02:45 - 02:50,820,80,result
2026-08-31,251,02:50 - 02:55,893,46,result
2026-08-31,252,02:55 - 03:00,720,35,result
2026-08-31,253,03:00 - 03:05,947,42,result
2026-08-31,254,03:05 - 03:10,109,85,result
2026-08-31,255,03:10 - 03:15,461,69,result
2026-08-31,256,03:15 - 03:20,460,24,result
2026-08-31,257,03:20 - 03:25,708,39,result
2026-08-31,258,03:25 - 03:30,279,69,result
2026-08-31,259,03:30 - 03:35,154,65,result
2026-08-31,260,03:35 - 03:40,471,41,result
2026-08-31,261,03:40 - 03:45,010,42,result
2026-08-31,262,03:45 - 03:50,868,83,result
2026-08-31,263,03:50 - 03:55,949,99,result
2026-08-31,264,03:55 - 04:00,782,31,result
2026-08-31,265,04:00 - 04:05,693,57,result
2026-08-31,266,04:05 - 04:10,447,02,result
2026-08-31,267,04:10 - 04:15,260,75,result
2026-08-31,268,04:15 - 04:20,608,29,result
2026-08-31,269,04:20 - 04:25,780,48,result
2026-08-31,270,04:25 - 04:30,084,72,result
2026-08-31,271,04:30 - 04:35,741,53,result
2026-08-31,272,04:35 - 04:40,371,49,result
2026-08-31,273,04:40 - 04:45,374,66,result
2026-08-31,274,04:45 - 04:50,670,91,result
2026-08-31,275,04:50 - 04:55,939,97,result
2026-08-31,276,04:55 - 05:00,494,04,result
2026-08-31,277,05:00 - 05:05,917,72,result
2026-08-31,278,05:05 - 05:10,766,74,result
2026-08-31,279,05:10 - 05:15,320,35,result
2026-08-31,280,05:15 - 05:20,179,16,result
2026-08-31,281,05:20 - 05:25,033,01,result
2026-08-31,282,05:25 - 05:30,903,86,result
2026-08-31,283,05:30 - 05:35,196,11,result
2026-08-31,284,05:35 - 05:40,998,99,result
2026-08-31,285,05:40 - 05:45,550,62,result
2026-08-31,286,05:45 - 05:50,725,84,result
2026-08-31,287,05:50 - 05:55,486,70,result
2026-08-31,288,05:55 - 06:00,120,28,result
2026-09-01,1,06:00 - 06:05,905,04,result
2026-09-01,2,06:05 - 06:10,099,72,result
2026-09-01,3,06:10 - 06:15,346,98,result
2026-09-01,4,06:15 - 06:20,198,02,result
2026-09-01,5,06:20 - 06:25,462,13,result
2026-09-01,6,06:25 - 06:30,850,43,result
2026-09-01,7,06:30 - 06:35,517,76,result
2026-09-01,8,06:35 - 06:40,081,46,result
2026-09-01,9,06:40 - 06:45,003,65,result
2026-09-01,10,06:45 - 06:50,841,95,result
2026-09-01,11,06:50 - 06:55,155,72,result
2026-09-01,12,06:55 - 07:00,859,22,result
2026-09-01,13,07:00 - 07:05,286,24,result
2026-09-01,14,07:05 - 07:10,308,16,result
2026-09-01,15,07:10 - 07:15,222,60,result
2026-09-01,16,07:15 - 07:20,470,18,result
2026-09-01,17,07:20 - 07:25,220,11,result
2026-09-01,18,07:25 - 07:30,973,16,result
2026-09-01,19,07:30 - 07:35,083,68,result
2026-09-01,20,07:35 - 07:40,563,66,result
2026-09-01,21,07:40 - 07:45,586,29,result
2026-09-01,22,07:45 - 07:50,699,77,result
2026-09-01,23,07:50 - 07:55,868,66,result
2026-09-01,24,07:55 - 08:00,050,84,result
2026-09-01,25,08:00 - 08:05,659,60,result
2026-09-01,26,08:05 - 08:10,110,21,result
2026-09-01,27,08:10 - 08:15,079,88,result
2026-09-01,28,08:15 - 08:20,032,13,result
2026-09-01,29,08:20 - 08:25,544,21,result
2026-09-01,30,08:25 - 08:30,325,67,result
2026-09-01,31,08:30 - 08:35,721,46,result
2026-09-01,32,08:35 - 08:40,568,23,result
2026-09-01,33,08:40 - 08:45,691,03,result
2026-09-01,34,08:45 - 08:50,375,18,result
2026-09-01,35,08:50 - 08:55,896,00,result
2026-09-01,36,08:55 - 09:00,267,82,result
2026-09-01,37,09:00 - 09:05,946,43,result
2026-09-01,38,09:05 - 09:10,934,66,result
2026-09-01,39,09:10 - 09:15,422,63,result
2026-09-01,40,09:15 - 09:20,018,87,result
2026-09-01,41,09:20 - 09:25,263,90,result
2026-09-01,42,09:25 - 09:30,247,20,result
2026-09-01,43,09:30 - 09:35,995,17,result
2026-09-01,44,09:35 - 09:40,173,73,result
2026-09-01,45,09:40 - 09:45,870,72,result
2026-09-01,46,09:45 - 09:50,847,07,result
2026-09-01,47,09:50 - 09:55,714,77,result
2026-09-01,48,09:55 - 10:00,282,34,result
2026-09-01,49,10:00 - 10:05,135,81,result
2026-09-01,50,10:05 - 10:10,580,66,result
2026-09-01,51,10:10 - 10:15,743,14,result
2026-09-01,52,10:15 - 10:20,608,05,result
2026-09-01,53,10:20 - 10:25,288,35,result
2026-09-01,54,10:25 - 10:30,655,67,result
2026-09-01,55,10:30 - 10:35,673,52,result
2026-09-01,56,10:35 - 10:40,096,48,result
2026-09-01,57,10:40 - 10:45,699,19,result
2026-09-01,58,10:45 - 10:50,235,73,result
2026-09-01,59,10:50 - 10:55,801,41,result
2026-09-01,60,10:55 - 11:00,615,36,result
2026-09-01,61,11:00 - 11:05,142,85,result
2026-09-01,62,11:05 - 11:10,903,02,result
2026-09-01,63,11:10 - 11:15,687,65,result
2026-09-01,64,11:15 - 11:20,293,26,result
2026-09-01,65,11:20 - 11:25,411,89,result
2026-09-01,66,11:25 - 11:30,046,09,result
2026-09-01,67,11:30 - 11:35,447,32,result
2026-09-01,68,11:35 - 11:40,599,69,result
2026-09-01,69,11:40 - 11:45,525,83,result
2026-09-01,70,11:45 - 11:50,067,26,result
2026-09-01,71,11:50 - 11:55,285,63,result
2026-09-01,72,11:55 - 12:00,545,10,result
2026-09-01,73,12:00 - 12:05,927,44,result
2026-09-01,74,12:05 - 12:10,242,39,result
2026-09-01,75,12:10 - 12:15,397,35,result
2026-09-01,76,12:15 - 12:20,280,38,result
2026-09-01,77,12:20 - 12:25,894,66,result
2026-09-01,78,12:25 - 12:30,549,92,result
2026-09-01,79,12:30 - 12:35,313,93,result
2026-09-01,80,12:35 - 12:40,533,90,result
2026-09-01,81,12:40 - 12:45,221,09,result
2026-09-01,82,12:45 - 12:50,511,80,result
2026-09-01,83,12:50 - 12:55,153,58,result
2026-09-01,84,12:55 - 13:00,983,33,result
2026-09-01,85,13:00 - 13:05,751,70,result
2026-09-01,86,13:05 - 13:10,805,89,result
2026-09-01,87,13:10 - 13:15,196,75,result
2026-09-01,88,13:15 - 13:20,091,05,result
2026-09-01,89,13:20 - 13:25,456,25,result
2026-09-01,90,13:25 - 13:30,627,82,result
2026-09-01,91,13:30 - 13:35,695,76,result
2026-09-01,92,13:35 - 13:40,135,88,result
2026-09-01,93,13:40 - 13:45,278,63,result
2026-09-01,94,13:45 - 13:50,421,72,result
2026-09-01,95,13:50 - 13:55,698,35,result
2026-09-01,96,13:55 - 14:00,635,68,result
2026-09-01,97,14:00 - 14:05,869,80,result
2026-09-01,98,14:05 - 14:10,268,46,result
2026-09-01,99,14:10 - 14:15,237,95,result
2026-09-01,100,14:15 - 14:20,432,65,result
2026-09-01,101,14:20 - 14:25,130,24,result
2026-09-01,102,14:25 - 14:30,021,01,result
2026-09-01,103,14:30 - 14:35,229,94,result
2026-09-01,104,14:35 - 14:40,713,82,result
2026-09-01,105,14:40 - 14:45,271,09,result
2026-09-01,106,14:45 - 14:50,378,85,result
2026-09-01,107,14:50 - 14:55,289,05,result
2026-09-01,108,14:55 - 15:00,559,68,result
2026-09-01,109,15:00 - 15:05,085,41,result
2026-09-01,110,15:05 - 15:10,533,12,result
2026-09-01,111,15:10 - 15:15,879,36,result
2026-09-01,112,15:15 - 15:20,502,31,result
2026-09-01,113,15:20 - 15:25,756,18,result
2026-09-01,114,15:25 - 15:30,694,53,result
2026-09-01,115,15:30 - 15:35,501,88,result
2026-09-01,116,15:35 - 15:40,175,28,result
2026-09-01,117,15:40 - 15:45,603,37,result
2026-09-01,118,15:45 - 15:50,746,00,result
2026-09-01,119,15:50 - 15:55,817,69,result
2026-09-01,120,15:55 - 16:00,011,41,result
2026-09-01,121,16:00 - 16:05,086,82,result
2026-09-01,122,16:05 - 16:10,496,57,result
2026-09-01,123,16:10 - 16:15,832,24,result
2026-09-01,124,16:15 - 16:20,922,42,result
2026-09-01,125,16:20 - 16:25,704,97,result
2026-09-01,126,16:25 - 16:30,448,84,result
2026-09-01,127,16:30 - 16:35,754,14,result
2026-09-01,128,16:35 - 16:40,975,51,result
2026-09-01,129,16:40 - 16:45,459,52,result
2026-09-01,130,16:45 - 16:50,321,60,result
2026-09-01,131,16:50 - 16:55,989,67,result
2026-09-01,132,16:55 - 17:00,311,11,result
2026-09-01,133,17:00 - 17:05,815,34,result
2026-09-01,134,17:05 - 17:10,593,93,result
2026-09-01,135,17:10 - 17:15,177,34,result
2026-09-01,136,17:15 - 17:20,281,43,result
2026-09-01,137,17:20 - 17:25,093,22,result
2026-09-01,138,17:25 - 17:30,237,61,result
2026-09-01,139,17:30 - 17:35,767,37,result
2026-09-01,140,17:35 - 17:40,650,54,result
2026-09-01,141,17:40 - 17:45,265,29,result
2026-09-01,142,17:45 - 17:50,948,50,result
2026-09-01,143,17:50 - 17:55,219,63,result
2026-09-01,144,17:55 - 18:00,567,22,result
2026-09-01,145,18:00 - 18:05,109,50,result
2026-09-01,146,18:05 - 18:10,136,83,result
2026-09-01,147,18:10 - 18:15,271,99,result
2026-09-01,148,18:15 - 18:20,915,11,result
2026-09-01,149,18:20 - 18:25,218,46,result
2026-09-01,150,18:25 - 18:30,654,05,result
2026-09-01,151,18:30 - 18:35,853,50,result
2026-09-01,152,18:35 - 18:40,436,37,result
2026-09-01,153,18:40 - 18:45,136,57,result
2026-09-01,154,18:45 - 18:50,099,80,result
2026-09-01,155,18:50 - 18:55,181,55,result
2026-09-01,156,18:55 - 19:00,378,88,result
2026-09-01,157,19:00 - 19:05,548,01,result
2026-09-01,158,19:05 - 19:10,183,59,result
2026-09-01,159,19:10 - 19:15,282,95,result
2026-09-01,160,19:15 - 19:20,614,68,result
2026-09-01,161,19:20 - 19:25,501,24,result
2026-09-01,162,19:25 - 19:30,620,32,result
2026-09-01,163,19:30 - 19:35,906,19,result
2026-09-01,164,19:35 - 19:40,350,99,result
2026-09-01,165,19:40 - 19:45,700,95,result
2026-09-01,166,19:45 - 19:50,895,32,result
2026-09-01,167,19:50 - 19:55,021,48,result
2026-09-01,168,19:55 - 20:00,249,94,result
2026-09-01,169,20:00 - 20:05,512,02,result
2026-09-01,170,20:05 - 20:10,931,11,result
2026-09-01,171,20:10 - 20:15,677,44,result
2026-09-01,172,20:15 - 20:20,145,08,result
2026-09-01,173,20:20 - 20:25,609,60,result
2026-09-01,174,20:25 - 20:30,325,42,result
2026-09-01,175,20:30 - 20:35,387,59,result
2026-09-01,176,20:35 - 20:40,105,14,result
2026-09-01,177,20:40 - 20:45,376,12,result
2026-09-01,178,20:45 - 20:50,616,96,result
2026-09-01,179,20:50 - 20:55,200,06,result
2026-09-01,180,20:55 - 21:00,046,32,result
2026-09-01,181,21:00 - 21:05,184,59,result
2026-09-01,182,21:05 - 21:10,163,61,result
2026-09-01,183,21:10 - 21:15,396,33,result
2026-09-01,184,21:15 - 21:20,772,56,result
2026-09-01,185,21:20 - 21:25,351,61,result
2026-09-01,186,21:25 - 21:30,240,47,result
2026-09-01,187,21:30 - 21:35,926,91,result
2026-09-01,188,21:35 - 21:40,258,80,result
2026-09-01,189,21:40 - 21:45,024,65,result
2026-09-01,190,21:45 - 21:50,633,98,result
2026-09-01,191,21:50 - 21:55,893,16,result
2026-09-01,192,21:55 - 22:00,221,88,result
2026-09-01,193,22:00 - 22:05,364,16,result
2026-09-01,194,22:05 - 22:10,816,94,result
2026-09-01,195,22:10 - 22:15,456,71,result
2026-09-01,196,22:15 - 22:20,053,98,result
2026-09-01,197,22:20 - 22:25,126,26,result
2026-09-01,198,22:25 - 22:30,822,00,result
2026-09-01,199,22:30 - 22:35,492,02,result
2026-09-01,200,22:35 - 22:40,308,29,result
2026-09-01,201,22:40 - 22:45,522,33,result
2026-09-01,202,22:45 - 22:50,869,48,result
2026-09-01,203,22:50 - 22:55,362,67,result
2026-09-01,204,22:55 - 23:00,123,63,result
2026-09-01,205,23:00 - 23:05,035,96,result
2026-09-01,206,23:05 - 23:10,811,73,result
2026-09-01,207,23:10 - 23:15,700,35,result
2026-09-01,208,23:15 - 23:20,527,33,result
2026-09-01,209,23:20 - 23:25,033,43,result
2026-09-01,210,23:25 - 23:30,346,93,result
2026-09-01,211,23:30 - 23:35,085,23,result
2026-09-01,212,23:35 - 23:40,085,20,result
2026-09-01,213,23:40 - 23:45,613,79,result
2026-09-01,214,23:45 - 23:50,076,27,result
2026-09-01,215,23:50 - 23:55,883,12,result
2026-09-01,216,23:55 - 00:00,295,89,result
2026-09-01,217,00:00 - 00:05,842,10,result
2026-09-01,218,00:05 - 00:10,004,99,result
2026-09-01,219,00:10 - 00:15,759,91,result
2026-09-01,220,00:15 - 00:20,679,66,result
2026-09-01,221,00:20 - 00:25,614,08,result
2026-09-01,222,00:25 - 00:30,781,45,result
2026-09-01,223,00:30 - 00:35,773,19,result
2026-09-01,224,00:35 - 00:40,852,43,result
2026-09-01,225,00:40 - 00:45,334,18,result
2026-09-01,226,00:45 - 00:50,981,60,result
2026-09-01,227,00:50 - 00:55,049,54,result
2026-09-01,228,00:55 - 01:00,763,64,result
2026-09-01,229,01:00 - 01:05,873,64,result
2026-09-01,230,01:05 - 01:10,070,95,result
2026-09-01,231,01:10 - 01:15,452,69,result
2026-09-01,232,01:15 - 01:20,976,96,result
2026-09-01,233,01:20 - 01:25,711,32,result
2026-09-01,234,01:25 - 01:30,679,03,result
2026-09-01,235,01:30 - 01:35,965,81,result
2026-09-01,236,01:35 - 01:40,530,96,result
2026-09-01,237,01:40 - 01:45,165,57,result
2026-09-01,238,01:45 - 01:50,635,98,result
2026-09-01,239,01:50 - 01:55,344,37,result
2026-09-01,240,01:55 - 02:00,761,75,result
2026-09-01,241,02:00 - 02:05,282,15,result
2026-09-01,242,02:05 - 02:10,118,50,result
2026-09-01,243,02:10 - 02:15,047,56,result
2026-09-01,244,02:15 - 02:20,433,10,result
2026-09-01,245,02:20 - 02:25,043,08,result
2026-09-01,246,02:25 - 02:30,477,07,result
2026-09-01,247,02:30 - 02:35,007,23,result
2026-09-01,248,02:35 - 02:40,856,57,result
2026-09-01,249,02:40 - 02:45,115,31,result
2026-09-01,250,02:45 - 02:50,270,05,result
2026-09-01,251,02:50 - 02:55,978,07,result
2026-09-01,252,02:55 - 03:00,722,23,result
2026-09-01,253,03:00 - 03:05,193,79,result
2026-09-01,254,03:05 - 03:10,366,93,result
2026-09-01,255,03:10 - 03:15,201,80,result
2026-09-01,256,03:15 - 03:20,151,05,result
2026-09-01,257,03:20 - 03:25,842,24,result
2026-09-01,258,03:25 - 03:30,850,13,result
2026-09-01,259,03:30 - 03:35,257,33,result
2026-09-01,260,03:35 - 03:40,443,53,result
2026-09-01,261,03:40 - 03:45,895,93,result
2026-09-01,262,03:45 - 03:50,686,28,result
2026-09-01,263,03:50 - 03:55,023,11,result
2026-09-01,264,03:55 - 04:00,309,05,result
2026-09-01,265,04:00 - 04:05,075,73,result
2026-09-01,266,04:05 - 04:10,964,18,result
2026-09-01,267,04:10 - 04:15,687,35,result
2026-09-01,268,04:15 - 04:20,502,54,result
2026-09-01,269,04:20 - 04:25,219,08,result
2026-09-01,270,04:25 - 04:30,500,81,result
2026-09-01,271,04:30 - 04:35,150,14,result
2026-09-01,272,04:35 - 04:40,304,93,result
2026-09-01,273,04:40 - 04:45,448,07,result
2026-09-01,274,04:45 - 04:50,769,09,result
2026-09-01,275,04:50 - 04:55,696,90,result
2026-09-01,276,04:55 - 05:00,670,86,result
2026-09-01,277,05:00 - 05:05,247,93,result
2026-09-01,278,05:05 - 05:10,453,70,result
2026-09-01,279,05:10 - 05:15,830,63,result
2026-09-01,280,05:15 - 05:20,358,58,result
2026-09-01,281,05:20 - 05:25,322,09,result
2026-09-01,282,05:25 - 05:30,878,92,result
2026-09-01,283,05:30 - 05:35,904,01,result
2026-09-01,284,05:35 - 05:40,656,97,result
2026-09-01,285,05:40 - 05:45,159,78,result
2026-09-01,286,05:45 - 05:50,276,35,result
2026-09-01,287,05:50 - 05:55,087,42,result
2026-09-01,288,05:55 - 06:00,827,42,result
2026-09-02,1,06:00 - 06:05,099,65,result
2026-09-02,2,06:05 - 06:10,774,53,result
2026-09-02,3,06:10 - 06:15,975,31,result
2026-09-02,4,06:15 - 06:20,503,45,result
2026-09-02,5,06:20 - 06:25,220,73,result
2026-09-02,6,06:25 - 06:30,230,14,result
2026-09-02,7,06:30 - 06:35,105,67,result
2026-09-02,8,06:35 - 06:40,902,87,result
2026-09-02,9,06:40 - 06:45,823,00,result
2026-09-02,10,06:45 - 06:50,662,25,result
2026-09-02,11,06:50 - 06:55,282,55,result
2026-09-02,12,06:55 - 07:00,694,18,result
2026-09-02,13,07:00 - 07:05,658,43,result
2026-09-02,14,07:05 - 07:10,019,70,result
2026-09-02,15,07:10 - 07:15,160,12,result
2026-09-02,16,07:15 - 07:20,578,78,result
2026-09-02,17,07:20 - 07:25,096,15,result
2026-09-02,18,07:25 - 07:30,501,43,result
2026-09-02,19,07:30 - 07:35,466,26,result
2026-09-02,20,07:35 - 07:40,671,26,result
2026-09-02,21,07:40 - 07:45,086,95,result
2026-09-02,22,07:45 - 07:50,009,09,result
2026-09-02,23,07:50 - 07:55,327,27,result
2026-09-02,24,07:55 - 08:00,826,50,result
2026-09-02,25,08:00 - 08:05,277,95,result
2026-09-02,26,08:05 - 08:10,980,50,result
2026-09-02,27,08:10 - 08:15,824,87,result
2026-09-02,28,08:15 - 08:20,965,29,result
2026-09-02,29,08:20 - 08:25,498,38,result
2026-09-02,30,08:25 - 08:30,636,05,result
2026-09-02,31,08:30 - 08:35,216,75,result
2026-09-02,32,08:35 - 08:40,652,32,result
2026-09-02,33,08:40 - 08:45,142,14,result
2026-09-02,34,08:45 - 08:50,459,84,result
2026-09-02,35,08:50 - 08:55,867,95,result
2026-09-02,36,08:55 - 09:00,165,96,result
2026-09-02,37,09:00 - 09:05,841,47,result
2026-09-02,38,09:05 - 09:10,063,05,result
2026-09-02,39,09:10 - 09:15,385,19,result
2026-09-02,40,09:15 - 09:20,214,79,result
2026-09-02,41,09:20 - 09:25,231,50,result
2026-09-02,42,09:25 - 09:30,635,25,result
2026-09-02,43,09:30 - 09:35,831,80,result
2026-09-02,44,09:35 - 09:40,646,73,result
2026-09-02,45,09:40 - 09:45,884,38,result
2026-09-02,46,09:45 - 09:50,374,93,result
2026-09-02,47,09:50 - 09:55,079,33,result
2026-09-02,48,09:55 - 10:00,493,86,result
2026-09-02,49,10:00 - 10:05,531,97,result
2026-09-02,50,10:05 - 10:10,848,85,result
2026-09-02,51,10:10 - 10:15,653,08,result
2026-09-02,52,10:15 - 10:20,390,37,result
2026-09-02,53,10:20 - 10:25,791,59,result
2026-09-02,54,10:25 - 10:30,813,48,result
2026-09-02,55,10:30 - 10:35,225,01,result
2026-09-02,56,10:35 - 10:40,496,82,result
2026-09-02,57,10:40 - 10:45,477,95,result
2026-09-02,58,10:45 - 10:50,286,87,result
2026-09-02,59,10:50 - 10:55,240,27,result
2026-09-02,60,10:55 - 11:00,174,82,result
2026-09-02,61,11:00 - 11:05,333,95,result
2026-09-02,62,11:05 - 11:10,800,36,result
2026-09-02,63,11:10 - 11:15,530,15,result
2026-09-02,64,11:15 - 11:20,468,89,result
2026-09-02,65,11:20 - 11:25,533,19,result
2026-09-02,66,11:25 - 11:30,935,20,result
2026-09-02,67,11:30 - 11:35,090,25,result
2026-09-02,68,11:35 - 11:40,447,52,result
2026-09-02,69,11:40 - 11:45,828,34,result
2026-09-02,70,11:45 - 11:50,623,83,result
2026-09-02,71,11:50 - 11:55,124,23,result
2026-09-02,72,11:55 - 12:00,233,76,result
2026-09-02,73,12:00 - 12:05,277,43,result
2026-09-02,74,12:05 - 12:10,990,05,result
2026-09-02,75,12:10 - 12:15,358,41,result
2026-09-02,76,12:15 - 12:20,757,52,result
2026-09-02,77,12:20 - 12:25,902,37,result
2026-09-02,78,12:25 - 12:30,773,13,result
2026-09-02,79,12:30 - 12:35,025,14,result
2026-09-02,80,12:35 - 12:40,511,71,result
2026-09-02,81,12:40 - 12:45,418,44,result
2026-09-02,82,12:45 - 12:50,801,72,result
2026-09-02,83,12:50 - 12:55,622,11,result
2026-09-02,84,12:55 - 13:00,513,45,result
2026-09-02,85,13:00 - 13:05,765,96,result
2026-09-02,86,13:05 - 13:10,611,09,result
2026-09-02,87,13:10 - 13:15,484,26,result
2026-09-02,88,13:15 - 13:20,818,46,result
2026-09-02,89,13:20 - 13:25,188,08,result
2026-09-02,90,13:25 - 13:30,190,36,result
2026-09-02,91,13:30 - 13:35,961,30,result
2026-09-02,92,13:35 - 13:40,906,26,result
2026-09-02,93,13:40 - 13:45,109,18,result
2026-09-02,94,13:45 - 13:50,962,79,result
2026-09-02,95,13:50 - 13:55,365,50,result
2026-09-02,96,13:55 - 14:00,523,02,result
2026-09-02,97,14:00 - 14:05,380,36,result
2026-09-02,98,14:05 - 14:10,692,01,result
2026-09-02,99,14:10 - 14:15,396,13,result
2026-09-02,100,14:15 - 14:20,633,51,result
2026-09-02,101,14:20 - 14:25,919,42,result
2026-09-02,102,14:25 - 14:30,319,28,result
2026-09-02,103,14:30 - 14:35,951,84,result
2026-09-02,104,14:35 - 14:40,535,54,result
2026-09-02,105,14:40 - 14:45,113,62,result
2026-09-02,106,14:45 - 14:50,865,72,result
2026-09-02,107,14:50 - 14:55,007,70,result
2026-09-02,108,14:55 - 15:00,272,96,result
2026-09-02,109,15:00 - 15:05,106,55,result
2026-09-02,110,15:05 - 15:10,850,12,result
2026-09-02,111,15:10 - 15:15,715,77,result
2026-09-02,112,15:15 - 15:20,431,30,result
2026-09-02,113,15:20 - 15:25,845,36,result
2026-09-02,114,15:25 - 15:30,237,81,result
2026-09-02,115,15:30 - 15:35,117,12,result
2026-09-02,116,15:35 - 15:40,914,26,result
2026-09-02,117,15:40 - 15:45,414,56,result
2026-09-02,118,15:45 - 15:50,394,76,result
2026-09-02,119,15:50 - 15:55,391,49,result
2026-09-02,120,15:55 - 16:00,419,01,result
2026-09-02,121,16:00 - 16:05,907,70,result
2026-09-02,122,16:05 - 16:10,916,07,result
2026-09-02,123,16:10 - 16:15,188,74,result
2026-09-02,124,16:15 - 16:20,732,50,result
2026-09-02,125,16:20 - 16:25,310,33,result
2026-09-02,126,16:25 - 16:30,910,36,result
2026-09-02,127,16:30 - 16:35,971,62,result
2026-09-02,128,16:35 - 16:40,578,09,result
2026-09-02,129,16:40 - 16:45,753,36,result
2026-09-02,130,16:45 - 16:50,885,13,result
2026-09-02,131,16:50 - 16:55,067,48,result
2026-09-02,132,16:55 - 17:00,264,21,result
2026-09-02,133,17:00 - 17:05,337,17,result
2026-09-02,134,17:05 - 17:10,183,87,result
2026-09-02,135,17:10 - 17:15,709,22,result
2026-09-02,136,17:15 - 17:20,262,93,result
2026-09-02,137,17:20 - 17:25,891,36,result
2026-09-02,138,17:25 - 17:30,549,35,result
2026-09-02,139,17:30 - 17:35,782,42,result
2026-09-02,140,17:35 - 17:40,434,10,result
2026-09-02,141,17:40 - 17:45,001,96,result
2026-09-02,142,17:45 - 17:50,401,10,result
2026-09-02,143,17:50 - 17:55,544,61,result
2026-09-02,144,17:55 - 18:00,939,99,result
2026-09-02,145,18:00 - 18:05,864,70,result
2026-09-02,146,18:05 - 18:10,493,26,result
2026-09-02,147,18:10 - 18:15,872,20,result
2026-09-02,148,18:15 - 18:20,877,44,result
2026-09-02,149,18:20 - 18:25,315,05,result
2026-09-02,150,18:25 - 18:30,769,05,result
2026-09-02,151,18:30 - 18:35,250,20,result
2026-09-02,152,18:35 - 18:40,800,58,result
2026-09-02,153,18:40 - 18:45,013,96,result
2026-09-02,154,18:45 - 18:50,549,56,result
2026-09-02,155,18:50 - 18:55,776,40,result
2026-09-02,156,18:55 - 19:00,236,48,result
2026-09-02,157,19:00 - 19:05,030,80,result
2026-09-02,158,19:05 - 19:10,273,28,result
2026-09-02,159,19:10 - 19:15,825,80,result
2026-09-02,160,19:15 - 19:20,233,37,result
2026-09-02,161,19:20 - 19:25,069,11,result
2026-09-02,162,19:25 - 19:30,599,03,result
2026-09-02,163,19:30 - 19:35,105,16,result
2026-09-02,164,19:35 - 19:40,746,86,result
2026-09-02,165,19:40 - 19:45,347,70,result
2026-09-02,166,19:45 - 19:50,773,69,result
2026-09-02,167,19:50 - 19:55,955,49,result
2026-09-02,168,19:55 - 20:00,310,09,result
2026-09-02,169,20:00 - 20:05,748,81,result
2026-09-02,170,20:05 - 20:10,936,15,result
2026-09-02,171,20:10 - 20:15,325,46,result
2026-09-02,172,20:15 - 20:20,429,60,result
2026-09-02,173,20:20 - 20:25,813,55,result
2026-09-02,174,20:25 - 20:30,455,21,result
2026-09-02,175,20:30 - 20:35,054,75,result
2026-09-02,176,20:35 - 20:40,427,36,result
2026-09-02,177,20:40 - 20:45,447,90,result
2026-09-02,178,20:45 - 20:50,078,14,result
2026-09-02,179,20:50 - 20:55,687,81,result
2026-09-02,180,20:55 - 21:00,252,93,result
2026-09-02,181,21:00 - 21:05,579,63,result
2026-09-02,182,21:05 - 21:10,312,81,result
2026-09-02,183,21:10 - 21:15,853,83,result
2026-09-02,184,21:15 - 21:20,304,31,result
2026-09-02,185,21:20 - 21:25,502,25,result
2026-09-02,186,21:25 - 21:30,835,21,result
2026-09-02,187,21:30 - 21:35,580,22,result
2026-09-02,188,21:35 - 21:40,670,86,result
2026-09-02,189,21:40 - 21:45,698,50,result
2026-09-02,190,21:45 - 21:50,886,01,result
2026-09-02,191,21:50 - 21:55,052,48,result
2026-09-02,192,21:55 - 22:00,472,02,result
2026-09-02,193,22:00 - 22:05,636,50,result
2026-09-02,194,22:05 - 22:10,395,18,result
2026-09-02,195,22:10 - 22:15,719,73,result
2026-09-02,196,22:15 - 22:20,814,31,result
2026-09-02,197,22:20 - 22:25,881,88,result
2026-09-02,198,22:25 - 22:30,072,84,result
2026-09-02,199,22:30 - 22:35,582,40,result
2026-09-02,200,22:35 - 22:40,994,85,result
2026-09-02,201,22:40 - 22:45,268,48,result
2026-09-02,202,22:45 - 22:50,467,60,result
2026-09-02,203,22:50 - 22:55,967,92,result
2026-09-02,204,22:55 - 23:00,484,18,result
2026-09-02,205,23:00 - 23:05,676,72,result
2026-09-02,206,23:05 - 23:10,662,45,result
2026-09-02,207,23:10 - 23:15,464,94,result
2026-09-02,208,23:15 - 23:20,760,71,result
2026-09-02,209,23:20 - 23:25,386,53,result
2026-09-02,210,23:25 - 23:30,167,75,result
2026-09-02,211,23:30 - 23:35,889,39,result
2026-09-02,212,23:35 - 23:40,574,16,result
2026-09-02,213,23:40 - 23:45,982,41,result
2026-09-02,214,23:45 - 23:50,033,93,result
2026-09-02,215,23:50 - 23:55,843,59,result
2026-09-02,216,23:55 - 00:00,262,83,result
2026-09-02,217,00:00 - 00:05,717,14,result
2026-09-02,218,00:05 - 00:10,908,05,result
2026-09-02,219,00:10 - 00:15,016,02,result
2026-09-02,220,00:15 - 00:20,221,96,result
2026-09-02,221,00:20 - 00:25,021,57,result
2026-09-02,222,00:25 - 00:30,870,19,result
2026-09-02,223,00:30 - 00:35,005,22,result
2026-09-02,224,00:35 - 00:40,979,44,result
2026-09-02,225,00:40 - 00:45,871,31,result
2026-09-02,226,00:45 - 00:50,136,98,result
2026-09-02,227,00:50 - 00:55,838,82,result
2026-09-02,228,00:55 - 01:00,754,66,result
2026-09-02,229,01:00 - 01:05,543,24,result
2026-09-02,230,01:05 - 01:10,116,69,result
2026-09-02,231,01:10 - 01:15,413,42,result
2026-09-02,232,01:15 - 01:20,274,23,result
2026-09-02,233,01:20 - 01:25,707,88,result
2026-09-02,234,01:25 - 01:30,787,52,result
2026-09-02,235,01:30 - 01:35,600,04,result
2026-09-02,236,01:35 - 01:40,137,27,result
2026-09-02,237,01:40 - 01:45,733,46,result
2026-09-02,238,01:45 - 01:50,148,97,result
2026-09-02,239,01:50 - 01:55,411,68,result
2026-09-02,240,01:55 - 02:00,614,07,result
2026-09-02,241,02:00 - 02:05,249,04,result
2026-09-02,242,02:05 - 02:10,950,04,result
2026-09-02,243,02:10 - 02:15,815,26,result
2026-09-02,244,02:15 - 02:20,494,09,result
2026-09-02,245,02:20 - 02:25,688,84,result
2026-09-02,246,02:25 - 02:30,685,92,result
2026-09-02,247,02:30 - 02:35,208,36,result
2026-09-02,248,02:35 - 02:40,937,17,result
2026-09-02,249,02:40 - 02:45,159,91,result
2026-09-02,250,02:45 - 02:50,362,86,result
2026-09-02,251,02:50 - 02:55,502,82,result
2026-09-02,252,02:55 - 03:00,793,82,result
2026-09-02,253,03:00 - 03:05,744,77,result
2026-09-02,254,03:05 - 03:10,690,12,result
2026-09-02,255,03:10 - 03:15,245,04,result
2026-09-02,256,03:15 - 03:20,046,55,result
2026-09-02,257,03:20 - 03:25,211,80,result
2026-09-02,258,03:25 - 03:30,671,02,result
2026-09-02,259,03:30 - 03:35,155,11,result
2026-09-02,260,03:35 - 03:40,613,02,result
2026-09-02,261,03:40 - 03:45,647,44,result
2026-09-02,262,03:45 - 03:50,402,40,result
2026-09-02,263,03:50 - 03:55,669,16,result
2026-09-02,264,03:55 - 04:00,718,90,result
2026-09-02,265,04:00 - 04:05,461,14,result
2026-09-02,266,04:05 - 04:10,471,47,result
2026-09-02,267,04:10 - 04:15,034,21,result
2026-09-02,268,04:15 - 04:20,115,05,result
2026-09-02,269,04:20 - 04:25,314,11,result
2026-09-02,270,04:25 - 04:30,065,00,result
2026-09-02,271,04:30 - 04:35,396,48,result
2026-09-02,272,04:35 - 04:40,159,79,result
2026-09-02,273,04:40 - 04:45,097,24,result
2026-09-02,274,04:45 - 04:50,795,07,result
2026-09-02,275,04:50 - 04:55,391,30,result
2026-09-02,276,04:55 - 05:00,115,26,result
2026-09-02,277,05:00 - 05:05,282,89,result
2026-09-02,278,05:05 - 05:10,068,69,result
2026-09-02,279,05:10 - 05:15,932,71,result
2026-09-02,280,05:15 - 05:20,526,62,result
2026-09-02,281,05:20 - 05:25,411,24,result
2026-09-02,282,05:25 - 05:30,859,83,result
2026-09-02,283,05:30 - 05:35,613,60,result
2026-09-02,284,05:35 - 05:40,797,27,result
2026-09-02,285,05:40 - 05:45,220,12,result
2026-09-02,286,05:45 - 05:50,814,94,result
2026-09-02,287,05:50 - 05:55,423,08,result
2026-09-02,288,05:55 - 06:00,524,95,result
2026-09-03,1,06:00 - 06:05,967,36,result
2026-09-03,2,06:05 - 06:10,111,85,result
2026-09-03,3,06:10 - 06:15,288,22,result
2026-09-03,4,06:15 - 06:20,181,65,result
2026-09-03,5,06:20 - 06:25,195,37,result
2026-09-03,6,06:25 - 06:30,736,67,result
2026-09-03,7,06:30 - 06:35,704,43,result
2026-09-03,8,06:35 - 06:40,490,53,result
2026-09-03,9,06:40 - 06:45,181,71,result
2026-09-03,10,06:45 - 06:50,005,45,result
2026-09-03,11,06:50 - 06:55,572,00,result
2026-09-03,12,06:55 - 07:00,735,09,result
2026-09-03,13,07:00 - 07:05,475,81,result
2026-09-03,14,07:05 - 07:10,825,79,result
2026-09-03,15,07:10 - 07:15,868,72,result
2026-09-03,16,07:15 - 07:20,099,46,result
2026-09-03,17,07:20 - 07:25,308,04,result
2026-09-03,18,07:25 - 07:30,576,94,result
2026-09-03,19,07:30 - 07:35,683,99,result
2026-09-03,20,07:35 - 07:40,675,80,result
2026-09-03,21,07:40 - 07:45,214,52,result
2026-09-03,22,07:45 - 07:50,354,17,result
2026-09-03,23,07:50 - 07:55,945,27,result
2026-09-03,24,07:55 - 08:00,289,40,result
2026-09-03,25,08:00 - 08:05,592,40,result
2026-09-03,26,08:05 - 08:10,252,60,result
2026-09-03,27,08:10 - 08:15,741,80,result
2026-09-03,28,08:15 - 08:20,911,74,result
2026-09-03,29,08:20 - 08:25,251,12,result
2026-09-03,30,08:25 - 08:30,507,41,result
2026-09-03,31,08:30 - 08:35,806,04,result
2026-09-03,32,08:35 - 08:40,320,24,result
2026-09-03,33,08:40 - 08:45,382,46,result
2026-09-03,34,08:45 - 08:50,916,57,result
2026-09-03,35,08:50 - 08:55,529,21,result
2026-09-03,36,08:55 - 09:00,223,74,result
2026-09-03,37,09:00 - 09:05,443,60,result
2026-09-03,38,09:05 - 09:10,947,39,result
2026-09-03,39,09:10 - 09:15,786,20,result
2026-09-03,40,09:15 - 09:20,117,16,result
2026-09-03,41,09:20 - 09:25,750,12,result
2026-09-03,42,09:25 - 09:30,899,35,result
2026-09-03,43,09:30 - 09:35,813,73,result
2026-09-03,44,09:35 - 09:40,754,83,result
2026-09-03,45,09:40 - 09:45,988,89,result
2026-09-03,46,09:45 - 09:50,285,19,result
2026-09-03,47,09:50 - 09:55,064,10,result
2026-09-03,48,09:55 - 10:00,260,15,result
2026-09-03,49,10:00 - 10:05,350,40,result
2026-09-03,50,10:05 - 10:10,848,41,result
2026-09-03,51,10:10 - 10:15,907,89,result
2026-09-03,52,10:15 - 10:20,300,32,result
2026-09-03,53,10:20 - 10:25,257,15,result
2026-09-03,54,10:25 - 10:30,807,39,result
2026-09-03,55,10:30 - 10:35,357,43,result
2026-09-03,56,10:35 - 10:40,272,06,result
2026-09-03,57,10:40 - 10:45,208,94,result
2026-09-03,58,10:45 - 10:50,767,63,result
2026-09-03,59,10:50 - 10:55,721,82,result
2026-09-03,60,10:55 - 11:00,474,87,result
2026-09-03,61,11:00 - 11:05,314,90,result
2026-09-03,62,11:05 - 11:10,701,90,result
2026-09-03,63,11:10 - 11:15,558,03,result
2026-09-03,64,11:15 - 11:20,922,39,result
2026-09-03,65,11:20 - 11:25,119,74,result
2026-09-03,66,11:25 - 11:30,583,68,result
2026-09-03,67,11:30 - 11:35,933,54,result
2026-09-03,68,11:35 - 11:40,082,71,result
2026-09-03,69,11:40 - 11:45,638,52,result
2026-09-03,70,11:45 - 11:50,713,94,result
2026-09-03,71,11:50 - 11:55,729,58,result
2026-09-03,72,11:55 - 12:00,252,25,result
2026-09-03,73,12:00 - 12:05,372,05,result
2026-09-03,74,12:05 - 12:10,578,98,result
2026-09-03,75,12:10 - 12:15,361,64,result
2026-09-03,76,12:15 - 12:20,411,60,result
2026-09-03,77,12:20 - 12:25,691,96,result
2026-09-03,78,12:25 - 12:30,371,25,result
2026-09-03,79,12:30 - 12:35,381,02,result
2026-09-03,80,12:35 - 12:40,545,22,result
2026-09-03,81,12:40 - 12:45,134,00,result
2026-09-03,82,12:45 - 12:50,908,33,result
2026-09-03,83,12:50 - 12:55,817,64,result
2026-09-03,84,12:55 - 13:00,614,30,result
2026-09-03,85,13:00 - 13:05,473,11,result
2026-09-03,86,13:05 - 13:10,438,92,result
2026-09-03,87,13:10 - 13:15,732,03,result
2026-09-03,88,13:15 - 13:20,484,86,result
2026-09-03,89,13:20 - 13:25,849,01,result
2026-09-03,90,13:25 - 13:30,759,31,result
2026-09-03,91,13:30 - 13:35,997,96,result
2026-09-03,92,13:35 - 13:40,651,03,result
2026-09-03,93,13:40 - 13:45,777,16,result
2026-09-03,94,13:45 - 13:50,909,82,result
2026-09-03,95,13:50 - 13:55,364,24,result
2026-09-03,96,13:55 - 14:00,869,83,result
2026-09-03,97,14:00 - 14:05,245,03,result
2026-09-03,98,14:05 - 14:10,913,97,result
2026-09-03,99,14:10 - 14:15,383,64,result
2026-09-03,100,14:15 - 14:20,591,95,result
2026-09-03,101,14:20 - 14:25,577,64,result
2026-09-03,102,14:25 - 14:30,080,53,result
2026-09-03,103,14:30 - 14:35,991,62,result
2026-09-03,104,14:35 - 14:40,943,31,result
2026-09-03,105,14:40 - 14:45,054,46,result
2026-09-03,106,14:45 - 14:50,552,77,result
2026-09-03,107,14:50 - 14:55,503,98,result
2026-09-03,108,14:55 - 15:00,595,46,result
2026-09-03,109,15:00 - 15:05,782,78,result
2026-09-03,110,15:05 - 15:10,754,92,result
2026-09-03,111,15:10 - 15:15,994,39,result
2026-09-03,112,15:15 - 15:20,349,67,result
2026-09-03,113,15:20 - 15:25,054,63,result
2026-09-03,114,15:25 - 15:30,543,61,result
2026-09-03,115,15:30 - 15:35,783,51,result
2026-09-03,116,15:35 - 15:40,637,79,result
2026-09-03,117,15:40 - 15:45,112,27,result
2026-09-03,118,15:45 - 15:50,193,16,result
2026-09-03,119,15:50 - 15:55,961,23,result
2026-09-03,120,15:55 - 16:00,550,69,result
2026-09-03,121,16:00 - 16:05,947,45,result
2026-09-03,122,16:05 - 16:10,522,68,result
2026-09-03,123,16:10 - 16:15,291,57,result
2026-09-03,124,16:15 - 16:20,788,85,result
2026-09-03,125,16:20 - 16:25,887,03,result
2026-09-03,126,16:25 - 16:30,329,85,result
2026-09-03,127,16:30 - 16:35,649,94,result
2026-09-03,128,16:35 - 16:40,255,31,result
2026-09-03,129,16:40 - 16:45,982,76,result
2026-09-03,130,16:45 - 16:50,156,29,result
2026-09-03,131,16:50 - 16:55,372,10,result
2026-09-03,132,16:55 - 17:00,153,77,result
2026-09-03,133,17:00 - 17:05,042,06,result
2026-09-03,134,17:05 - 17:10,988,14,result
2026-09-03,135,17:10 - 17:15,515,77,result
2026-09-03,136,17:15 - 17:20,839,11,result
2026-09-03,137,17:20 - 17:25,267,59,result
2026-09-03,138,17:25 - 17:30,193,62,result
2026-09-03,139,17:30 - 17:35,386,03,result
2026-09-03,140,17:35 - 17:40,901,11,result
2026-09-03,141,17:40 - 17:45,824,31,result
2026-09-03,142,17:45 - 17:50,565,81,result
2026-09-03,143,17:50 - 17:55,904,14,result
2026-09-03,144,17:55 - 18:00,285,01,result
2026-09-03,145,18:00 - 18:05,269,11,result
2026-09-03,146,18:05 - 18:10,732,26,result
2026-09-03,147,18:10 - 18:15,061,05,result
2026-09-03,148,18:15 - 18:20,128,64,result
2026-09-03,149,18:20 - 18:25,758,84,result
2026-09-03,150,18:25 - 18:30,737,57,result
2026-09-03,151,18:30 - 18:35,782,87,result
2026-09-03,152,18:35 - 18:40,904,35,result
2026-09-03,153,18:40 - 18:45,866,91,result
2026-09-03,154,18:45 - 18:50,966,24,result
2026-09-03,155,18:50 - 18:55,642,28,result
2026-09-03,156,18:55 - 19:00,611,94,result
2026-09-03,157,19:00 - 19:05,023,01,result
2026-09-03,158,19:05 - 19:10,610,80,result
2026-09-03,159,19:10 - 19:15,388,89,result
2026-09-03,160,19:15 - 19:20,819,16,result
2026-09-03,161,19:20 - 19:25,176,66,result
2026-09-03,162,19:25 - 19:30,104,01,result
2026-09-03,163,19:30 - 19:35,991,85,result
2026-09-03,164,19:35 - 19:40,292,74,result
2026-09-03,165,19:40 - 19:45,888,59,result
2026-09-03,166,19:45 - 19:50,844,30,result
2026-09-03,167,19:50 - 19:55,830,21,result
2026-09-03,168,19:55 - 20:00,578,81,result
2026-09-03,169,20:00 - 20:05,465,47,result
2026-09-03,170,20:05 - 20:10,569,29,result
2026-09-03,171,20:10 - 20:15,159,67,result
2026-09-03,172,20:15 - 20:20,316,73,result
2026-09-03,173,20:20 - 20:25,482,83,result
2026-09-03,174,20:25 - 20:30,161,67,result
2026-09-03,175,20:30 - 20:35,149,22,result
2026-09-03,176,20:35 - 20:40,609,49,result
2026-09-03,177,20:40 - 20:45,298,51,result
2026-09-03,178,20:45 - 20:50,598,42,result
2026-09-03,179,20:50 - 20:55,373,81,result
2026-09-03,180,20:55 - 21:00,384,27,result
2026-09-03,181,21:00 - 21:05,178,53,result
2026-09-03,182,21:05 - 21:10,497,91,result
2026-09-03,183,21:10 - 21:15,081,37,result
2026-09-03,184,21:15 - 21:20,734,51,result
2026-09-03,185,21:20 - 21:25,473,45,result
2026-09-03,186,21:25 - 21:30,384,54,result
2026-09-03,187,21:30 - 21:35,059,92,result
2026-09-03,188,21:35 - 21:40,662,41,result
2026-09-03,189,21:40 - 21:45,242,24,result
2026-09-03,190,21:45 - 21:50,870,60,result
2026-09-03,191,21:50 - 21:55,820,19,result
2026-09-03,192,21:55 - 22:00,999,91,result
2026-09-03,193,22:00 - 22:05,055,16,result
2026-09-03,194,22:05 - 22:10,025,72,result
2026-09-03,195,22:10 - 22:15,270,07,result
2026-09-03,196,22:15 - 22:20,106,86,result
2026-09-03,197,22:20 - 22:25,625,00,result
2026-09-03,198,22:25 - 22:30,404,63,result
2026-09-03,199,22:30 - 22:35,940,80,result
2026-09-03,200,22:35 - 22:40,941,52,result
2026-09-03,201,22:40 - 22:45,371,95,result
2026-09-03,202,22:45 - 22:50,586,59,result
2026-09-03,203,22:50 - 22:55,358,91,result
2026-09-03,204,22:55 - 23:00,911,19,result
2026-09-03,205,23:00 - 23:05,886,86,result
2026-09-03,206,23:05 - 23:10,425,75,result
2026-09-03,207,23:10 - 23:15,573,05,result
2026-09-03,208,23:15 - 23:20,584,38,result
2026-09-03,209,23:20 - 23:25,397,77,result
2026-09-03,210,23:25 - 23:30,453,41,result
2026-09-03,211,23:30 - 23:35,469,61,result
2026-09-03,212,23:35 - 23:40,532,53,result
2026-09-03,213,23:40 - 23:45,127,74,result
2026-09-03,214,23:45 - 23:50,053,77,result
2026-09-03,215,23:50 - 23:55,867,31,result
2026-09-03,216,23:55 - 00:00,864,00,result
2026-09-03,217,00:00 - 00:05,946,54,result
2026-09-03,218,00:05 - 00:10,756,49,result
2026-09-03,219,00:10 - 00:15,029,69,result
2026-09-03,220,00:15 - 00:20,757,25,result
2026-09-03,221,00:20 - 00:25,107,29,result
2026-09-03,222,00:25 - 00:30,883,35,result
2026-09-03,223,00:30 - 00:35,891,57,result
2026-09-03,224,00:35 - 00:40,792,41,result
2026-09-03,225,00:40 - 00:45,538,79,result
2026-09-03,226,00:45 - 00:50,830,70,result
2026-09-03,227,00:50 - 00:55,185,89,result
2026-09-03,228,00:55 - 01:00,214,86,result
2026-09-03,229,01:00 - 01:05,773,14,result
2026-09-03,230,01:05 - 01:10,662,94,result
2026-09-03,231,01:10 - 01:15,901,66,result
2026-09-03,232,01:15 - 01:20,444,27,result
2026-09-03,233,01:20 - 01:25,306,14,result
2026-09-03,234,01:25 - 01:30,318,36,result
2026-09-03,235,01:30 - 01:35,333,15,result
2026-09-03,236,01:35 - 01:40,541,66,result
2026-09-03,237,01:40 - 01:45,824,47,result
2026-09-03,238,01:45 - 01:50,971,16,result
2026-09-03,239,01:50 - 01:55,324,50,result
2026-09-03,240,01:55 - 02:00,270,86,result
2026-09-03,241,02:00 - 02:05,623,51,result
2026-09-03,242,02:05 - 02:10,387,02,result
2026-09-03,243,02:10 - 02:15,902,15,result
2026-09-03,244,02:15 - 02:20,902,26,result
2026-09-03,245,02:20 - 02:25,855,02,result
2026-09-03,246,02:25 - 02:30,686,18,result
2026-09-03,247,02:30 - 02:35,783,70,result
2026-09-03,248,02:35 - 02:40,211,41,result
2026-09-03,249,02:40 - 02:45,855,02,result
2026-09-03,250,02:45 - 02:50,744,89,result
2026-09-03,251,02:50 - 02:55,277,72,result
2026-09-03,252,02:55 - 03:00,167,78,result
2026-09-03,253,03:00 - 03:05,064,76,result
2026-09-03,254,03:05 - 03:10,665,07,result
2026-09-03,255,03:10 - 03:15,359,60,result
2026-09-03,256,03:15 - 03:20,534,53,result
2026-09-03,257,03:20 - 03:25,743,96,result
2026-09-03,258,03:25 - 03:30,786,67,result
2026-09-03,259,03:30 - 03:35,811,13,result
2026-09-03,260,03:35 - 03:40,032,26,result
2026-09-03,261,03:40 - 03:45,516,99,result
2026-09-03,262,03:45 - 03:50,889,91,result
2026-09-03,263,03:50 - 03:55,372,36,result
2026-09-03,264,03:55 - 04:00,884,98,result
2026-09-03,265,04:00 - 04:05,521,69,result
2026-09-03,266,04:05 - 04:10,006,55,result
2026-09-03,267,04:10 - 04:15,487,24,result
2026-09-03,268,04:15 - 04:20,915,33,result
2026-09-03,269,04:20 - 04:25,717,58,result
2026-09-03,270,04:25 - 04:30,566,94,result
2026-09-03,271,04:30 - 04:35,831,80,result
2026-09-03,272,04:35 - 04:40,434,67,result
2026-09-03,273,04:40 - 04:45,815,28,result
2026-09-03,274,04:45 - 04:50,420,15,result
2026-09-03,275,04:50 - 04:55,943,28,result
2026-09-03,276,04:55 - 05:00,152,86,result
2026-09-03,277,05:00 - 05:05,277,19,result
2026-09-03,278,05:05 - 05:10,392,55,result
2026-09-03,279,05:10 - 05:15,181,05,result
2026-09-03,280,05:15 - 05:20,743,18,result
2026-09-03,281,05:20 - 05:25,359,29,result
2026-09-03,282,05:25 - 05:30,849,14,result
2026-09-03,283,05:30 - 05:35,824,05,result
2026-09-03,284,05:35 - 05:40,362,96,result
2026-09-03,285,05:40 - 05:45,317,08,result
2026-09-03,286,05:45 - 05:50,457,71,result
2026-09-03,287,05:50 - 05:55,936,38,result
2026-09-03,288,05:55 - 06:00,942,51,result
2026-09-04,1,06:00 - 06:05,112,60,result
2026-09-04,2,06:05 - 06:10,785,60,result
2026-09-04,3,06:10 - 06:15,456,04,result
2026-09-04,4,06:15 - 06:20,478,28,result
2026-09-04,5,06:20 - 06:25,237,70,result
2026-09-04,6,06:25 - 06:30,553,19,result
2026-09-04,7,06:30 - 06:35,012,92,result
2026-09-04,8,06:35 - 06:40,144,72,result
2026-09-04,9,06:40 - 06:45,988,39,result
2026-09-04,10,06:45 - 06:50,799,75,result
2026-09-04,11,06:50 - 06:55,331,39,result
2026-09-04,12,06:55 - 07:00,273,15,result
2026-09-04,13,07:00 - 07:05,719,19,result
2026-09-04,14,07:05 - 07:10,719,54,result
2026-09-04,15,07:10 - 07:15,143,09,result
2026-09-04,16,07:15 - 07:20,752,85,result
2026-09-04,17,07:20 - 07:25,714,49,result
2026-09-04,18,07:25 - 07:30,826,25,result
2026-09-04,19,07:30 - 07:35,672,28,result
2026-09-04,20,07:35 - 07:40,607,96,result
2026-09-04,21,07:40 - 07:45,783,68,result
2026-09-04,22,07:45 - 07:50,878,64,result
2026-09-04,23,07:50 - 07:55,054,51,result
2026-09-04,24,07:55 - 08:00,176,73,result
2026-09-04,25,08:00 - 08:05,427,30,result
2026-09-04,26,08:05 - 08:10,337,43,result
2026-09-04,27,08:10 - 08:15,634,95,result
2026-09-04,28,08:15 - 08:20,553,39,result
2026-09-04,29,08:20 - 08:25,203,89,result
2026-09-04,30,08:25 - 08:30,152,42,result
2026-09-04,31,08:30 - 08:35,704,54,result
2026-09-04,32,08:35 - 08:40,157,26,result
2026-09-04,33,08:40 - 08:45,824,03,result
2026-09-04,34,08:45 - 08:50,847,44,result
2026-09-04,35,08:50 - 08:55,930,31,result
2026-09-04,36,08:55 - 09:00,693,96,result
2026-09-04,37,09:00 - 09:05,416,30,result
2026-09-04,38,09:05 - 09:10,020,82,result
2026-09-04,39,09:10 - 09:15,752,77,result
2026-09-04,40,09:15 - 09:20,381,52,result
2026-09-04,41,09:20 - 09:25,100,21,result
2026-09-04,42,09:25 - 09:30,570,18,result
2026-09-04,43,09:30 - 09:35,862,12,result
2026-09-04,44,09:35 - 09:40,417,53,result
2026-09-04,45,09:40 - 09:45,816,93,result
2026-09-04,46,09:45 - 09:50,300,51,result
2026-09-04,47,09:50 - 09:55,306,96,result
2026-09-04,48,09:55 - 10:00,134,52,result
2026-09-04,49,10:00 - 10:05,684,42,result
2026-09-04,50,10:05 - 10:10,212,37,result
2026-09-04,51,10:10 - 10:15,593,46,result
2026-09-04,52,10:15 - 10:20,366,42,result
2026-09-04,53,10:20 - 10:25,805,29,result
2026-09-04,54,10:25 - 10:30,710,38,result
2026-09-04,55,10:30 - 10:35,134,85,result
2026-09-04,56,10:35 - 10:40,152,08,result
2026-09-04,57,10:40 - 10:45,811,09,result
2026-09-04,58,10:45 - 10:50,009,06,result
2026-09-04,59,10:50 - 10:55,871,98,result
2026-09-04,60,10:55 - 11:00,891,40,result
2026-09-04,61,11:00 - 11:05,021,11,result
2026-09-04,62,11:05 - 11:10,843,32,result
2026-09-04,63,11:10 - 11:15,049,36,result
2026-09-04,64,11:15 - 11:20,337,70,result
2026-09-04,65,11:20 - 11:25,305,33,result
2026-09-04,66,11:25 - 11:30,057,77,result
2026-09-04,67,11:30 - 11:35,547,46,result
2026-09-04,68,11:35 - 11:40,537,19,result
2026-09-04,69,11:40 - 11:45,245,65,result
2026-09-04,70,11:45 - 11:50,747,44,result
2026-09-04,71,11:50 - 11:55,655,23,result
2026-09-04,72,11:55 - 12:00,911,63,result
2026-09-04,73,12:00 - 12:05,319,18,result
2026-09-04,74,12:05 - 12:10,068,46,result
2026-09-04,75,12:10 - 12:15,776,57,result
2026-09-04,76,12:15 - 12:20,397,19,result
2026-09-04,77,12:20 - 12:25,468,66,result
2026-09-04,78,12:25 - 12:30,705,37,result
2026-09-04,79,12:30 - 12:35,661,04,result
2026-09-04,80,12:35 - 12:40,667,32,result
2026-09-04,81,12:40 - 12:45,740,15,result
2026-09-04,82,12:45 - 12:50,637,65,result
2026-09-04,83,12:50 - 12:55,138,90,result
2026-09-04,84,12:55 - 13:00,091,32,result
2026-09-04,85,13:00 - 13:05,077,46,result
2026-09-04,86,13:05 - 13:10,254,99,result
2026-09-04,87,13:10 - 13:15,589,37,result
2026-09-04,88,13:15 - 13:20,701,07,result
2026-09-04,89,13:20 - 13:25,428,71,result
2026-09-04,90,13:25 - 13:30,889,54,result
2026-09-04,91,13:30 - 13:35,714,34,result
2026-09-04,92,13:35 - 13:40,922,80,result
2026-09-04,93,13:40 - 13:45,291,56,result
2026-09-04,94,13:45 - 13:50,624,61,result
2026-09-04,95,13:50 - 13:55,569,06,result
2026-09-04,96,13:55 - 14:00,686,29,result
2026-09-04,97,14:00 - 14:05,278,93,result
2026-09-04,98,14:05 - 14:10,232,99,result
2026-09-04,99,14:10 - 14:15,649,34,result
2026-09-04,100,14:15 - 14:20,813,82,result
2026-09-04,101,14:20 - 14:25,284,34,result
2026-09-04,102,14:25 - 14:30,719,14,result
2026-09-04,103,14:30 - 14:35,789,28,result
2026-09-04,104,14:35 - 14:40,509,74,result
2026-09-04,105,14:40 - 14:45,191,13,result
2026-09-04,106,14:45 - 14:50,777,96,result
2026-09-04,107,14:50 - 14:55,598,20,result
2026-09-04,108,14:55 - 15:00,537,25,result
2026-09-04,109,15:00 - 15:05,041,44,result
2026-09-04,110,15:05 - 15:10,169,49,result
2026-09-04,111,15:10 - 15:15,896,52,result
2026-09-04,112,15:15 - 15:20,262,92,result
2026-09-04,113,15:20 - 15:25,281,21,result
2026-09-04,114,15:25 - 15:30,646,68,result
2026-09-04,115,15:30 - 15:35,135,02,result
2026-09-04,116,15:35 - 15:40,224,25,result
2026-09-04,117,15:40 - 15:45,845,63,result
2026-09-04,118,15:45 - 15:50,162,25,result
2026-09-04,119,15:50 - 15:55,756,90,result
2026-09-04,120,15:55 - 16:00,639,92,result
2026-09-04,121,16:00 - 16:05,737,18,result
2026-09-04,122,16:05 - 16:10,946,64,result
2026-09-04,123,16:10 - 16:15,076,20,result
2026-09-04,124,16:15 - 16:20,134,20,result
2026-09-04,125,16:20 - 16:25,099,50,result
2026-09-04,126,16:25 - 16:30,483,72,result
2026-09-04,127,16:30 - 16:35,788,27,result
2026-09-04,128,16:35 - 16:40,726,47,result
2026-09-04,129,16:40 - 16:45,624,98,result
2026-09-04,130,16:45 - 16:50,180,64,result
2026-09-04,131,16:50 - 16:55,868,32,result
2026-09-04,132,16:55 - 17:00,123,03,result
2026-09-04,133,17:00 - 17:05,823,16,result
2026-09-04,134,17:05 - 17:10,407,46,result
2026-09-04,135,17:10 - 17:15,770,52,result
2026-09-04,136,17:15 - 17:20,506,56,result
2026-09-04,137,17:20 - 17:25,072,95,result
2026-09-04,138,17:25 - 17:30,445,71,result
2026-09-04,139,17:30 - 17:35,052,95,result
2026-09-04,140,17:35 - 17:40,140,04,result
2026-09-04,141,17:40 - 17:45,000,91,result
2026-09-04,142,17:45 - 17:50,669,04,result
2026-09-04,143,17:50 - 17:55,081,47,result
2026-09-04,144,17:55 - 18:00,588,29,result
2026-09-04,145,18:00 - 18:05,317,99,result
2026-09-04,146,18:05 - 18:10,491,84,result
2026-09-04,147,18:10 - 18:15,238,32,result
2026-09-04,148,18:15 - 18:20,298,58,result
2026-09-04,149,18:20 - 18:25,206,76,result
2026-09-04,150,18:25 - 18:30,414,28,result
2026-09-04,151,18:30 - 18:35,578,18,result
2026-09-04,152,18:35 - 18:40,582,66,result
2026-09-04,153,18:40 - 18:45,686,64,result
2026-09-04,154,18:45 - 18:50,743,55,result
2026-09-04,155,18:50 - 18:55,407,88,result
2026-09-04,156,18:55 - 19:00,539,96,result
2026-09-04,157,19:00 - 19:05,063,81,result
2026-09-04,158,19:05 - 19:10,392,27,result
2026-09-04,159,19:10 - 19:15,093,51,result
2026-09-04,160,19:15 - 19:20,728,17,result
2026-09-04,161,19:20 - 19:25,227,14,result
2026-09-04,162,19:25 - 19:30,190,39,result
2026-09-04,163,19:30 - 19:35,426,96,result
2026-09-04,164,19:35 - 19:40,960,09,result
2026-09-04,165,19:40 - 19:45,907,61,result
2026-09-04,166,19:45 - 19:50,242,23,result
2026-09-04,167,19:50 - 19:55,982,54,result
2026-09-04,168,19:55 - 20:00,406,30,result
2026-09-04,169,20:00 - 20:05,820,55,result
2026-09-04,170,20:05 - 20:10,760,51,result
2026-09-04,171,20:10 - 20:15,522,68,result
2026-09-04,172,20:15 - 20:20,205,50,result
2026-09-04,173,20:20 - 20:25,241,76,result
2026-09-04,174,20:25 - 20:30,997,24,result
2026-09-04,175,20:30 - 20:35,571,52,result
2026-09-04,176,20:35 - 20:40,205,44,result
2026-09-04,177,20:40 - 20:45,786,31,result
2026-09-04,178,20:45 - 20:50,365,06,result
2026-09-04,179,20:50 - 20:55,405,80,result
2026-09-04,180,20:55 - 21:00,432,41,result
2026-09-04,181,21:00 - 21:05,643,51,result
2026-09-04,182,21:05 - 21:10,722,13,result
2026-09-04,183,21:10 - 21:15,434,39,result
2026-09-04,184,21:15 - 21:20,756,48,result
2026-09-04,185,21:20 - 21:25,515,10,result
2026-09-04,186,21:25 - 21:30,090,92,result
2026-09-04,187,21:30 - 21:35,895,75,result
2026-09-04,188,21:35 - 21:40,509,73,result
2026-09-04,189,21:40 - 21:45,797,27,result
2026-09-04,190,21:45 - 21:50,566,65,result
2026-09-04,191,21:50 - 21:55,442,68,result
2026-09-04,192,21:55 - 22:00,730,89,result
2026-09-04,193,22:00 - 22:05,567,65,result
2026-09-04,194,22:05 - 22:10,986,11,result
2026-09-04,195,22:10 - 22:15,074,67,result
2026-09-04,196,22:15 - 22:20,862,73,result
2026-09-04,197,22:20 - 22:25,855,36,result
2026-09-04,198,22:25 - 22:30,083,30,result
2026-09-04,199,22:30 - 22:35,285,77,result
2026-09-04,200,22:35 - 22:40,839,06,result
2026-09-04,201,22:40 - 22:45,022,70,result
2026-09-04,202,22:45 - 22:50,385,05,result
2026-09-04,203,22:50 - 22:55,052,51,result
2026-09-04,204,22:55 - 23:00,741,49,result
2026-09-04,205,23:00 - 23:05,059,14,result
2026-09-04,206,23:05 - 23:10,765,28,result
2026-09-04,207,23:10 - 23:15,632,65,result
2026-09-04,208,23:15 - 23:20,706,64,result
2026-09-04,209,23:20 - 23:25,318,10,result
2026-09-04,210,23:25 - 23:30,964,14,result
2026-09-04,211,23:30 - 23:35,100,48,result
2026-09-04,212,23:35 - 23:40,215,45,result
2026-09-04,213,23:40 - 23:45,661,75,result
2026-09-04,214,23:45 - 23:50,854,81,result
2026-09-04,215,23:50 - 23:55,881,25,result
2026-09-04,216,23:55 - 00:00,897,29,result
2026-09-04,217,00:00 - 00:05,526,70,result
2026-09-04,218,00:05 - 00:10,821,48,result
2026-09-04,219,00:10 - 00:15,655,03,result
2026-09-04,220,00:15 - 00:20,833,18,result
2026-09-04,221,00:20 - 00:25,126,22,result
2026-09-04,222,00:25 - 00:30,927,16,result
2026-09-04,223,00:30 - 00:35,535,04,result
2026-09-04,224,00:35 - 00:40,819,74,result
2026-09-04,225,00:40 - 00:45,861,03,result
2026-09-04,226,00:45 - 00:50,423,83,result
2026-09-04,227,00:50 - 00:55,141,99,result
2026-09-04,228,00:55 - 01:00,792,49,result
2026-09-04,229,01:00 - 01:05,645,83,result
2026-09-04,230,01:05 - 01:10,528,87,result
2026-09-04,231,01:10 - 01:15,260,42,result
2026-09-04,232,01:15 - 01:20,402,20,result
2026-09-04,233,01:20 - 01:25,029,21,result
2026-09-04,234,01:25 - 01:30,135,27,result
2026-09-04,235,01:30 - 01:35,015,70,result
2026-09-04,236,01:35 - 01:40,211,62,result
2026-09-04,237,01:40 - 01:45,065,73,result
2026-09-04,238,01:45 - 01:50,807,58,result
2026-09-04,239,01:50 - 01:55,413,50,result
2026-09-04,240,01:55 - 02:00,381,34,result
2026-09-04,241,02:00 - 02:05,593,31,result
2026-09-04,242,02:05 - 02:10,754,89,result
2026-09-04,243,02:10 - 02:15,792,04,result
2026-09-04,244,02:15 - 02:20,314,24,result
2026-09-04,245,02:20 - 02:25,374,68,result
2026-09-04,246,02:25 - 02:30,163,67,result
2026-09-04,247,02:30 - 02:35,206,68,result
2026-09-04,248,02:35 - 02:40,405,68,result
2026-09-04,249,02:40 - 02:45,147,46,result
2026-09-04,250,02:45 - 02:50,257,16,result
2026-09-04,251,02:50 - 02:55,933,33,result
2026-09-04,252,02:55 - 03:00,101,92,result
2026-09-04,253,03:00 - 03:05,601,67,result
2026-09-04,254,03:05 - 03:10,271,24,result
2026-09-04,255,03:10 - 03:15,978,25,result
2026-09-04,256,03:15 - 03:20,386,26,result
2026-09-04,257,03:20 - 03:25,366,64,result
2026-09-04,258,03:25 - 03:30,916,67,result
2026-09-04,259,03:30 - 03:35,439,04,result
2026-09-04,260,03:35 - 03:40,891,13,result
2026-09-04,261,03:40 - 03:45,900,87,result
2026-09-04,262,03:45 - 03:50,984,69,result
2026-09-04,263,03:50 - 03:55,681,30,result
2026-09-04,264,03:55 - 04:00,199,55,result
2026-09-04,265,04:00 - 04:05,759,09,result
2026-09-04,266,04:05 - 04:10,651,40,result
2026-09-04,267,04:10 - 04:15,331,50,result
2026-09-04,268,04:15 - 04:20,922,43,result
2026-09-04,269,04:20 - 04:25,689,19,result
2026-09-04,270,04:25 - 04:30,841,85,result
2026-09-04,271,04:30 - 04:35,262,74,result
2026-09-04,272,04:35 - 04:40,737,11,result
2026-09-04,273,04:40 - 04:45,127,20,result
2026-09-04,274,04:45 - 04:50,959,20,result
2026-09-04,275,04:50 - 04:55,871,31,result
2026-09-04,276,04:55 - 05:00,924,51,result
2026-09-04,277,05:00 - 05:05,484,02,result
2026-09-04,278,05:05 - 05:10,367,27,result
2026-09-04,279,05:10 - 05:15,487,54,result
2026-09-04,280,05:15 - 05:20,596,26,result
2026-09-04,281,05:20 - 05:25,809,90,result
2026-09-04,282,05:25 - 05:30,068,18,result
2026-09-04,283,05:30 - 05:35,979,05,result
2026-09-04,284,05:35 - 05:40,509,15,result
2026-09-04,285,05:40 - 05:45,657,01,result
2026-09-04,286,05:45 - 05:50,515,48,result
2026-09-04,287,05:50 - 05:55,463,50,result
2026-09-04,288,05:55 - 06:00,484,36,result
2026-09-05,1,06:00 - 06:05,368,63,result
2026-09-05,2,06:05 - 06:10,381,50,result
2026-09-05,3,06:10 - 06:15,279,13,result
2026-09-05,4,06:15 - 06:20,135,85,result
2026-09-05,5,06:20 - 06:25,834,36,result
2026-09-05,6,06:25 - 06:30,989,53,result
2026-09-05,7,06:30 - 06:35,097,70,result
2026-09-05,8,06:35 - 06:40,781,13,result
2026-09-05,9,06:40 - 06:45,895,19,result
2026-09-05,10,06:45 - 06:50,582,24,result
2026-09-05,11,06:50 - 06:55,978,96,result
2026-09-05,12,06:55 - 07:00,515,25,result
2026-09-05,13,07:00 - 07:05,045,55,result
2026-09-05,14,07:05 - 07:10,657,14,result
2026-09-05,15,07:10 - 07:15,095,00,result
2026-09-05,16,07:15 - 07:20,815,06,result
2026-09-05,17,07:20 - 07:25,781,12,result
2026-09-05,18,07:25 - 07:30,076,04,result
2026-09-05,19,07:30 - 07:35,176,64,result
2026-09-05,20,07:35 - 07:40,786,38,result
2026-09-05,21,07:40 - 07:45,670,00,result
2026-09-05,22,07:45 - 07:50,902,29,result
2026-09-05,23,07:50 - 07:55,942,04,result
2026-09-05,24,07:55 - 08:00,793,33,result
2026-09-05,25,08:00 - 08:05,113,47,result
2026-09-05,26,08:05 - 08:10,111,02,result
2026-09-05,27,08:10 - 08:15,140,73,result
2026-09-05,28,08:15 - 08:20,600,69,result
2026-09-05,29,08:20 - 08:25,880,72,result
2026-09-05,30,08:25 - 08:30,847,28,result
2026-09-05,31,08:30 - 08:35,271,36,result
2026-09-05,32,08:35 - 08:40,629,52,result
2026-09-05,33,08:40 - 08:45,487,43,result
2026-09-05,34,08:45 - 08:50,931,52,result
2026-09-05,35,08:50 - 08:55,672,73,result
2026-09-05,36,08:55 - 09:00,018,42,result
2026-09-05,37,09:00 - 09:05,441,14,result
2026-09-05,38,09:05 - 09:10,429,25,result
2026-09-05,39,09:10 - 09:15,543,27,result
2026-09-05,40,09:15 - 09:20,610,41,result
2026-09-05,41,09:20 - 09:25,892,71,result
2026-09-05,42,09:25 - 09:30,770,92,result
2026-09-05,43,09:30 - 09:35,258,10,result
2026-09-05,44,09:35 - 09:40,213,79,result
2026-09-05,45,09:40 - 09:45,884,11,result
2026-09-05,46,09:45 - 09:50,630,90,result
2026-09-05,47,09:50 - 09:55,032,80,result
2026-09-05,48,09:55 - 10:00,632,89,result
2026-09-05,49,10:00 - 10:05,507,82,result
2026-09-05,50,10:05 - 10:10,064,91,result
2026-09-05,51,10:10 - 10:15,933,02,result
2026-09-05,52,10:15 - 10:20,990,98,result
2026-09-05,53,10:20 - 10:25,807,74,result
2026-09-05,54,10:25 - 10:30,175,33,result
2026-09-05,55,10:30 - 10:35,889,67,result
2026-09-05,56,10:35 - 10:40,086,44,result
2026-09-05,57,10:40 - 10:45,311,44,result
2026-09-05,58,10:45 - 10:50,850,59,result
2026-09-05,59,10:50 - 10:55,245,87,result
2026-09-05,60,10:55 - 11:00,364,88,result
2026-09-05,61,11:00 - 11:05,353,39,result
2026-09-05,62,11:05 - 11:10,582,49,result
2026-09-05,63,11:10 - 11:15,102,22,result
2026-09-05,64,11:15 - 11:20,743,73,result
2026-09-05,65,11:20 - 11:25,095,21,result
2026-09-05,66,11:25 - 11:30,805,30,result
2026-09-05,67,11:30 - 11:35,330,11,result
2026-09-05,68,11:35 - 11:40,562,60,result
2026-09-05,69,11:40 - 11:45,952,60,result
2026-09-05,70,11:45 - 11:50,029,47,result
2026-09-05,71,11:50 - 11:55,368,14,result
2026-09-05,72,11:55 - 12:00,068,20,result
2026-09-05,73,12:00 - 12:05,226,36,result
2026-09-05,74,12:05 - 12:10,367,09,result
2026-09-05,75,12:10 - 12:15,743,85,result
2026-09-05,76,12:15 - 12:20,708,78,result
2026-09-05,77,12:20 - 12:25,728,28,result
2026-09-05,78,12:25 - 12:30,930,07,result
2026-09-05,79,12:30 - 12:35,798,57,result
2026-09-05,80,12:35 - 12:40,229,88,result
2026-09-05,81,12:40 - 12:45,152,79,result
2026-09-05,82,12:45 - 12:50,434,03,result
2026-09-05,83,12:50 - 12:55,483,40,result
2026-09-05,84,12:55 - 13:00,535,65,result
2026-09-05,85,13:00 - 13:05,411,66,result
2026-09-05,86,13:05 - 13:10,735,67,result
2026-09-05,87,13:10 - 13:15,990,93,result
2026-09-05,88,13:15 - 13:20,799,65,result
2026-09-05,89,13:20 - 13:25,080,21,result
2026-09-05,90,13:25 - 13:30,666,49,result
2026-09-05,91,13:30 - 13:35,098,80,result
2026-09-05,92,13:35 - 13:40,893,21,result
2026-09-05,93,13:40 - 13:45,827,33,result
2026-09-05,94,13:45 - 13:50,980,83,result
2026-09-05,95,13:50 - 13:55,664,29,result
2026-09-05,96,13:55 - 14:00,609,73,result
2026-09-05,97,14:00 - 14:05,110,49,result
2026-09-05,98,14:05 - 14:10,418,58,result
2026-09-05,99,14:10 - 14:15,240,08,result
2026-09-05,100,14:15 - 14:20,520,50,result
2026-09-05,101,14:20 - 14:25,007,83,result
2026-09-05,102,14:25 - 14:30,562,66,result
2026-09-05,103,14:30 - 14:35,639,72,result
2026-09-05,104,14:35 - 14:40,562,29,result
2026-09-05,105,14:40 - 14:45,539,96,result
2026-09-05,106,14:45 - 14:50,866,36,result
2026-09-05,107,14:50 - 14:55,887,48,result
2026-09-05,108,14:55 - 15:00,845,74,result
2026-09-05,109,15:00 - 15:05,054,41,result
2026-09-05,110,15:05 - 15:10,100,72,result
2026-09-05,111,15:10 - 15:15,192,61,result
2026-09-05,112,15:15 - 15:20,169,50,result
2026-09-05,113,15:20 - 15:25,562,43,result
2026-09-05,114,15:25 - 15:30,159,82,result
2026-09-05,115,15:30 - 15:35,256,53,result
2026-09-05,116,15:35 - 15:40,772,12,result
2026-09-05,117,15:40 - 15:45,368,96,result
2026-09-05,118,15:45 - 15:50,359,64,result
2026-09-05,119,15:50 - 15:55,270,99,result
2026-09-05,120,15:55 - 16:00,576,80,result
2026-09-05,121,16:00 - 16:05,174,83,result
2026-09-05,122,16:05 - 16:10,071,52,result
2026-09-05,123,16:10 - 16:15,546,65,result
2026-09-05,124,16:15 - 16:20,504,78,result
2026-09-05,125,16:20 - 16:25,651,80,result
2026-09-05,126,16:25 - 16:30,158,54,result
2026-09-05,127,16:30 - 16:35,413,46,result
2026-09-05,128,16:35 - 16:40,167,42,result
2026-09-05,129,16:40 - 16:45,804,54,result
2026-09-05,130,16:45 - 16:50,872,59,result
2026-09-05,131,16:50 - 16:55,301,04,result
2026-09-05,132,16:55 - 17:00,544,22,result
2026-09-05,133,17:00 - 17:05,196,09,result
2026-09-05,134,17:05 - 17:10,829,68,result
2026-09-05,135,17:10 - 17:15,585,57,result
2026-09-05,136,17:15 - 17:20,682,21,result
2026-09-05,137,17:20 - 17:25,486,55,result
2026-09-05,138,17:25 - 17:30,827,28,result
2026-09-05,139,17:30 - 17:35,944,94,result
2026-09-05,140,17:35 - 17:40,304,21,result
2026-09-05,141,17:40 - 17:45,052,47,result
2026-09-05,142,17:45 - 17:50,737,90,result
2026-09-05,143,17:50 - 17:55,072,97,result
2026-09-05,144,17:55 - 18:00,411,41,result
2026-09-05,145,18:00 - 18:05,313,62,result
2026-09-05,146,18:05 - 18:10,137,07,result
2026-09-05,147,18:10 - 18:15,701,00,result
2026-09-05,148,18:15 - 18:20,031,61,result
2026-09-05,149,18:20 - 18:25,494,14,result
2026-09-05,150,18:25 - 18:30,562,58,result
2026-09-05,151,18:30 - 18:35,359,13,result
2026-09-05,152,18:35 - 18:40,790,02,result
2026-09-05,153,18:40 - 18:45,155,09,result
2026-09-05,154,18:45 - 18:50,770,89,result
2026-09-05,155,18:50 - 18:55,179,73,result
2026-09-05,156,18:55 - 19:00,839,01,result
2026-09-05,157,19:00 - 19:05,845,44,result
2026-09-05,158,19:05 - 19:10,482,10,result
2026-09-05,159,19:10 - 19:15,591,74,result
2026-09-05,160,19:15 - 19:20,497,81,result
2026-09-05,161,19:20 - 19:25,378,10,result
2026-09-05,162,19:25 - 19:30,850,43,result
2026-09-05,163,19:30 - 19:35,277,76,result
2026-09-05,164,19:35 - 19:40,367,75,result
2026-09-05,165,19:40 - 19:45,730,31,result
2026-09-05,166,19:45 - 19:50,777,45,result
2026-09-05,167,19:50 - 19:55,685,57,result
2026-09-05,168,19:55 - 20:00,429,59,result
2026-09-05,169,20:00 - 20:05,372,47,result
2026-09-05,170,20:05 - 20:10,812,87,result
2026-09-05,171,20:10 - 20:15,506,26,result
2026-09-05,172,20:15 - 20:20,051,75,result
2026-09-05,173,20:20 - 20:25,339,95,result
2026-09-05,174,20:25 - 20:30,486,21,result
2026-09-05,175,20:30 - 20:35,706,82,result
2026-09-05,176,20:35 - 20:40,041,30,result
2026-09-05,177,20:40 - 20:45,022,91,result
2026-09-05,178,20:45 - 20:50,418,07,result
2026-09-05,179,20:50 - 20:55,116,70,result
2026-09-05,180,20:55 - 21:00,876,46,result
2026-09-05,181,21:00 - 21:05,198,88,result
2026-09-05,182,21:05 - 21:10,033,51,result
2026-09-05,183,21:10 - 21:15,454,39,result
2026-09-05,184,21:15 - 21:20,406,59,result
2026-09-05,185,21:20 - 21:25,272,13,result
2026-09-05,186,21:25 - 21:30,246,02,result
2026-09-05,187,21:30 - 21:35,277,93,result
2026-09-05,188,21:35 - 21:40,683,21,result
2026-09-05,189,21:40 - 21:45,279,77,result
2026-09-05,190,21:45 - 21:50,351,31,result
2026-09-05,191,21:50 - 21:55,030,27,result
2026-09-05,192,21:55 - 22:00,231,78,result
2026-09-05,193,22:00 - 22:05,064,70,result
2026-09-05,194,22:05 - 22:10,202,22,result
2026-09-05,195,22:10 - 22:15,683,70,result
2026-09-05,196,22:15 - 22:20,168,25,result
2026-09-05,197,22:20 - 22:25,005,65,result
2026-09-05,198,22:25 - 22:30,970,39,result
2026-09-05,199,22:30 - 22:35,801,14,result
2026-09-05,200,22:35 - 22:40,504,46,result
2026-09-05,201,22:40 - 22:45,003,06,result
2026-09-05,202,22:45 - 22:50,722,49,result
2026-09-05,203,22:50 - 22:55,764,91,result
2026-09-05,204,22:55 - 23:00,694,30,result
2026-09-05,205,23:00 - 23:05,574,15,result
2026-09-05,206,23:05 - 23:10,220,43,result
2026-09-05,207,23:10 - 23:15,360,36,result
2026-09-05,208,23:15 - 23:20,983,57,result
2026-09-05,209,23:20 - 23:25,580,41,result
2026-09-05,210,23:25 - 23:30,060,66,result
2026-09-05,211,23:30 - 23:35,635,16,result
2026-09-05,212,23:35 - 23:40,397,34,result
2026-09-05,213,23:40 - 23:45,915,56,result
2026-09-05,214,23:45 - 23:50,979,38,result
2026-09-05,215,23:50 - 23:55,027,83,result
2026-09-05,216,23:55 - 00:00,997,22,result
2026-09-05,217,00:00 - 00:05,636,89,result
2026-09-05,218,00:05 - 00:10,900,78,result
2026-09-05,219,00:10 - 00:15,561,95,result
2026-09-05,220,00:15 - 00:20,147,96,result
2026-09-05,221,00:20 - 00:25,850,86,result
2026-09-05,222,00:25 - 00:30,768,00,result
2026-09-05,223,00:30 - 00:35,857,91,result
2026-09-05,224,00:35 - 00:40,345,26,result
2026-09-05,225,00:40 - 00:45,563,84,result
2026-09-05,226,00:45 - 00:50,726,00,result
2026-09-05,227,00:50 - 00:55,885,85,result
2026-09-05,228,00:55 - 01:00,173,43,result
2026-09-05,229,01:00 - 01:05,384,90,result
2026-09-05,230,01:05 - 01:10,162,30,result
2026-09-05,231,01:10 - 01:15,434,35,result
2026-09-05,232,01:15 - 01:20,545,39,result
2026-09-05,233,01:20 - 01:25,142,76,result
2026-09-05,234,01:25 - 01:30,932,41,result
2026-09-05,235,01:30 - 01:35,449,28,result
2026-09-05,236,01:35 - 01:40,600,13,result
2026-09-05,237,01:40 - 01:45,886,57,result
2026-09-05,238,01:45 - 01:50,443,95,result
2026-09-05,239,01:50 - 01:55,469,74,result
2026-09-05,240,01:55 - 02:00,718,43,result
2026-09-05,241,02:00 - 02:05,748,66,result
2026-09-05,242,02:05 - 02:10,980,89,result
2026-09-05,243,02:10 - 02:15,475,33,result
2026-09-05,244,02:15 - 02:20,585,76,result
2026-09-05,245,02:20 - 02:25,094,28,result
2026-09-05,246,02:25 - 02:30,907,57,result
2026-09-05,247,02:30 - 02:35,987,91,result
2026-09-05,248,02:35 - 02:40,204,59,result
2026-09-05,249,02:40 - 02:45,117,33,result
2026-09-05,250,02:45 - 02:50,392,48,result
2026-09-05,251,02:50 - 02:55,063,33,result
2026-09-05,252,02:55 - 03:00,159,06,result
2026-09-05,253,03:00 - 03:05,571,94,result
2026-09-05,254,03:05 - 03:10,612,68,result
2026-09-05,255,03:10 - 03:15,296,18,result
2026-09-05,256,03:15 - 03:20,817,61,result
2026-09-05,257,03:20 - 03:25,305,45,result
2026-09-05,258,03:25 - 03:30,958,40,result
2026-09-05,259,03:30 - 03:35,522,50,result
2026-09-05,260,03:35 - 03:40,615,95,result
2026-09-05,261,03:40 - 03:45,618,76,result
2026-09-05,262,03:45 - 03:50,147,76,result
2026-09-05,263,03:50 - 03:55,916,96,result
2026-09-05,264,03:55 - 04:00,847,82,result
2026-09-05,265,04:00 - 04:05,811,69,result
2026-09-05,266,04:05 - 04:10,695,33,result
2026-09-05,267,04:10 - 04:15,768,26,result
2026-09-05,268,04:15 - 04:20,152,31,result
2026-09-05,269,04:20 - 04:25,579,78,result
2026-09-05,270,04:25 - 04:30,348,76,result
2026-09-05,271,04:30 - 04:35,560,46,result
2026-09-05,272,04:35 - 04:40,778,94,result
2026-09-05,273,04:40 - 04:45,666,19,result
2026-09-05,274,04:45 - 04:50,337,25,result
2026-09-05,275,04:50 - 04:55,065,28,result
2026-09-05,276,04:55 - 05:00,619,54,result
2026-09-05,277,05:00 - 05:05,809,23,result
2026-09-05,278,05:05 - 05:10,571,17,result
2026-09-05,279,05:10 - 05:15,020,75,result
2026-09-05,280,05:15 - 05:20,621,61,result
2026-09-05,281,05:20 - 05:25,236,58,result
2026-09-05,282,05:25 - 05:30,833,27,result
2026-09-05,283,05:30 - 05:35,520,88,result
2026-09-05,284,05:35 - 05:40,647,39,result
2026-09-05,285,05:40 - 05:45,023,77,result
2026-09-05,286,05:45 - 05:50,093,08,result
2026-09-05,287,05:50 - 05:55,332,99,result
2026-09-05,288,05:55 - 06:00,272,44,result
2026-09-06,1,06:00 - 06:05,827,13,result
2026-09-06,2,06:05 - 06:10,399,12,result
2026-09-06,3,06:10 - 06:15,810,82,result
2026-09-06,4,06:15 - 06:20,024,82,result
2026-09-06,5,06:20 - 06:25,222,90,result
2026-09-06,6,06:25 - 06:30,379,11,result
2026-09-06,7,06:30 - 06:35,559,08,result
2026-09-06,8,06:35 - 06:40,052,30,result
2026-09-06,9,06:40 - 06:45,147,88,result
2026-09-06,10,06:45 - 06:50,720,95,result
2026-09-06,11,06:50 - 06:55,588,68,result
2026-09-06,12,06:55 - 07:00,826,50,result
2026-09-06,13,07:00 - 07:05,826,97,result
2026-09-06,14,07:05 - 07:10,176,81,result
2026-09-06,15,07:10 - 07:15,114,73,result
2026-09-06,16,07:15 - 07:20,284,52,result
2026-09-06,17,07:20 - 07:25,763,86,result
2026-09-06,18,07:25 - 07:30,790,53,result
2026-09-06,19,07:30 - 07:35,499,10,result
2026-09-06,20,07:35 - 07:40,558,63,result
2026-09-06,21,07:40 - 07:45,582,43,result
2026-09-06,22,07:45 - 07:50,096,65,result
2026-09-06,23,07:50 - 07:55,865,32,result
2026-09-06,24,07:55 - 08:00,513,53,result
2026-09-06,25,08:00 - 08:05,214,17,result
2026-09-06,26,08:05 - 08:10,312,95,result
2026-09-06,27,08:10 - 08:15,160,04,result
2026-09-06,28,08:15 - 08:20,592,85,result
2026-09-06,29,08:20 - 08:25,673,60,result
2026-09-06,30,08:25 - 08:30,799,94,result
2026-09-06,31,08:30 - 08:35,007,18,result
2026-09-06,32,08:35 - 08:40,280,08,result
2026-09-06,33,08:40 - 08:45,881,90,result
2026-09-06,34,08:45 - 08:50,874,25,result
2026-09-06,35,08:50 - 08:55,162,68,result
2026-09-06,36,08:55 - 09:00,614,99,result
2026-09-06,37,09:00 - 09:05,423,64,result
2026-09-06,38,09:05 - 09:10,248,78,result
2026-09-06,39,09:10 - 09:15,933,61,result
2026-09-06,40,09:15 - 09:20,298,28,result
2026-09-06,41,09:20 - 09:25,351,60,result
2026-09-06,42,09:25 - 09:30,982,07,result
2026-09-06,43,09:30 - 09:35,082,99,result
2026-09-06,44,09:35 - 09:40,796,46,result
2026-09-06,45,09:40 - 09:45,943,38,result
2026-09-06,46,09:45 - 09:50,606,83,result
2026-09-06,47,09:50 - 09:55,751,95,result
2026-09-06,48,09:55 - 10:00,279,91,result
2026-09-06,49,10:00 - 10:05,374,00,result
2026-09-06,50,10:05 - 10:10,027,95,result
2026-09-06,51,10:10 - 10:15,034,06,result
2026-09-06,52,10:15 - 10:20,696,49,result
2026-09-06,53,10:20 - 10:25,418,00,result
2026-09-06,54,10:25 - 10:30,604,49,result
2026-09-06,55,10:30 - 10:35,041,73,result
2026-09-06,56,10:35 - 10:40,076,22,result
2026-09-06,57,10:40 - 10:45,982,67,result
2026-09-06,58,10:45 - 10:50,270,72,result
2026-09-06,59,10:50 - 10:55,312,44,result
2026-09-06,60,10:55 - 11:00,688,02,result
2026-09-06,61,11:00 - 11:05,474,90,result
2026-09-06,62,11:05 - 11:10,371,43,result
2026-09-06,63,11:10 - 11:15,834,24,result
2026-09-06,64,11:15 - 11:20,487,79,result
2026-09-06,65,11:20 - 11:25,780,43,result
2026-09-06,66,11:25 - 11:30,456,64,result
2026-09-06,67,11:30 - 11:35,123,83,result
2026-09-06,68,11:35 - 11:40,496,57,result
2026-09-06,69,11:40 - 11:45,009,49,result
2026-09-06,70,11:45 - 11:50,936,37,result
2026-09-06,71,11:50 - 11:55,509,56,result
2026-09-06,72,11:55 - 12:00,572,88,result
2026-09-06,73,12:00 - 12:05,083,57,result
2026-09-06,74,12:05 - 12:10,024,76,result
2026-09-06,75,12:10 - 12:15,672,93,result
2026-09-06,76,12:15 - 12:20,619,82,result
2026-09-06,77,12:20 - 12:25,271,15,result
2026-09-06,78,12:25 - 12:30,299,20,result
2026-09-06,79,12:30 - 12:35,373,33,result
2026-09-06,80,12:35 - 12:40,386,59,result
2026-09-06,81,12:40 - 12:45,001,07,result
2026-09-06,82,12:45 - 12:50,425,01,result
2026-09-06,83,12:50 - 12:55,311,95,result
2026-09-06,84,12:55 - 13:00,250,40,result
2026-09-06,85,13:00 - 13:05,302,25,result
2026-09-06,86,13:05 - 13:10,359,01,result
2026-09-06,87,13:10 - 13:15,479,26,result
2026-09-06,88,13:15 - 13:20,780,31,result
2026-09-06,89,13:20 - 13:25,321,59,result
2026-09-06,90,13:25 - 13:30,748,13,result
2026-09-06,91,13:30 - 13:35,190,86,result
2026-09-06,92,13:35 - 13:40,234,64,result
2026-09-06,93,13:40 - 13:45,799,84,result
2026-09-06,94,13:45 - 13:50,187,08,result
2026-09-06,95,13:50 - 13:55,102,44,result
2026-09-06,96,13:55 - 14:00,884,82,result
2026-09-06,97,14:00 - 14:05,337,11,result
2026-09-06,98,14:05 - 14:10,295,72,result
2026-09-06,99,14:10 - 14:15,979,82,result
2026-09-06,100,14:15 - 14:20,954,01,result
2026-09-06,101,14:20 - 14:25,880,47,result
2026-09-06,102,14:25 - 14:30,450,47,result
2026-09-06,103,14:30 - 14:35,498,84,result
2026-09-06,104,14:35 - 14:40,904,74,result
2026-09-06,105,14:40 - 14:45,822,16,result
2026-09-06,106,14:45 - 14:50,267,56,result
2026-09-06,107,14:50 - 14:55,658,44,result
2026-09-06,108,14:55 - 15:00,006,14,result
2026-09-06,109,15:00 - 15:05,834,20,result
2026-09-06,110,15:05 - 15:10,558,26,result
2026-09-06,111,15:10 - 15:15,622,53,result
2026-09-06,112,15:15 - 15:20,410,62,result
2026-09-06,113,15:20 - 15:25,362,67,result
2026-09-06,114,15:25 - 15:30,518,96,result
2026-09-06,115,15:30 - 15:35,647,95,result
2026-09-06,116,15:35 - 15:40,212,66,result
2026-09-06,117,15:40 - 15:45,452,68,result
2026-09-06,118,15:45 - 15:50,419,53,result
2026-09-06,119,15:50 - 15:55,839,53,result
2026-09-06,120,15:55 - 16:00,158,78,result
2026-09-06,121,16:00 - 16:05,409,14,result
2026-09-06,122,16:05 - 16:10,306,40,result
2026-09-06,123,16:10 - 16:15,438,73,result
2026-09-06,124,16:15 - 16:20,159,57,result
2026-09-06,125,16:20 - 16:25,425,51,result
2026-09-06,126,16:25 - 16:30,824,84,result
2026-09-06,127,16:30 - 16:35,208,97,result
2026-09-06,128,16:35 - 16:40,333,63,result
2026-09-06,129,16:40 - 16:45,854,41,result
2026-09-06,130,16:45 - 16:50,287,08,result
2026-09-06,131,16:50 - 16:55,636,35,result
2026-09-06,132,16:55 - 17:00,162,80,result
2026-09-06,133,17:00 - 17:05,505,81,result
2026-09-06,134,17:05 - 17:10,865,07,result
2026-09-06,135,17:10 - 17:15,256,67,result
2026-09-06,136,17:15 - 17:20,369,33,result
2026-09-06,137,17:20 - 17:25,427,80,result
2026-09-06,138,17:25 - 17:30,004,74,result
2026-09-06,139,17:30 - 17:35,118,53,result
2026-09-06,140,17:35 - 17:40,994,90,result
2026-09-06,141,17:40 - 17:45,371,48,result
2026-09-06,142,17:45 - 17:50,858,82,result
2026-09-06,143,17:50 - 17:55,755,97,result
2026-09-06,144,17:55 - 18:00,026,60,result
2026-09-06,145,18:00 - 18:05,753,80,result
2026-09-06,146,18:05 - 18:10,467,99,result
2026-09-06,147,18:10 - 18:15,991,92,result
2026-09-06,148,18:15 - 18:20,603,91,result
2026-09-06,149,18:20 - 18:25,757,54,result
2026-09-06,150,18:25 - 18:30,786,32,result
2026-09-06,151,18:30 - 18:35,454,04,result
2026-09-06,152,18:35 - 18:40,571,79,result
2026-09-06,153,18:40 - 18:45,065,06,result
2026-09-06,154,18:45 - 18:50,289,58,result
2026-09-06,155,18:50 - 18:55,478,60,result
2026-09-06,156,18:55 - 19:00,640,39,result
2026-09-06,157,19:00 - 19:05,885,07,result
2026-09-06,158,19:05 - 19:10,626,81,result
2026-09-06,159,19:10 - 19:15,081,50,result
2026-09-06,160,19:15 - 19:20,951,38,result
2026-09-06,161,19:20 - 19:25,744,08,result
2026-09-06,162,19:25 - 19:30,591,24,result
2026-09-06,163,19:30 - 19:35,937,49,result
2026-09-06,164,19:35 - 19:40,343,95,result
2026-09-06,165,19:40 - 19:45,127,04,result
2026-09-06,166,19:45 - 19:50,056,39,result
2026-09-06,167,19:50 - 19:55,011,52,result
2026-09-06,168,19:55 - 20:00,776,56,result
2026-09-06,169,20:00 - 20:05,848,68,result
2026-09-06,170,20:05 - 20:10,606,65,result
2026-09-06,171,20:10 - 20:15,700,02,result
2026-09-06,172,20:15 - 20:20,479,09,result
2026-09-06,173,20:20 - 20:25,395,79,result
2026-09-06,174,20:25 - 20:30,346,78,result
2026-09-06,175,20:30 - 20:35,958,85,result
2026-09-06,176,20:35 - 20:40,778,00,result
2026-09-06,177,20:40 - 20:45,133,79,result
2026-09-06,178,20:45 - 20:50,177,52,result
2026-09-06,179,20:50 - 20:55,818,73,result
2026-09-06,180,20:55 - 21:00,429,66,result
2026-09-06,181,21:00 - 21:05,583,55,result
2026-09-06,182,21:05 - 21:10,118,87,result
2026-09-06,183,21:10 - 21:15,734,89,result
2026-09-06,184,21:15 - 21:20,606,84,result
2026-09-06,185,21:20 - 21:25,322,41,result
2026-09-06,186,21:25 - 21:30,082,25,result
2026-09-06,187,21:30 - 21:35,594,68,result
2026-09-06,188,21:35 - 21:40,781,37,result
2026-09-06,189,21:40 - 21:45,291,61,result
2026-09-06,190,21:45 - 21:50,523,32,result
2026-09-06,191,21:50 - 21:55,595,64,result
2026-09-06,192,21:55 - 22:00,551,89,result
2026-09-06,193,22:00 - 22:05,944,45,result
2026-09-06,194,22:05 - 22:10,842,06,result
2026-09-06,195,22:10 - 22:15,980,27,result
2026-09-06,196,22:15 - 22:20,504,65,result
2026-09-06,197,22:20 - 22:25,080,57,result
2026-09-06,198,22:25 - 22:30,436,97,result
2026-09-06,199,22:30 - 22:35,114,72,result
2026-09-06,200,22:35 - 22:40,189,86,result
2026-09-06,201,22:40 - 22:45,858,48,result
2026-09-06,202,22:45 - 22:50,806,35,result
2026-09-06,203,22:50 - 22:55,672,69,result
2026-09-06,204,22:55 - 23:00,555,29,result
2026-09-06,205,23:00 - 23:05,059,72,result
2026-09-06,206,23:05 - 23:10,164,43,result
2026-09-06,207,23:10 - 23:15,504,26,result
2026-09-06,208,23:15 - 23:20,468,37,result
2026-09-06,209,23:20 - 23:25,085,55,result
2026-09-06,210,23:25 - 23:30,090,55,result
2026-09-06,211,23:30 - 23:35,570,93,result
2026-09-06,212,23:35 - 23:40,443,20,result
2026-09-06,213,23:40 - 23:45,775,70,result
2026-09-06,214,23:45 - 23:50,763,52,result
2026-09-06,215,23:50 - 23:55,276,61,result
2026-09-06,216,23:55 - 00:00,096,86,result
2026-09-06,217,00:00 - 00:05,873,92,result
2026-09-06,218,00:05 - 00:10,685,35,result
2026-09-06,219,00:10 - 00:15,100,81,result
2026-09-06,220,00:15 - 00:20,848,70,result
2026-09-06,221,00:20 - 00:25,922,89,result
2026-09-06,222,00:25 - 00:30,486,17,result
2026-09-06,223,00:30 - 00:35,002,61,result
2026-09-06,224,00:35 - 00:40,067,74,result
2026-09-06,225,00:40 - 00:45,798,61,result
2026-09-06,226,00:45 - 00:50,553,41,result
2026-09-06,227,00:50 - 00:55,284,66,result
2026-09-06,228,00:55 - 01:00,318,04,result
2026-09-06,229,01:00 - 01:05,281,21,result
2026-09-06,230,01:05 - 01:10,913,72,result
2026-09-06,231,01:10 - 01:15,383,13,result
2026-09-06,232,01:15 - 01:20,402,95,result
2026-09-06,233,01:20 - 01:25,365,04,result
2026-09-06,234,01:25 - 01:30,276,03,result
2026-09-06,235,01:30 - 01:35,975,52,result
2026-09-06,236,01:35 - 01:40,702,68,result
2026-09-06,237,01:40 - 01:45,945,36,result
2026-09-06,238,01:45 - 01:50,143,69,result
2026-09-06,239,01:50 - 01:55,661,70,result
2026-09-06,240,01:55 - 02:00,423,84,result
2026-09-06,241,02:00 - 02:05,917,07,result
2026-09-06,242,02:05 - 02:10,731,05,result
2026-09-06,243,02:10 - 02:15,283,03,result
2026-09-06,244,02:15 - 02:20,575,66,result
2026-09-06,245,02:20 - 02:25,948,62,result
2026-09-06,246,02:25 - 02:30,302,09,result
2026-09-06,247,02:30 - 02:35,056,42,result
2026-09-06,248,02:35 - 02:40,420,03,result
2026-09-06,249,02:40 - 02:45,874,36,result
2026-09-06,250,02:45 - 02:50,927,56,result
2026-09-06,251,02:50 - 02:55,686,80,result
2026-09-06,252,02:55 - 03:00,395,39,result
2026-09-06,253,03:00 - 03:05,066,89,result
2026-09-06,254,03:05 - 03:10,375,37,result
2026-09-06,255,03:10 - 03:15,941,25,result
2026-09-06,256,03:15 - 03:20,433,04,result
2026-09-06,257,03:20 - 03:25,631,00,result
2026-09-06,258,03:25 - 03:30,445,13,result
2026-09-06,259,03:30 - 03:35,685,54,result
2026-09-06,260,03:35 - 03:40,736,17,result
2026-09-06,261,03:40 - 03:45,325,92,result
2026-09-06,262,03:45 - 03:50,067,38,result
2026-09-06,263,03:50 - 03:55,695,33,result
2026-09-06,264,03:55 - 04:00,543,07,result
2026-09-06,265,04:00 - 04:05,127,99,result
2026-09-06,266,04:05 - 04:10,369,63,result
2026-09-06,267,04:10 - 04:15,046,12,result
2026-09-06,268,04:15 - 04:20,219,46,result
2026-09-06,269,04:20 - 04:25,285,06,result
2026-09-06,270,04:25 - 04:30,467,31,result
2026-09-06,271,04:30 - 04:35,295,94,result
2026-09-06,272,04:35 - 04:40,478,88,result
2026-09-06,273,04:40 - 04:45,655,61,result
2026-09-06,274,04:45 - 04:50,602,04,result
2026-09-06,275,04:50 - 04:55,874,20,result
2026-09-06,276,04:55 - 05:00,039,43,result
2026-09-06,277,05:00 - 05:05,312,08,result
2026-09-06,278,05:05 - 05:10,397,18,result
2026-09-06,279,05:10 - 05:15,236,20,result
2026-09-06,280,05:15 - 05:20,177,21,result
2026-09-06,281,05:20 - 05:25,198,22,result
2026-09-06,282,05:25 - 05:30,501,63,result
2026-09-06,283,05:30 - 05:35,992,90,result
2026-09-06,284,05:35 - 05:40,514,21,result
2026-09-06,285,05:40 - 05:45,870,46,result
2026-09-06,286,05:45 - 05:50,457,93,result
2026-09-06,287,05:50 - 05:55,084,38,result
2026-09-06,288,05:55 - 06:00,521,55,result
2026-09-07,1,06:00 - 06:05,700,02,result
2026-09-07,2,06:05 - 06:10,229,52,result
2026-09-07,3,06:10 - 06:15,900,92,result
2026-09-07,4,06:15 - 06:20,214,10,result
2026-09-07,5,06:20 - 06:25,963,21,result
2026-09-07,6,06:25 - 06:30,074,44,result
2026-09-07,7,06:30 - 06:35,891,73,result
2026-09-07,8,06:35 - 06:40,907,24,result
2026-09-07,9,06:40 - 06:45,418,12,result
2026-09-07,10,06:45 - 06:50,604,46,result
2026-09-07,11,06:50 - 06:55,745,34,result
2026-09-07,12,06:55 - 07:00,080,33,result
2026-09-07,13,07:00 - 07:05,334,98,result
2026-09-07,14,07:05 - 07:10,921,65,result
2026-09-07,15,07:10 - 07:15,361,18,result
2026-09-07,16,07:15 - 07:20,354,58,result
2026-09-07,17,07:20 - 07:25,099,01,result
2026-09-07,18,07:25 - 07:30,923,85,result
2026-09-07,19,07:30 - 07:35,365,19,result
2026-09-07,20,07:35 - 07:40,587,11,result
2026-09-07,21,07:40 - 07:45,093,56,result
2026-09-07,22,07:45 - 07:50,582,05,result
2026-09-07,23,07:50 - 07:55,358,28,result
2026-09-07,24,07:55 - 08:00,987,67,result
2026-09-07,25,08:00 - 08:05,380,80,result
2026-09-07,26,08:05 - 08:10,548,74,result
2026-09-07,27,08:10 - 08:15,302,54,result
2026-09-07,28,08:15 - 08:20,869,81,result
2026-09-07,29,08:20 - 08:25,627,53,result
2026-09-07,30,08:25 - 08:30,840,72,result
2026-09-07,31,08:30 - 08:35,286,22,result
2026-09-07,32,08:35 - 08:40,792,10,result
2026-09-07,33,08:40 - 08:45,833,35,result
2026-09-07,34,08:45 - 08:50,147,16,result
2026-09-07,35,08:50 - 08:55,892,20,result
2026-09-07,36,08:55 - 09:00,839,25,result
2026-09-07,37,09:00 - 09:05,166,76,result
2026-09-07,38,09:05 - 09:10,044,57,result
2026-09-07,39,09:10 - 09:15,300,40,result
2026-09-07,40,09:15 - 09:20,093,21,result
2026-09-07,41,09:20 - 09:25,780,95,result
2026-09-07,42,09:25 - 09:30,102,34,result
2026-09-07,43,09:30 - 09:35,135,08,result
2026-09-07,44,09:35 - 09:40,053,61,result
2026-09-07,45,09:40 - 09:45,842,96,result
2026-09-07,46,09:45 - 09:50,100,60,result
2026-09-07,47,09:50 - 09:55,219,07,result
2026-09-07,48,09:55 - 10:00,986,61,result
2026-09-07,49,10:00 - 10:05,378,68,result
2026-09-07,50,10:05 - 10:10,117,57,result
2026-09-07,51,10:10 - 10:15,766,96,result
2026-09-07,52,10:15 - 10:20,755,71,result
2026-09-07,53,10:20 - 10:25,253,85,result
2026-09-07,54,10:25 - 10:30,839,75,result
2026-09-07,55,10:30 - 10:35,478,74,result
2026-09-07,56,10:35 - 10:40,825,31,result
2026-09-07,57,10:40 - 10:45,379,81,result
2026-09-07,58,10:45 - 10:50,571,52,result
2026-09-07,59,10:50 - 10:55,112,73,result
2026-09-07,60,10:55 - 11:00,027,38,result
2026-09-07,61,11:00 - 11:05,486,06,result
2026-09-07,62,11:05 - 11:10,311,86,result
2026-09-07,63,11:10 - 11:15,045,71,result
2026-09-07,64,11:15 - 11:20,972,11,result
2026-09-07,65,11:20 - 11:25,660,68,result
2026-09-07,66,11:25 - 11:30,577,34,result
2026-09-07,67,11:30 - 11:35,913,49,result
2026-09-07,68,11:35 - 11:40,944,51,result
2026-09-07,69,11:40 - 11:45,790,13,result
2026-09-07,70,11:45 - 11:50,446,14,result
2026-09-07,71,11:50 - 11:55,430,65,result
2026-09-07,72,11:55 - 12:00,568,94,result
2026-09-07,73,12:00 - 12:05,812,26,result
2026-09-07,74,12:05 - 12:10,467,32,result
2026-09-07,75,12:10 - 12:15,256,50,result
2026-09-07,76,12:15 - 12:20,693,74,result
2026-09-07,77,12:20 - 12:25,044,69,result
2026-09-07,78,12:25 - 12:30,039,43,result
2026-09-07,79,12:30 - 12:35,691,11,result
2026-09-07,80,12:35 - 12:40,167,32,result
2026-09-07,81,12:40 - 12:45,011,07,result
2026-09-07,82,12:45 - 12:50,091,13,result
2026-09-07,83,12:50 - 12:55,954,49,result
2026-09-07,84,12:55 - 13:00,578,15,result
2026-09-07,85,13:00 - 13:05,379,68,result
2026-09-07,86,13:05 - 13:10,714,14,result
2026-09-07,87,13:10 - 13:15,278,56,result
2026-09-07,88,13:15 - 13:20,164,62,result
2026-09-07,89,13:20 - 13:25,045,71,result
2026-09-07,90,13:25 - 13:30,520,31,result
2026-09-07,91,13:30 - 13:35,639,04,result
2026-09-07,92,13:35 - 13:40,461,04,result
2026-09-07,93,13:40 - 13:45,312,17,result
2026-09-07,94,13:45 - 13:50,567,62,result
2026-09-07,95,13:50 - 13:55,570,08,result
2026-09-07,96,13:55 - 14:00,289,72,result
2026-09-07,97,14:00 - 14:05,317,85,result
2026-09-07,98,14:05 - 14:10,529,49,result
2026-09-07,99,14:10 - 14:15,521,83,result
2026-09-07,100,14:15 - 14:20,769,26,result
2026-09-07,101,14:20 - 14:25,512,60,result
2026-09-07,102,14:25 - 14:30,996,97,result
2026-09-07,103,14:30 - 14:35,312,53,result
2026-09-07,104,14:35 - 14:40,476,88,result
2026-09-07,105,14:40 - 14:45,473,18,result
2026-09-07,106,14:45 - 14:50,030,23,result
2026-09-07,107,14:50 - 14:55,178,04,result
2026-09-07,108,14:55 - 15:00,545,26,result
2026-09-07,109,15:00 - 15:05,240,26,result
2026-09-07,110,15:05 - 15:10,765,25,result
2026-09-07,111,15:10 - 15:15,668,24,result
2026-09-07,112,15:15 - 15:20,588,04,result
2026-09-07,113,15:20 - 15:25,531,86,result
2026-09-07,114,15:25 - 15:30,432,69,result
2026-09-07,115,15:30 - 15:35,662,87,result
2026-09-07,116,15:35 - 15:40,527,43,result
2026-09-07,117,15:40 - 15:45,709,40,result
2026-09-07,118,15:45 - 15:50,378,48,result
2026-09-07,119,15:50 - 15:55,076,66,result
2026-09-07,120,15:55 - 16:00,305,80,result
2026-09-07,121,16:00 - 16:05,715,98,result
2026-09-07,122,16:05 - 16:10,412,10,result
2026-09-07,123,16:10 - 16:15,921,92,result
2026-09-07,124,16:15 - 16:20,109,83,result
2026-09-07,125,16:20 - 16:25,463,76,result
2026-09-07,126,16:25 - 16:30,318,96,result
2026-09-07,127,16:30 - 16:35,529,09,result
2026-09-07,128,16:35 - 16:40,993,74,result
2026-09-07,129,16:40 - 16:45,870,18,result
2026-09-07,130,16:45 - 16:50,947,95,result
2026-09-07,131,16:50 - 16:55,726,19,result
2026-09-07,132,16:55 - 17:00,973,62,result
2026-09-07,133,17:00 - 17:05,323,41,result
2026-09-07,134,17:05 - 17:10,994,75,result
2026-09-07,135,17:10 - 17:15,654,19,result
2026-09-07,136,17:15 - 17:20,514,54,result
2026-09-07,137,17:20 - 17:25,000,20,result
2026-09-07,138,17:25 - 17:30,668,25,result
2026-09-07,139,17:30 - 17:35,091,71,result
2026-09-07,140,17:35 - 17:40,359,29,result
2026-09-07,141,17:40 - 17:45,469,82,result
2026-09-07,142,17:45 - 17:50,021,77,result
2026-09-07,143,17:50 - 17:55,952,58,result
2026-09-07,144,17:55 - 18:00,488,78,result
2026-09-07,145,18:00 - 18:05,355,79,result
2026-09-07,146,18:05 - 18:10,220,19,result
2026-09-07,147,18:10 - 18:15,511,42,result
2026-09-07,148,18:15 - 18:20,302,39,result
2026-09-07,149,18:20 - 18:25,035,78,result
2026-09-07,150,18:25 - 18:30,188,47,result
2026-09-07,151,18:30 - 18:35,169,42,result
2026-09-07,152,18:35 - 18:40,174,86,result
2026-09-07,153,18:40 - 18:45,517,01,result
2026-09-07,154,18:45 - 18:50,859,57,result
2026-09-07,155,18:50 - 18:55,320,97,result
2026-09-07,156,18:55 - 19:00,280,49,result
2026-09-07,157,19:00 - 19:05,056,78,result
2026-09-07,158,19:05 - 19:10,031,55,result
2026-09-07,159,19:10 - 19:15,138,66,result
2026-09-07,160,19:15 - 19:20,654,97,result
2026-09-07,161,19:20 - 19:25,001,65,result
2026-09-07,162,19:25 - 19:30,667,28,result
2026-09-07,163,19:30 - 19:35,565,23,result
2026-09-07,164,19:35 - 19:40,590,38,result
2026-09-07,165,19:40 - 19:45,373,64,result
2026-09-07,166,19:45 - 19:50,560,82,result
2026-09-07,167,19:50 - 19:55,320,62,result
2026-09-07,168,19:55 - 20:00,403,51,result
2026-09-07,169,20:00 - 20:05,689,62,result
2026-09-07,170,20:05 - 20:10,729,22,result
2026-09-07,171,20:10 - 20:15,374,61,result
2026-09-07,172,20:15 - 20:20,708,81,result
2026-09-07,173,20:20 - 20:25,895,18,result
2026-09-07,174,20:25 - 20:30,916,92,result
2026-09-07,175,20:30 - 20:35,902,46,result
2026-09-07,176,20:35 - 20:40,851,43,result
2026-09-07,177,20:40 - 20:45,013,21,result
2026-09-07,178,20:45 - 20:50,466,80,result
2026-09-07,179,20:50 - 20:55,029,09,result
2026-09-07,180,20:55 - 21:00,274,44,result
2026-09-07,181,21:00 - 21:05,230,18,result
2026-09-07,182,21:05 - 21:10,081,21,result
2026-09-07,183,21:10 - 21:15,157,26,result
2026-09-07,184,21:15 - 21:20,042,53,result
2026-09-07,185,21:20 - 21:25,758,00,result
2026-09-07,186,21:25 - 21:30,201,22,result
2026-09-07,187,21:30 - 21:35,074,12,result
2026-09-07,188,21:35 - 21:40,798,90,result
2026-09-07,189,21:40 - 21:45,914,74,result
2026-09-07,190,21:45 - 21:50,666,21,result
2026-09-07,191,21:50 - 21:55,838,71,result
2026-09-07,192,21:55 - 22:00,363,91,result
2026-09-07,193,22:00 - 22:05,401,85,result
2026-09-07,194,22:05 - 22:10,055,95,result
2026-09-07,195,22:10 - 22:15,872,59,result
2026-09-07,196,22:15 - 22:20,169,58,result
2026-09-07,197,22:20 - 22:25,265,41,result
2026-09-07,198,22:25 - 22:30,752,65,result
2026-09-07,199,22:30 - 22:35,163,02,result
2026-09-07,200,22:35 - 22:40,605,29,result
2026-09-07,201,22:40 - 22:45,298,49,result
2026-09-07,202,22:45 - 22:50,097,73,result
2026-09-07,203,22:50 - 22:55,742,50,result
2026-09-07,204,22:55 - 23:00,728,35,result
2026-09-07,205,23:00 - 23:05,231,84,result
2026-09-07,206,23:05 - 23:10,414,89,result
2026-09-07,207,23:10 - 23:15,949,20,result
2026-09-07,208,23:15 - 23:20,199,83,result
2026-09-07,209,23:20 - 23:25,954,14,result
2026-09-07,210,23:25 - 23:30,779,48,result
2026-09-07,211,23:30 - 23:35,873,78,result
2026-09-07,212,23:35 - 23:40,346,17,result
2026-09-07,213,23:40 - 23:45,210,88,result
2026-09-07,214,23:45 - 23:50,882,91,result
2026-09-07,215,23:50 - 23:55,577,47,result
2026-09-07,216,23:55 - 00:00,877,37,result
2026-09-07,217,00:00 - 00:05,235,94,result
2026-09-07,218,00:05 - 00:10,994,71,result
2026-09-07,219,00:10 - 00:15,616,24,result
2026-09-07,220,00:15 - 00:20,757,77,result
2026-09-07,221,00:20 - 00:25,887,00,result
2026-09-07,222,00:25 - 00:30,500,20,result
2026-09-07,223,00:30 - 00:35,927,37,result
2026-09-07,224,00:35 - 00:40,555,83,result
2026-09-07,225,00:40 - 00:45,216,42,result
2026-09-07,226,00:45 - 00:50,443,64,result
2026-09-07,227,00:50 - 00:55,530,72,result
2026-09-07,228,00:55 - 01:00,186,83,result
2026-09-07,229,01:00 - 01:05,758,36,result
2026-09-07,230,01:05 - 01:10,629,41,result
2026-09-07,231,01:10 - 01:15,023,41,result
2026-09-07,232,01:15 - 01:20,428,99,result
2026-09-07,233,01:20 - 01:25,377,33,result
2026-09-07,234,01:25 - 01:30,857,01,result
2026-09-07,235,01:30 - 01:35,515,53,result
2026-09-07,236,01:35 - 01:40,899,06,result
2026-09-07,237,01:40 - 01:45,626,69,result
2026-09-07,238,01:45 - 01:50,986,91,result
2026-09-07,239,01:50 - 01:55,966,53,result
2026-09-07,240,01:55 - 02:00,188,39,result
2026-09-07,241,02:00 - 02:05,128,92,result
2026-09-07,242,02:05 - 02:10,358,65,result
2026-09-07,243,02:10 - 02:15,194,66,result
2026-09-07,244,02:15 - 02:20,667,42,result
2026-09-07,245,02:20 - 02:25,092,04,result
2026-09-07,246,02:25 - 02:30,399,68,result
2026-09-07,247,02:30 - 02:35,609,39,result
2026-09-07,248,02:35 - 02:40,611,34,result
2026-09-07,249,02:40 - 02:45,254,48,result
2026-09-07,250,02:45 - 02:50,891,99,result
2026-09-07,251,02:50 - 02:55,226,64,result
2026-09-07,252,02:55 - 03:00,901,03,result
2026-09-07,253,03:00 - 03:05,765,14,result
2026-09-07,254,03:05 - 03:10,943,30,result
2026-09-07,255,03:10 - 03:15,187,41,result
2026-09-07,256,03:15 - 03:20,322,83,result
2026-09-07,257,03:20 - 03:25,876,90,result
2026-09-07,258,03:25 - 03:30,412,67,result
2026-09-07,259,03:30 - 03:35,781,04,result
2026-09-07,260,03:35 - 03:40,094,78,result
2026-09-07,261,03:40 - 03:45,016,34,result
2026-09-07,262,03:45 - 03:50,122,09,result
2026-09-07,263,03:50 - 03:55,812,32,result
2026-09-07,264,03:55 - 04:00,985,38,result
2026-09-07,265,04:00 - 04:05,035,26,result
2026-09-07,266,04:05 - 04:10,425,60,result
2026-09-07,267,04:10 - 04:15,817,78,result
2026-09-07,268,04:15 - 04:20,776,16,result
2026-09-07,269,04:20 - 04:25,433,75,result
2026-09-07,270,04:25 - 04:30,602,32,result
2026-09-07,271,04:30 - 04:35,290,58,result
2026-09-07,272,04:35 - 04:40,676,30,result
2026-09-07,273,04:40 - 04:45,404,69,result
2026-09-07,274,04:45 - 04:50,165,07,result
2026-09-07,275,04:50 - 04:55,727,09,result
2026-09-07,276,04:55 - 05:00,532,08,result
2026-09-07,277,05:00 - 05:05,312,15,result
2026-09-07,278,05:05 - 05:10,675,97,result
2026-09-07,279,05:10 - 05:15,948,55,result
2026-09-07,280,05:15 - 05:20,540,36,result
2026-09-07,281,05:20 - 05:25,309,94,result
2026-09-07,282,05:25 - 05:30,389,26,result
2026-09-07,283,05:30 - 05:35,917,05,result
2026-09-07,284,05:35 - 05:40,322,79,result
2026-09-07,285,05:40 - 05:45,361,63,result
2026-09-07,286,05:45 - 05:50,922,65,result
2026-09-07,287,05:50 - 05:55,280,37,result
2026-09-07,288,05:55 - 06:00,016,76,result
2026-09-08,1,06:00 - 06:05,013,34,result
2026-09-08,2,06:05 - 06:10,115,29,result
2026-09-08,3,06:10 - 06:15,406,69,result
2026-09-08,4,06:15 - 06:20,924,31,result
2026-09-08,5,06:20 - 06:25,237,50,result
2026-09-08,6,06:25 - 06:30,526,92,result
2026-09-08,7,06:30 - 06:35,993,00,result
2026-09-08,8,06:35 - 06:40,874,87,result
2026-09-08,9,06:40 - 06:45,559,51,result
2026-09-08,10,06:45 - 06:50,482,28,result
2026-09-08,11,06:50 - 06:55,020,30,result
2026-09-08,12,06:55 - 07:00,976,10,result
2026-09-08,13,07:00 - 07:05,769,45,result
2026-09-08,14,07:05 - 07:10,696,57,result
2026-09-08,15,07:10 - 07:15,053,11,result
2026-09-08,16,07:15 - 07:20,591,80,result
2026-09-08,17,07:20 - 07:25,080,68,result
2026-09-08,18,07:25 - 07:30,002,15,result
2026-09-08,19,07:30 - 07:35,580,36,result
2026-09-08,20,07:35 - 07:40,426,99,result
2026-09-08,21,07:40 - 07:45,686,27,result
2026-09-08,22,07:45 - 07:50,503,79,result
2026-09-08,23,07:50 - 07:55,460,66,result
2026-09-08,24,07:55 - 08:00,980,36,result
2026-09-08,25,08:00 - 08:05,379,63,result
2026-09-08,26,08:05 - 08:10,040,51,result
2026-09-08,27,08:10 - 08:15,801,77,result
2026-09-08,28,08:15 - 08:20,415,36,result
2026-09-08,29,08:20 - 08:25,102,26,result
2026-09-08,30,08:25 - 08:30,091,23,result
2026-09-08,31,08:30 - 08:35,574,92,result
2026-09-08,32,08:35 - 08:40,507,23,result
2026-09-08,33,08:40 - 08:45,912,10,result
2026-09-08,34,08:45 - 08:50,995,10,result
2026-09-08,35,08:50 - 08:55,052,64,result
2026-09-08,36,08:55 - 09:00,921,13,result
2026-09-08,37,09:00 - 09:05,194,65,result
2026-09-08,38,09:05 - 09:10,239,54,result
2026-09-08,39,09:10 - 09:15,576,31,result
2026-09-08,40,09:15 - 09:20,040,05,result
2026-09-08,41,09:20 - 09:25,380,43,result
2026-09-08,42,09:25 - 09:30,846,85,result
2026-09-08,43,09:30 - 09:35,202,32,result
2026-09-08,44,09:35 - 09:40,512,25,result
2026-09-08,45,09:40 - 09:45,376,35,result
2026-09-08,46,09:45 - 09:50,910,75,result
2026-09-08,47,09:50 - 09:55,750,77,result
2026-09-08,48,09:55 - 10:00,328,24,result
2026-09-08,49,10:00 - 10:05,130,60,result
2026-09-08,50,10:05 - 10:10,598,95,result
2026-09-08,51,10:10 - 10:15,165,89,result
2026-09-08,52,10:15 - 10:20,313,05,result
2026-09-08,53,10:20 - 10:25,308,82,result
2026-09-08,54,10:25 - 10:30,121,91,result
2026-09-08,55,10:30 - 10:35,538,80,result
2026-09-08,56,10:35 - 10:40,699,88,result
2026-09-08,57,10:40 - 10:45,454,78,result
2026-09-08,58,10:45 - 10:50,149,54,result
2026-09-08,59,10:50 - 10:55,241,24,result
2026-09-08,60,10:55 - 11:00,131,70,result
2026-09-08,61,11:00 - 11:05,160,46,result
2026-09-08,62,11:05 - 11:10,399,19,result
2026-09-08,63,11:10 - 11:15,838,03,result
2026-09-08,64,11:15 - 11:20,728,99,result
2026-09-08,65,11:20 - 11:25,355,31,result
2026-09-08,66,11:25 - 11:30,339,36,result
2026-09-08,67,11:30 - 11:35,270,51,result
2026-09-08,68,11:35 - 11:40,733,77,result
2026-09-08,69,11:40 - 11:45,940,99,result
2026-09-08,70,11:45 - 11:50,589,87,result
2026-09-08,71,11:50 - 11:55,029,97,result
2026-09-08,72,11:55 - 12:00,897,94,result
2026-09-08,73,12:00 - 12:05,822,80,result
2026-09-08,74,12:05 - 12:10,452,69,result
2026-09-08,75,12:10 - 12:15,113,31,result
2026-09-08,76,12:15 - 12:20,682,36,result
2026-09-08,77,12:20 - 12:25,796,68,result
2026-09-08,78,12:25 - 12:30,563,54,result
2026-09-08,79,12:30 - 12:35,819,99,result
2026-09-08,80,12:35 - 12:40,979,04,result
2026-09-08,81,12:40 - 12:45,684,72,result
2026-09-08,82,12:45 - 12:50,287,17,result
2026-09-08,83,12:50 - 12:55,085,54,result
2026-09-08,84,12:55 - 13:00,936,08,result
2026-09-08,85,13:00 - 13:05,234,11,result
2026-09-08,86,13:05 - 13:10,738,87,result
2026-09-08,87,13:10 - 13:15,395,70,result
2026-09-08,88,13:15 - 13:20,042,38,result
2026-09-08,89,13:20 - 13:25,339,72,result
2026-09-08,90,13:25 - 13:30,452,98,result
2026-09-08,91,13:30 - 13:35,360,29,result
2026-09-08,92,13:35 - 13:40,857,12,result
2026-09-08,93,13:40 - 13:45,745,16,result
2026-09-08,94,13:45 - 13:50,316,34,result
2026-09-08,95,13:50 - 13:55,611,20,result
2026-09-08,96,13:55 - 14:00,552,15,result
2026-09-08,97,14:00 - 14:05,637,96,result
2026-09-08,98,14:05 - 14:10,813,56,result
2026-09-08,99,14:10 - 14:15,202,04,result
2026-09-08,100,14:15 - 14:20,938,60,result
2026-09-08,101,14:20 - 14:25,285,15,result
2026-09-08,102,14:25 - 14:30,980,47,result
2026-09-08,103,14:30 - 14:35,114,63,result
2026-09-08,104,14:35 - 14:40,082,94,result
2026-09-08,105,14:40 - 14:45,742,64,result
2026-09-08,106,14:45 - 14:50,551,44,result
2026-09-08,107,14:50 - 14:55,490,04,result
2026-09-08,108,14:55 - 15:00,537,89,result
2026-09-08,109,15:00 - 15:05,501,00,result
2026-09-08,110,15:05 - 15:10,250,95,result
2026-09-08,111,15:10 - 15:15,714,13,result
2026-09-08,112,15:15 - 15:20,629,49,result
2026-09-08,113,15:20 - 15:25,413,66,result
2026-09-08,114,15:25 - 15:30,248,33,result
2026-09-08,115,15:30 - 15:35,518,08,result
2026-09-08,116,15:35 - 15:40,885,88,result
2026-09-08,117,15:40 - 15:45,895,21,result
2026-09-08,118,15:45 - 15:50,553,16,result
2026-09-08,119,15:50 - 15:55,493,69,result
2026-09-08,120,15:55 - 16:00,607,29,result
2026-09-08,121,16:00 - 16:05,842,97,result
2026-09-08,122,16:05 - 16:10,015,73,result
2026-09-08,123,16:10 - 16:15,556,77,result
2026-09-08,124,16:15 - 16:20,944,18,result
2026-09-08,125,16:20 - 16:25,327,81,result
2026-09-08,126,16:25 - 16:30,643,91,result
2026-09-08,127,16:30 - 16:35,231,48,result
2026-09-08,128,16:35 - 16:40,089,00,result
2026-09-08,129,16:40 - 16:45,796,52,result
2026-09-08,130,16:45 - 16:50,742,36,result
2026-09-08,131,16:50 - 16:55,186,96,result
2026-09-08,132,16:55 - 17:00,707,15,result
2026-09-08,133,17:00 - 17:05,660,21,result
2026-09-08,134,17:05 - 17:10,780,51,result
2026-09-08,135,17:10 - 17:15,084,97,result
2026-09-08,136,17:15 - 17:20,757,01,result
2026-09-08,137,17:20 - 17:25,736,66,result
2026-09-08,138,17:25 - 17:30,801,20,result
2026-09-08,139,17:30 - 17:35,417,60,result
2026-09-08,140,17:35 - 17:40,049,54,result
2026-09-08,141,17:40 - 17:45,525,29,result
2026-09-08,142,17:45 - 17:50,945,81,result
2026-09-08,143,17:50 - 17:55,096,14,result
2026-09-08,144,17:55 - 18:00,447,75,result
2026-09-08,145,18:00 - 18:05,707,03,result
2026-09-08,146,18:05 - 18:10,077,18,result
2026-09-08,147,18:10 - 18:15,016,15,result
2026-09-08,148,18:15 - 18:20,792,63,result
2026-09-08,149,18:20 - 18:25,251,33,result
2026-09-08,150,18:25 - 18:30,015,12,result
2026-09-08,151,18:30 - 18:35,306,13,result
2026-09-08,152,18:35 - 18:40,390,13,result
2026-09-08,153,18:40 - 18:45,183,79,result
2026-09-08,154,18:45 - 18:50,155,79,result
2026-09-08,155,18:50 - 18:55,833,13,result
2026-09-08,156,18:55 - 19:00,266,59,result
2026-09-08,157,19:00 - 19:05,538,58,result
2026-09-08,158,19:05 - 19:10,289,56,result
2026-09-08,159,19:10 - 19:15,278,67,result
2026-09-08,160,19:15 - 19:20,135,84,result
2026-09-08,161,19:20 - 19:25,608,44,result
2026-09-08,162,19:25 - 19:30,212,43,result
2026-09-08,163,19:30 - 19:35,576,14,result
2026-09-08,164,19:35 - 19:40,747,58,result
2026-09-08,165,19:40 - 19:45,868,99,result
2026-09-08,166,19:45 - 19:50,835,81,result
2026-09-08,167,19:50 - 19:55,410,80,result
2026-09-08,168,19:55 - 20:00,861,98,result
2026-09-08,169,20:00 - 20:05,255,06,result
2026-09-08,170,20:05 - 20:10,602,10,result
2026-09-08,171,20:10 - 20:15,526,69,result
2026-09-08,172,20:15 - 20:20,127,57,result
2026-09-08,173,20:20 - 20:25,456,64,result
2026-09-08,174,20:25 - 20:30,073,62,result
2026-09-08,175,20:30 - 20:35,746,43,result
2026-09-08,176,20:35 - 20:40,029,02,result
2026-09-08,177,20:40 - 20:45,900,91,result
2026-09-08,178,20:45 - 20:50,584,23,result
2026-09-08,179,20:50 - 20:55,350,06,result
2026-09-08,180,20:55 - 21:00,817,94,result
2026-09-08,181,21:00 - 21:05,139,33,result
2026-09-08,182,21:05 - 21:10,908,76,result
2026-09-08,183,21:10 - 21:15,035,29,result
2026-09-08,184,21:15 - 21:20,740,96,result
2026-09-08,185,21:20 - 21:25,220,43,result
2026-09-08,186,21:25 - 21:30,684,26,result
2026-09-08,187,21:30 - 21:35,913,65,result
2026-09-08,188,21:35 - 21:40,842,80,result
2026-09-08,189,21:40 - 21:45,064,43,result
2026-09-08,190,21:45 - 21:50,313,14,result
2026-09-08,191,21:50 - 21:55,505,16,result
2026-09-08,192,21:55 - 22:00,695,02,result
2026-09-08,193,22:00 - 22:05,266,97,result
2026-09-08,194,22:05 - 22:10,511,41,result
2026-09-08,195,22:10 - 22:15,938,00,result
2026-09-08,196,22:15 - 22:20,131,24,result
2026-09-08,197,22:20 - 22:25,388,75,result
2026-09-08,198,22:25 - 22:30,745,20,result
2026-09-08,199,22:30 - 22:35,287,51,result
2026-09-08,200,22:35 - 22:40,489,25,result
2026-09-08,201,22:40 - 22:45,118,99,result
2026-09-08,202,22:45 - 22:50,293,45,result
2026-09-08,203,22:50 - 22:55,540,08,result
2026-09-08,204,22:55 - 23:00,173,11,result
2026-09-08,205,23:00 - 23:05,919,77,result
2026-09-08,206,23:05 - 23:10,361,45,result
2026-09-08,207,23:10 - 23:15,584,76,result
2026-09-08,208,23:15 - 23:20,803,61,result
2026-09-08,209,23:20 - 23:25,195,02,result
2026-09-08,210,23:25 - 23:30,161,21,result
2026-09-08,211,23:30 - 23:35,908,53,result
2026-09-08,212,23:35 - 23:40,245,13,result
2026-09-08,213,23:40 - 23:45,615,98,result
2026-09-08,214,23:45 - 23:50,271,88,result
2026-09-08,215,23:50 - 23:55,386,53,result
2026-09-08,216,23:55 - 00:00,852,55,result
2026-09-08,217,00:00 - 00:05,501,33,result
2026-09-08,218,00:05 - 00:10,295,05,result
2026-09-08,219,00:10 - 00:15,230,63,result
2026-09-08,220,00:15 - 00:20,791,43,result
2026-09-08,221,00:20 - 00:25,942,64,result
2026-09-08,222,00:25 - 00:30,732,96,result
2026-09-08,223,00:30 - 00:35,252,02,result
2026-09-08,224,00:35 - 00:40,036,89,result
2026-09-08,225,00:40 - 00:45,268,11,result
2026-09-08,226,00:45 - 00:50,575,88,result
2026-09-08,227,00:50 - 00:55,410,43,result
2026-09-08,228,00:55 - 01:00,956,56,result
2026-09-08,229,01:00 - 01:05,159,11,result
2026-09-08,230,01:05 - 01:10,195,22,result
2026-09-08,231,01:10 - 01:15,998,41,result
2026-09-08,232,01:15 - 01:20,405,18,result
2026-09-08,233,01:20 - 01:25,465,56,result
2026-09-08,234,01:25 - 01:30,060,31,result
2026-09-08,235,01:30 - 01:35,989,91,result
2026-09-08,236,01:35 - 01:40,391,34,result
2026-09-08,237,01:40 - 01:45,263,23,result
2026-09-08,238,01:45 - 01:50,905,82,result
2026-09-08,239,01:50 - 01:55,603,16,result
2026-09-08,240,01:55 - 02:00,802,66,result
2026-09-08,241,02:00 - 02:05,158,29,result
2026-09-08,242,02:05 - 02:10,885,10,result
2026-09-08,243,02:10 - 02:15,628,81,result
2026-09-08,244,02:15 - 02:20,248,64,result
2026-09-08,245,02:20 - 02:25,482,73,result
2026-09-08,246,02:25 - 02:30,631,23,result
2026-09-08,247,02:30 - 02:35,640,70,result
2026-09-08,248,02:35 - 02:40,721,80,result
2026-09-08,249,02:40 - 02:45,808,72,result
2026-09-08,250,02:45 - 02:50,264,40,result
2026-09-08,251,02:50 - 02:55,115,86,result
2026-09-08,252,02:55 - 03:00,964,30,result
2026-09-08,253,03:00 - 03:05,341,11,result
2026-09-08,254,03:05 - 03:10,578,33,result
2026-09-08,255,03:10 - 03:15,395,81,result
2026-09-08,256,03:15 - 03:20,346,54,result
2026-09-08,257,03:20 - 03:25,607,02,result
2026-09-08,258,03:25 - 03:30,010,54,result
2026-09-08,259,03:30 - 03:35,598,39,result
2026-09-08,260,03:35 - 03:40,593,27,result
2026-09-08,261,03:40 - 03:45,449,56,result
2026-09-08,262,03:45 - 03:50,853,04,result
2026-09-08,263,03:50 - 03:55,674,63,result
2026-09-08,264,03:55 - 04:00,894,76,result
2026-09-08,265,04:00 - 04:05,068,61,result
2026-09-08,266,04:05 - 04:10,655,19,result
2026-09-08,267,04:10 - 04:15,540,32,result
2026-09-08,268,04:15 - 04:20,165,99,result
2026-09-08,269,04:20 - 04:25,534,61,result
2026-09-08,270,04:25 - 04:30,167,99,result
2026-09-08,271,04:30 - 04:35,403,65,result
2026-09-08,272,04:35 - 04:40,042,23,result
2026-09-08,273,04:40 - 04:45,630,14,result
2026-09-08,274,04:45 - 04:50,240,00,result
2026-09-08,275,04:50 - 04:55,108,45,result
2026-09-08,276,04:55 - 05:00,922,21,result
2026-09-08,277,05:00 - 05:05,119,04,result
2026-09-08,278,05:05 - 05:10,105,40,result
2026-09-08,279,05:10 - 05:15,205,20,result
2026-09-08,280,05:15 - 05:20,811,04,result
2026-09-08,281,05:20 - 05:25,043,66,result
2026-09-08,282,05:25 - 05:30,965,06,result
2026-09-08,283,05:30 - 05:35,847,66,result
2026-09-08,284,05:35 - 05:40,194,73,result
2026-09-08,285,05:40 - 05:45,393,70,result
2026-09-08,286,05:45 - 05:50,739,50,result
2026-09-08,287,05:50 - 05:55,175,65,result
2026-09-08,288,05:55 - 06:00,813,29,result
2026-09-09,1,06:00 - 06:05,820,72,result
2026-09-09,2,06:05 - 06:10,594,95,result
2026-09-09,3,06:10 - 06:15,561,31,result
2026-09-09,4,06:15 - 06:20,564,08,result
2026-09-09,5,06:20 - 06:25,202,82,result
2026-09-09,6,06:25 - 06:30,818,91,result
2026-09-09,7,06:30 - 06:35,600,48,result
2026-09-09,8,06:35 - 06:40,420,45,result
2026-09-09,9,06:40 - 06:45,538,40,result
2026-09-09,10,06:45 - 06:50,017,01,result
2026-09-09,11,06:50 - 06:55,534,50,result
2026-09-09,12,06:55 - 07:00,057,29,result
2026-09-09,13,07:00 - 07:05,366,02,result
2026-09-09,14,07:05 - 07:10,464,73,result
2026-09-09,15,07:10 - 07:15,574,72,result
2026-09-09,16,07:15 - 07:20,979,44,result
2026-09-09,17,07:20 - 07:25,824,67,result
2026-09-09,18,07:25 - 07:30,653,94,result
2026-09-09,19,07:30 - 07:35,962,92,result
2026-09-09,20,07:35 - 07:40,574,50,result
2026-09-09,21,07:40 - 07:45,754,67,result
2026-09-09,22,07:45 - 07:50,198,56,result
2026-09-09,23,07:50 - 07:55,510,89,result
2026-09-09,24,07:55 - 08:00,304,99,result
2026-09-09,25,08:00 - 08:05,728,92,result
2026-09-09,26,08:05 - 08:10,268,66,result
2026-09-09,27,08:10 - 08:15,659,38,result
2026-09-09,28,08:15 - 08:20,342,57,result
2026-09-09,29,08:20 - 08:25,923,53,result
2026-09-09,30,08:25 - 08:30,873,08,result
2026-09-09,31,08:30 - 08:35,629,49,result
2026-09-09,32,08:35 - 08:40,510,15,result
2026-09-09,33,08:40 - 08:45,206,54,result
2026-09-09,34,08:45 - 08:50,893,66,result
2026-09-09,35,08:50 - 08:55,638,52,result
2026-09-09,36,08:55 - 09:00,279,14,result
2026-09-09,37,09:00 - 09:05,300,35,result
2026-09-09,38,09:05 - 09:10,037,81,result
2026-09-09,39,09:10 - 09:15,769,69,result
2026-09-09,40,09:15 - 09:20,008,87,result
2026-09-09,41,09:20 - 09:25,565,34,result
2026-09-09,42,09:25 - 09:30,833,78,result
2026-09-09,43,09:30 - 09:35,431,53,result
2026-09-09,44,09:35 - 09:40,242,95,result
2026-09-09,45,09:40 - 09:45,277,60,result
2026-09-09,46,09:45 - 09:50,646,39,result
2026-09-09,47,09:50 - 09:55,217,68,result
2026-09-09,48,09:55 - 10:00,350,44,result
2026-09-09,49,10:00 - 10:05,180,73,result
2026-09-09,50,10:05 - 10:10,346,22,result
2026-09-09,51,10:10 - 10:15,498,08,result
2026-09-09,52,10:15 - 10:20,328,09,result
2026-09-09,53,10:20 - 10:25,631,65,result
2026-09-09,54,10:25 - 10:30,349,93,result
2026-09-09,55,10:30 - 10:35,542,26,result
2026-09-09,56,10:35 - 10:40,172,91,result
2026-09-09,57,10:40 - 10:45,240,65,result
2026-09-09,58,10:45 - 10:50,673,77,result
2026-09-09,59,10:50 - 10:55,193,46,result
2026-09-09,60,10:55 - 11:00,481,11,result
2026-09-09,61,11:00 - 11:05,260,96,result
2026-09-09,62,11:05 - 11:10,506,15,result
2026-09-09,63,11:10 - 11:15,794,25,result
2026-09-09,64,11:15 - 11:20,716,06,result
2026-09-09,65,11:20 - 11:25,625,63,result
2026-09-09,66,11:25 - 11:30,299,35,result
2026-09-09,67,11:30 - 11:35,440,81,result
2026-09-09,68,11:35 - 11:40,702,57,result
2026-09-09,69,11:40 - 11:45,558,26,result
2026-09-09,70,11:45 - 11:50,150,11,result
2026-09-09,71,11:50 - 11:55,857,35,result
2026-09-09,72,11:55 - 12:00,804,54,result
2026-09-09,73,12:00 - 12:05,574,36,result
2026-09-09,74,12:05 - 12:10,951,36,result
2026-09-09,75,12:10 - 12:15,011,13,result
2026-09-09,76,12:15 - 12:20,663,09,result
2026-09-09,77,12:20 - 12:25,074,01,result
2026-09-09,78,12:25 - 12:30,473,62,result
2026-09-09,79,12:30 - 12:35,747,98,result
2026-09-09,80,12:35 - 12:40,141,36,result
2026-09-09,81,12:40 - 12:45,623,28,result
2026-09-09,82,12:45 - 12:50,989,53,result
2026-09-09,83,12:50 - 12:55,224,44,result
2026-09-09,84,12:55 - 13:00,796,49,result
2026-09-09,85,13:00 - 13:05,548,14,result
2026-09-09,86,13:05 - 13:10,325,24,result
2026-09-09,87,13:10 - 13:15,218,46,result
2026-09-09,88,13:15 - 13:20,940,96,result
2026-09-09,89,13:20 - 13:25,688,41,result
2026-09-09,90,13:25 - 13:30,676,26,result
2026-09-09,91,13:30 - 13:35,191,56,result
2026-09-09,92,13:35 - 13:40,484,14,result
2026-09-09,93,13:40 - 13:45,076,67,result
2026-09-09,94,13:45 - 13:50,169,52,result
2026-09-09,95,13:50 - 13:55,259,96,result
2026-09-09,96,13:55 - 14:00,384,03,result
2026-09-09,97,14:00 - 14:05,904,88,result
2026-09-09,98,14:05 - 14:10,833,97,result
2026-09-09,99,14:10 - 14:15,900,11,result
2026-09-09,100,14:15 - 14:20,324,92,result
2026-09-09,101,14:20 - 14:25,743,23,result
2026-09-09,102,14:25 - 14:30,585,34,result
2026-09-09,103,14:30 - 14:35,357,85,result
2026-09-09,104,14:35 - 14:40,269,99,result
2026-09-09,105,14:40 - 14:45,014,17,result
2026-09-09,106,14:45 - 14:50,072,98,result
2026-09-09,107,14:50 - 14:55,279,24,result
2026-09-09,108,14:55 - 15:00,950,33,result
2026-09-09,109,15:00 - 15:05,572,75,result
2026-09-09,110,15:05 - 15:10,389,17,result
2026-09-09,111,15:10 - 15:15,386,26,result
2026-09-09,112,15:15 - 15:20,039,44,result
2026-09-09,113,15:20 - 15:25,436,35,result
2026-09-09,114,15:25 - 15:30,621,27,result
2026-09-09,115,15:30 - 15:35,237,32,result
2026-09-09,116,15:35 - 15:40,903,26,result
2026-09-09,117,15:40 - 15:45,957,49,result
2026-09-09,118,15:45 - 15:50,180,92,result
2026-09-09,119,15:50 - 15:55,777,07,result
2026-09-09,120,15:55 - 16:00,825,60,result
2026-09-09,121,16:00 - 16:05,364,70,result
2026-09-09,122,16:05 - 16:10,723,81,result
2026-09-09,123,16:10 - 16:15,742,51,result
2026-09-09,124,16:15 - 16:20,653,55,result
2026-09-09,125,16:20 - 16:25,873,58,result
2026-09-09,126,16:25 - 16:30,508,45,result
2026-09-09,127,16:30 - 16:35,917,01,result
2026-09-09,128,16:35 - 16:40,533,40,result
2026-09-09,129,16:40 - 16:45,381,74,result
2026-09-09,130,16:45 - 16:50,514,63,result
2026-09-09,131,16:50 - 16:55,046,36,result
2026-09-09,132,16:55 - 17:00,351,71,result
2026-09-09,133,17:00 - 17:05,691,47,result
2026-09-09,134,17:05 - 17:10,868,34,result
2026-09-09,135,17:10 - 17:15,594,00,result
2026-09-09,136,17:15 - 17:20,704,58,result
2026-09-09,137,17:20 - 17:25,767,07,result
2026-09-09,138,17:25 - 17:30,442,58,result
2026-09-09,139,17:30 - 17:35,319,19,result
2026-09-09,140,17:35 - 17:40,978,31,result
2026-09-09,141,17:40 - 17:45,852,45,result
2026-09-09,142,17:45 - 17:50,436,09,result
2026-09-09,143,17:50 - 17:55,943,01,result
2026-09-09,144,17:55 - 18:00,606,82,result
2026-09-09,145,18:00 - 18:05,827,39,result
2026-09-09,146,18:05 - 18:10,874,02,result
2026-09-09,147,18:10 - 18:15,150,10,result
2026-09-09,148,18:15 - 18:20,611,27,result
2026-09-09,149,18:20 - 18:25,372,97,result
2026-09-09,150,18:25 - 18:30,832,24,result
2026-09-09,151,18:30 - 18:35,883,41,result
2026-09-09,152,18:35 - 18:40,509,74,result
2026-09-09,153,18:40 - 18:45,259,54,result
2026-09-09,154,18:45 - 18:50,397,16,result
2026-09-09,155,18:50 - 18:55,355,12,result
2026-09-09,156,18:55 - 19:00,141,14,result
2026-09-09,157,19:00 - 19:05,745,56,result
2026-09-09,158,19:05 - 19:10,120,73,result
2026-09-09,159,19:10 - 19:15,996,98,result
2026-09-09,160,19:15 - 19:20,608,74,result
2026-09-09,161,19:20 - 19:25,495,45,result
2026-09-09,162,19:25 - 19:30,593,45,result
2026-09-09,163,19:30 - 19:35,323,28,result
2026-09-09,164,19:35 - 19:40,979,02,result
2026-09-09,165,19:40 - 19:45,980,23,result
2026-09-09,166,19:45 - 19:50,016,77,result
2026-09-09,167,19:50 - 19:55,876,09,result
2026-09-09,168,19:55 - 20:00,580,28,result
2026-09-09,169,20:00 - 20:05,365,45,result
2026-09-09,170,20:05 - 20:10,010,42,result
2026-09-09,171,20:10 - 20:15,065,15,result
2026-09-09,172,20:15 - 20:20,823,58,result
2026-09-09,173,20:20 - 20:25,351,61,result
2026-09-09,174,20:25 - 20:30,780,49,result
2026-09-09,175,20:30 - 20:35,432,90,result
2026-09-09,176,20:35 - 20:40,185,77,result
2026-09-09,177,20:40 - 20:45,646,44,result
2026-09-09,178,20:45 - 20:50,401,26,result
2026-09-09,179,20:50 - 20:55,630,62,result
2026-09-09,180,20:55 - 21:00,261,63,result
2026-09-09,181,21:00 - 21:05,040,00,result
2026-09-09,182,21:05 - 21:10,525,71,result
2026-09-09,183,21:10 - 21:15,221,64,result
2026-09-09,184,21:15 - 21:20,997,50,result
2026-09-09,185,21:20 - 21:25,635,13,result
2026-09-09,186,21:25 - 21:30,086,90,result
2026-09-09,187,21:30 - 21:35,265,39,result
2026-09-09,188,21:35 - 21:40,843,84,result
2026-09-09,189,21:40 - 21:45,683,57,result
2026-09-09,190,21:45 - 21:50,057,36,result
2026-09-09,191,21:50 - 21:55,225,79,result
2026-09-09,192,21:55 - 22:00,538,83,result
2026-09-09,193,22:00 - 22:05,813,76,result
2026-09-09,194,22:05 - 22:10,843,37,result
2026-09-09,195,22:10 - 22:15,785,16,result
2026-09-09,196,22:15 - 22:20,927,45,result
2026-09-09,197,22:20 - 22:25,520,17,result
2026-09-09,198,22:25 - 22:30,871,03,result
2026-09-09,199,22:30 - 22:35,359,13,result
2026-09-09,200,22:35 - 22:40,236,05,result
2026-09-09,201,22:40 - 22:45,431,20,result
2026-09-09,202,22:45 - 22:50,786,07,result
2026-09-09,203,22:50 - 22:55,053,54,result
2026-09-09,204,22:55 - 23:00,456,85,result
2026-09-09,205,23:00 - 23:05,148,47,result
2026-09-09,206,23:05 - 23:10,506,49,result
2026-09-09,207,23:10 - 23:15,289,63,result
2026-09-09,208,23:15 - 23:20,386,51,result
2026-09-09,209,23:20 - 23:25,208,68,result
2026-09-09,210,23:25 - 23:30,173,53,result
2026-09-09,211,23:30 - 23:35,051,76,result
2026-09-09,212,23:35 - 23:40,490,95,result
2026-09-09,213,23:40 - 23:45,938,91,result
2026-09-09,214,23:45 - 23:50,279,31,result
2026-09-09,215,23:50 - 23:55,311,85,result
2026-09-09,216,23:55 - 00:00,177,09,result
2026-09-09,217,00:00 - 00:05,740,95,result
2026-09-09,218,00:05 - 00:10,735,75,result
2026-09-09,219,00:10 - 00:15,904,42,result
2026-09-09,220,00:15 - 00:20,088,80,result
2026-09-09,221,00:20 - 00:25,555,57,result
2026-09-09,222,00:25 - 00:30,072,14,result
2026-09-09,223,00:30 - 00:35,894,35,result
2026-09-09,224,00:35 - 00:40,691,53,result
2026-09-09,225,00:40 - 00:45,392,84,result
2026-09-09,226,00:45 - 00:50,932,32,result
2026-09-09,227,00:50 - 00:55,827,60,result
2026-09-09,228,00:55 - 01:00,052,29,result
2026-09-09,229,01:00 - 01:05,598,91,result
2026-09-09,230,01:05 - 01:10,791,07,result
2026-09-09,231,01:10 - 01:15,882,17,result
2026-09-09,232,01:15 - 01:20,839,66,result
2026-09-09,233,01:20 - 01:25,070,33,result
2026-09-09,234,01:25 - 01:30,191,80,result
2026-09-09,235,01:30 - 01:35,773,72,result
2026-09-09,236,01:35 - 01:40,659,79,result
2026-09-09,237,01:40 - 01:45,071,53,result
2026-09-09,238,01:45 - 01:50,679,04,result
2026-09-09,239,01:50 - 01:55,697,04,result
2026-09-09,240,01:55 - 02:00,589,13,result
2026-09-09,241,02:00 - 02:05,825,09,result
2026-09-09,242,02:05 - 02:10,167,45,result
2026-09-09,243,02:10 - 02:15,206,86,result
2026-09-09,244,02:15 - 02:20,235,05,result
2026-09-09,245,02:20 - 02:25,336,53,result
2026-09-09,246,02:25 - 02:30,904,07,result
2026-09-09,247,02:30 - 02:35,592,26,result
2026-09-09,248,02:35 - 02:40,949,95,result
2026-09-09,249,02:40 - 02:45,600,75,result
2026-09-09,250,02:45 - 02:50,629,67,result
2026-09-09,251,02:50 - 02:55,657,38,result
2026-09-09,252,02:55 - 03:00,308,10,result
2026-09-09,253,03:00 - 03:05,095,69,result
2026-09-09,254,03:05 - 03:10,656,15,result
2026-09-09,255,03:10 - 03:15,267,75,result
2026-09-09,256,03:15 - 03:20,849,33,result
2026-09-09,257,03:20 - 03:25,135,65,result
2026-09-09,258,03:25 - 03:30,304,17,result
2026-09-09,259,03:30 - 03:35,083,04,result
2026-09-09,260,03:35 - 03:40,602,84,result
2026-09-09,261,03:40 - 03:45,323,26,result
2026-09-09,262,03:45 - 03:50,204,47,result
2026-09-09,263,03:50 - 03:55,642,41,result
2026-09-09,264,03:55 - 04:00,252,43,result
2026-09-09,265,04:00 - 04:05,641,92,result
2026-09-09,266,04:05 - 04:10,101,15,result
2026-09-09,267,04:10 - 04:15,182,21,result
2026-09-09,268,04:15 - 04:20,938,20,result
2026-09-09,269,04:20 - 04:25,340,03,result
2026-09-09,270,04:25 - 04:30,578,48,result
2026-09-09,271,04:30 - 04:35,895,17,result
2026-09-09,272,04:35 - 04:40,165,43,result
2026-09-09,273,04:40 - 04:45,557,55,result
2026-09-09,274,04:45 - 04:50,770,56,result
2026-09-09,275,04:50 - 04:55,774,29,result
2026-09-09,276,04:55 - 05:00,480,86,result
2026-09-09,277,05:00 - 05:05,918,20,result
2026-09-09,278,05:05 - 05:10,012,79,result
2026-09-09,279,05:10 - 05:15,602,92,result
2026-09-09,280,05:15 - 05:20,140,88,result
2026-09-09,281,05:20 - 05:25,191,53,result
2026-09-09,282,05:25 - 05:30,108,81,result
2026-09-09,283,05:30 - 05:35,018,88,result
2026-09-09,284,05:35 - 05:40,945,76,result
2026-09-09,285,05:40 - 05:45,224,93,result
2026-09-09,286,05:45 - 05:50,572,60,result
2026-09-09,287,05:50 - 05:55,383,43,result
2026-09-09,288,05:55 - 06:00,228,37,result
2026-09-10,1,06:00 - 06:05,867,67,result
2026-09-10,2,06:05 - 06:10,958,70,result
2026-09-10,3,06:10 - 06:15,714,46,result
2026-09-10,4,06:15 - 06:20,913,50,result
2026-09-10,5,06:20 - 06:25,939,04,result
2026-09-10,6,06:25 - 06:30,202,17,result
2026-09-10,7,06:30 - 06:35,670,70,result
2026-09-10,8,06:35 - 06:40,369,19,result
2026-09-10,9,06:40 - 06:45,440,88,result
2026-09-10,10,06:45 - 06:50,671,92,result
2026-09-10,11,06:50 - 06:55,914,14,result
2026-09-10,12,06:55 - 07:00,858,46,result
2026-09-10,13,07:00 - 07:05,065,46,result
2026-09-10,14,07:05 - 07:10,481,58,result
2026-09-10,15,07:10 - 07:15,614,66,result
2026-09-10,16,07:15 - 07:20,568,46,result
2026-09-10,17,07:20 - 07:25,483,34,result
2026-09-10,18,07:25 - 07:30,498,03,result
2026-09-10,19,07:30 - 07:35,013,12,result
2026-09-10,20,07:35 - 07:40,825,79,result
2026-09-10,21,07:40 - 07:45,240,48,result
2026-09-10,22,07:45 - 07:50,862,77,result
2026-09-10,23,07:50 - 07:55,680,40,result
2026-09-10,24,07:55 - 08:00,194,22,result
2026-09-10,25,08:00 - 08:05,261,61,result
2026-09-10,26,08:05 - 08:10,955,16,result
2026-09-10,27,08:10 - 08:15,698,61,result
2026-09-10,28,08:15 - 08:20,848,74,result
2026-09-10,29,08:20 - 08:25,629,25,result
2026-09-10,30,08:25 - 08:30,169,88,result
2026-09-10,31,08:30 - 08:35,294,31,result
2026-09-10,32,08:35 - 08:40,334,91,result
2026-09-10,33,08:40 - 08:45,925,98,result
2026-09-10,34,08:45 - 08:50,631,30,result
2026-09-10,35,08:50 - 08:55,890,10,result
2026-09-10,36,08:55 - 09:00,076,44,result
2026-09-10,37,09:00 - 09:05,680,04,result
2026-09-10,38,09:05 - 09:10,366,53,result
2026-09-10,39,09:10 - 09:15,826,58,result
2026-09-10,40,09:15 - 09:20,042,67,result
2026-09-10,41,09:20 - 09:25,648,95,result
2026-09-10,42,09:25 - 09:30,253,12,result
2026-09-10,43,09:30 - 09:35,967,96,result
2026-09-10,44,09:35 - 09:40,106,91,result
2026-09-10,45,09:40 - 09:45,110,83,result
2026-09-10,46,09:45 - 09:50,487,30,result
2026-09-10,47,09:50 - 09:55,141,15,result
2026-09-10,48,09:55 - 10:00,649,14,result
2026-09-10,49,10:00 - 10:05,779,95,result
2026-09-10,50,10:05 - 10:10,920,70,result
2026-09-10,51,10:10 - 10:15,607,51,result
2026-09-10,52,10:15 - 10:20,522,20,result
2026-09-10,53,10:20 - 10:25,836,19,result
2026-09-10,54,10:25 - 10:30,920,60,result
2026-09-10,55,10:30 - 10:35,863,72,result
2026-09-10,56,10:35 - 10:40,787,77,result
2026-09-10,57,10:40 - 10:45,481,25,result
2026-09-10,58,10:45 - 10:50,958,62,result
2026-09-10,59,10:50 - 10:55,392,84,result
2026-09-10,60,10:55 - 11:00,071,68,result
2026-09-10,61,11:00 - 11:05,303,40,result
2026-09-10,62,11:05 - 11:10,444,00,result
2026-09-10,63,11:10 - 11:15,145,82,result
2026-09-10,64,11:15 - 11:20,216,89,result
2026-09-10,65,11:20 - 11:25,555,13,result
2026-09-10,66,11:25 - 11:30,691,42,result
2026-09-10,67,11:30 - 11:35,950,84,result
2026-09-10,68,11:35 - 11:40,648,07,result
2026-09-10,69,11:40 - 11:45,602,36,result
2026-09-10,70,11:45 - 11:50,525,74,result
2026-09-10,71,11:50 - 11:55,922,75,result
2026-09-10,72,11:55 - 12:00,227,73,result
2026-09-10,73,12:00 - 12:05,426,83,result
2026-09-10,74,12:05 - 12:10,462,70,result
2026-09-10,75,12:10 - 12:15,497,65,result
2026-09-10,76,12:15 - 12:20,092,19,result
2026-09-10,77,12:20 - 12:25,326,87,result
2026-09-10,78,12:25 - 12:30,449,22,result
2026-09-10,79,12:30 - 12:35,085,20,result
2026-09-10,80,12:35 - 12:40,497,42,result
2026-09-10,81,12:40 - 12:45,341,95,result
2026-09-10,82,12:45 - 12:50,050,88,result
2026-09-10,83,12:50 - 12:55,908,96,result
2026-09-10,84,12:55 - 13:00,572,31,result
2026-09-10,85,13:00 - 13:05,065,92,result
2026-09-10,86,13:05 - 13:10,673,54,result
2026-09-10,87,13:10 - 13:15,917,51,result
2026-09-10,88,13:15 - 13:20,475,32,result
2026-09-10,89,13:20 - 13:25,144,99,result
2026-09-10,90,13:25 - 13:30,881,59,result
2026-09-10,91,13:30 - 13:35,949,18,result
2026-09-10,92,13:35 - 13:40,314,16,result
2026-09-10,93,13:40 - 13:45,970,99,result
2026-09-10,94,13:45 - 13:50,826,69,result
2026-09-10,95,13:50 - 13:55,183,86,result
2026-09-10,96,13:55 - 14:00,898,08,result
2026-09-10,97,14:00 - 14:05,764,52,result
2026-09-10,98,14:05 - 14:10,552,41,result
2026-09-10,99,14:10 - 14:15,031,56,result
2026-09-10,100,14:15 - 14:20,051,26,result
2026-09-10,101,14:20 - 14:25,485,77,result
2026-09-10,102,14:25 - 14:30,507,05,result
2026-09-10,103,14:30 - 14:35,956,00,result
2026-09-10,104,14:35 - 14:40,339,28,result
2026-09-10,105,14:40 - 14:45,331,48,result
2026-09-10,106,14:45 - 14:50,229,26,result
2026-09-10,107,14:50 - 14:55,364,23,result
2026-09-10,108,14:55 - 15:00,260,64,result
2026-09-10,109,15:00 - 15:05,306,26,result
2026-09-10,110,15:05 - 15:10,798,68,result
2026-09-10,111,15:10 - 15:15,825,25,result
2026-09-10,112,15:15 - 15:20,449,09,result
2026-09-10,113,15:20 - 15:25,150,36,result
2026-09-10,114,15:25 - 15:30,511,92,result
2026-09-10,115,15:30 - 15:35,328,84,result
2026-09-10,116,15:35 - 15:40,906,81,result
2026-09-10,117,15:40 - 15:45,560,38,result
2026-09-10,118,15:45 - 15:50,002,82,result
2026-09-10,119,15:50 - 15:55,916,75,result
2026-09-10,120,15:55 - 16:00,144,54,result
2026-09-10,121,16:00 - 16:05,867,39,result
2026-09-10,122,16:05 - 16:10,698,49,result
2026-09-10,123,16:10 - 16:15,906,06,result
2026-09-10,124,16:15 - 16:20,123,78,result
2026-09-10,125,16:20 - 16:25,700,72,result
2026-09-10,126,16:25 - 16:30,034,89,result
2026-09-10,127,16:30 - 16:35,752,83,result
2026-09-10,128,16:35 - 16:40,098,15,result
2026-09-10,129,16:40 - 16:45,540,15,result
2026-09-10,130,16:45 - 16:50,715,97,result
2026-09-10,131,16:50 - 16:55,657,08,result
2026-09-10,132,16:55 - 17:00,266,21,result
2026-09-10,133,17:00 - 17:05,828,40,result
2026-09-10,134,17:05 - 17:10,758,39,result
2026-09-10,135,17:10 - 17:15,278,20,result
2026-09-10,136,17:15 - 17:20,870,47,result
2026-09-10,137,17:20 - 17:25,118,17,result
2026-09-10,138,17:25 - 17:30,679,65,result
2026-09-10,139,17:30 - 17:35,393,25,result
2026-09-10,140,17:35 - 17:40,110,89,result
2026-09-10,141,17:40 - 17:45,561,49,result
2026-09-10,142,17:45 - 17:50,361,12,result
2026-09-10,143,17:50 - 17:55,996,07,result
2026-09-10,144,17:55 - 18:00,102,33,result
2026-09-10,145,18:00 - 18:05,318,88,result
2026-09-10,146,18:05 - 18:10,979,94,result
2026-09-10,147,18:10 - 18:15,571,11,result
2026-09-10,148,18:15 - 18:20,511,57,result
2026-09-10,149,18:20 - 18:25,087,28,result
2026-09-10,150,18:25 - 18:30,075,74,result
2026-09-10,151,18:30 - 18:35,172,24,result
2026-09-10,152,18:35 - 18:40,764,85,result
2026-09-10,153,18:40 - 18:45,437,34,result
2026-09-10,154,18:45 - 18:50,837,87,result
2026-09-10,155,18:50 - 18:55,426,62,result
2026-09-10,156,18:55 - 19:00,612,96,result
2026-09-10,157,19:00 - 19:05,828,24,result
2026-09-10,158,19:05 - 19:10,976,31,result
2026-09-10,159,19:10 - 19:15,493,64,result
2026-09-10,160,19:15 - 19:20,020,54,result
2026-09-10,161,19:20 - 19:25,296,77,result
2026-09-10,162,19:25 - 19:30,093,11,result
2026-09-10,163,19:30 - 19:35,664,83,result
2026-09-10,164,19:35 - 19:40,448,22,result
2026-09-10,165,19:40 - 19:45,447,00,result
2026-09-10,166,19:45 - 19:50,014,72,result
2026-09-10,167,19:50 - 19:55,770,79,result
2026-09-10,168,19:55 - 20:00,478,99,result
2026-09-10,169,20:00 - 20:05,702,61,result
2026-09-10,170,20:05 - 20:10,859,21,result
2026-09-10,171,20:10 - 20:15,270,22,result
2026-09-10,172,20:15 - 20:20,932,97,result
2026-09-10,173,20:20 - 20:25,533,19,result
2026-09-10,174,20:25 - 20:30,850,43,result
2026-09-10,175,20:30 - 20:35,808,97,result
2026-09-10,176,20:35 - 20:40,961,89,result
2026-09-10,177,20:40 - 20:45,503,58,result
2026-09-10,178,20:45 - 20:50,578,44,result
2026-09-10,179,20:50 - 20:55,847,22,result
2026-09-10,180,20:55 - 21:00,965,43,result
2026-09-10,181,21:00 - 21:05,152,86,result
2026-09-10,182,21:05 - 21:10,353,91,result
2026-09-10,183,21:10 - 21:15,747,62,result
2026-09-10,184,21:15 - 21:20,521,95,result
2026-09-10,185,21:20 - 21:25,611,31,result
2026-09-10,186,21:25 - 21:30,869,02,result
2026-09-10,187,21:30 - 21:35,896,40,result
2026-09-10,188,21:35 - 21:40,280,47,result
2026-09-10,189,21:40 - 21:45,945,01,result
2026-09-10,190,21:45 - 21:50,669,80,result
2026-09-10,191,21:50 - 21:55,904,23,result
2026-09-10,192,21:55 - 22:00,355,48,result
2026-09-10,193,22:00 - 22:05,356,53,result
2026-09-10,194,22:05 - 22:10,971,61,result
2026-09-10,195,22:10 - 22:15,349,21,result
2026-09-10,196,22:15 - 22:20,212,33,result
2026-09-10,197,22:20 - 22:25,236,55,result
2026-09-10,198,22:25 - 22:30,148,44,result
2026-09-10,199,22:30 - 22:35,362,49,result
2026-09-10,200,22:35 - 22:40,791,23,result
2026-09-10,201,22:40 - 22:45,386,71,result
2026-09-10,202,22:45 - 22:50,143,33,result
2026-09-10,203,22:50 - 22:55,227,57,result
2026-09-10,204,22:55 - 23:00,380,80,result
2026-09-10,205,23:00 - 23:05,566,13,result
2026-09-10,206,23:05 - 23:10,992,09,result
2026-09-10,207,23:10 - 23:15,591,14,result
2026-09-10,208,23:15 - 23:20,963,23,result
2026-09-10,209,23:20 - 23:25,901,81,result
2026-09-10,210,23:25 - 23:30,024,02,result
2026-09-10,211,23:30 - 23:35,741,85,result
2026-09-10,212,23:35 - 23:40,534,30,result
2026-09-10,213,23:40 - 23:45,979,04,result
2026-09-10,214,23:45 - 23:50,469,00,result
2026-09-10,215,23:50 - 23:55,418,13,result
2026-09-10,216,23:55 - 00:00,623,29,result
2026-09-10,217,00:00 - 00:05,752,40,result
2026-09-10,218,00:05 - 00:10,514,05,result
2026-09-10,219,00:10 - 00:15,225,74,result
2026-09-10,220,00:15 - 00:20,119,16,result
2026-09-10,221,00:20 - 00:25,193,36,result
2026-09-10,222,00:25 - 00:30,801,11,result
2026-09-10,223,00:30 - 00:35,536,28,result
2026-09-10,224,00:35 - 00:40,177,79,result
2026-09-10,225,00:40 - 00:45,708,83,result
2026-09-10,226,00:45 - 00:50,940,02,result
2026-09-10,227,00:50 - 00:55,906,70,result
2026-09-10,228,00:55 - 01:00,260,91,result
2026-09-10,229,01:00 - 01:05,641,15,result
2026-09-10,230,01:05 - 01:10,557,24,result
2026-09-10,231,01:10 - 01:15,147,13,result
2026-09-10,232,01:15 - 01:20,480,97,result
2026-09-10,233,01:20 - 01:25,327,30,result
2026-09-10,234,01:25 - 01:30,304,77,result
2026-09-10,235,01:30 - 01:35,827,42,result
2026-09-10,236,01:35 - 01:40,468,26,result
2026-09-10,237,01:40 - 01:45,924,93,result
2026-09-10,238,01:45 - 01:50,166,67,result
2026-09-10,239,01:50 - 01:55,128,19,result
2026-09-10,240,01:55 - 02:00,891,49,result
2026-09-10,241,02:00 - 02:05,616,18,result
2026-09-10,242,02:05 - 02:10,570,87,result
2026-09-10,243,02:10 - 02:15,831,63,result
2026-09-10,244,02:15 - 02:20,778,92,result
2026-09-10,245,02:20 - 02:25,875,79,result
2026-09-10,246,02:25 - 02:30,456,61,result
2026-09-10,247,02:30 - 02:35,152,68,result
2026-09-10,248,02:35 - 02:40,345,48,result
2026-09-10,249,02:40 - 02:45,110,21,result
2026-09-10,250,02:45 - 02:50,066,67,result
2026-09-10,251,02:50 - 02:55,234,75,result
2026-09-10,252,02:55 - 03:00,067,32,result
2026-09-10,253,03:00 - 03:05,715,07,result
2026-09-10,254,03:05 - 03:10,256,92,result
2026-09-10,255,03:10 - 03:15,178,34,result
2026-09-10,256,03:15 - 03:20,329,07,result
2026-09-10,257,03:20 - 03:25,073,36,result
2026-09-10,258,03:25 - 03:30,118,80,result
2026-09-10,259,03:30 - 03:35,069,07,result
2026-09-10,260,03:35 - 03:40,101,73,result
2026-09-10,261,03:40 - 03:45,788,16,result
2026-09-10,262,03:45 - 03:50,818,25,result
2026-09-10,263,03:50 - 03:55,052,29,result
2026-09-10,264,03:55 - 04:00,585,29,result
2026-09-10,265,04:00 - 04:05,227,96,result
2026-09-10,266,04:05 - 04:10,390,92,result
2026-09-10,267,04:10 - 04:15,664,29,result
2026-09-10,268,04:15 - 04:20,943,18,result
2026-09-10,269,04:20 - 04:25,508,03,result
2026-09-10,270,04:25 - 04:30,445,16,result
2026-09-10,271,04:30 - 04:35,701,73,result
2026-09-10,272,04:35 - 04:40,638,75,result
2026-09-10,273,04:40 - 04:45,475,47,result
2026-09-10,274,04:45 - 04:50,266,94,result
2026-09-10,275,04:50 - 04:55,003,38,result
2026-09-10,276,04:55 - 05:00,319,79,result
2026-09-10,277,05:00 - 05:05,110,94,result
2026-09-10,278,05:05 - 05:10,847,23,result
2026-09-10,279,05:10 - 05:15,945,54,result
2026-09-10,280,05:15 - 05:20,133,81,result
2026-09-10,281,05:20 - 05:25,931,50,result
2026-09-10,282,05:25 - 05:30,478,71,result
2026-09-10,283,05:30 - 05:35,571,03,result
2026-09-10,284,05:35 - 05:40,657,78,result
2026-09-10,285,05:40 - 05:45,849,65,result
2026-09-10,286,05:45 - 05:50,480,48,result
2026-09-10,287,05:50 - 05:55,455,11,result
2026-09-10,288,05:55 - 06:00,348,84,result
2026-09-11,1,06:00 - 06:05,014,22,result
2026-09-11,2,06:05 - 06:10,461,48,result
2026-09-11,3,06:10 - 06:15,431,96,result
2026-09-11,4,06:15 - 06:20,622,48,result
2026-09-11,5,06:20 - 06:25,470,40,result
2026-09-11,6,06:25 - 06:30,313,23,result
2026-09-11,7,06:30 - 06:35,305,95,result
2026-09-11,8,06:35 - 06:40,550,16,result
2026-09-11,9,06:40 - 06:45,647,26,result
2026-09-11,10,06:45 - 06:50,097,65,result
2026-09-11,11,06:50 - 06:55,386,17,result
2026-09-11,12,06:55 - 07:00,398,79,result
2026-09-11,13,07:00 - 07:05,089,07,result
2026-09-11,14,07:05 - 07:10,336,90,result
2026-09-11,15,07:10 - 07:15,339,58,result
2026-09-11,16,07:15 - 07:20,578,79,result
2026-09-11,17,07:20 - 07:25,823,33,result
2026-09-11,18,07:25 - 07:30,023,08,result
2026-09-11,19,07:30 - 07:35,174,32,result
2026-09-11,20,07:35 - 07:40,782,62,result
2026-09-11,21,07:40 - 07:45,118,08,result
2026-09-11,22,07:45 - 07:50,754,66,result
2026-09-11,23,07:50 - 07:55,105,90,result
2026-09-11,24,07:55 - 08:00,239,76,result
2026-09-11,25,08:00 - 08:05,818,46,result
2026-09-11,26,08:05 - 08:10,950,55,result
2026-09-11,27,08:10 - 08:15,240,21,result
2026-09-11,28,08:15 - 08:20,716,57,result
2026-09-11,29,08:20 - 08:25,206,21,result
2026-09-11,30,08:25 - 08:30,982,22,result
2026-09-11,31,08:30 - 08:35,018,32,result
2026-09-11,32,08:35 - 08:40,738,45,result
2026-09-11,33,08:40 - 08:45,652,52,result
2026-09-11,34,08:45 - 08:50,734,77,result
2026-09-11,35,08:50 - 08:55,641,15,result
2026-09-11,36,08:55 - 09:00,762,86,result
2026-09-11,37,09:00 - 09:05,921,09,result
2026-09-11,38,09:05 - 09:10,193,55,result
2026-09-11,39,09:10 - 09:15,071,53,result
2026-09-11,40,09:15 - 09:20,751,61,result
2026-09-11,41,09:20 - 09:25,772,07,result
2026-09-11,42,09:25 - 09:30,767,43,result
2026-09-11,43,09:30 - 09:35,858,06,result
2026-09-11,44,09:35 - 09:40,167,89,result
2026-09-11,45,09:40 - 09:45,668,67,result
2026-09-11,46,09:45 - 09:50,738,68,result
2026-09-11,47,09:50 - 09:55,956,51,result
2026-09-11,48,09:55 - 10:00,784,66,result
2026-09-11,49,10:00 - 10:05,895,75,result
2026-09-11,50,10:05 - 10:10,146,32,result
2026-09-11,51,10:10 - 10:15,958,94,result
2026-09-11,52,10:15 - 10:20,732,79,result
2026-09-11,53,10:20 - 10:25,348,90,result
2026-09-11,54,10:25 - 10:30,076,03,result
2026-09-11,55,10:30 - 10:35,232,08,result
2026-09-11,56,10:35 - 10:40,581,74,result
2026-09-11,57,10:40 - 10:45,834,16,result
2026-09-11,58,10:45 - 10:50,230,53,result
2026-09-11,59,10:50 - 10:55,023,48,result
2026-09-11,60,10:55 - 11:00,256,49,result
2026-09-11,61,11:00 - 11:05,511,47,result
2026-09-11,62,11:05 - 11:10,116,75,result
2026-09-11,63,11:10 - 11:15,679,79,result
2026-09-11,64,11:15 - 11:20,471,11,result
2026-09-11,65,11:20 - 11:25,673,46,result
2026-09-11,66,11:25 - 11:30,054,59,result
2026-09-11,67,11:30 - 11:35,564,99,result
2026-09-11,68,11:35 - 11:40,321,29,result
2026-09-11,69,11:40 - 11:45,308,37,result
2026-09-11,70,11:45 - 11:50,224,67,result
2026-09-11,71,11:50 - 11:55,168,18,result
2026-09-11,72,11:55 - 12:00,443,78,result
2026-09-11,73,12:00 - 12:05,116,35,result
2026-09-11,74,12:05 - 12:10,898,36,result
2026-09-11,75,12:10 - 12:15,031,64,result
2026-09-11,76,12:15 - 12:20,132,12,result
2026-09-11,77,12:20 - 12:25,692,65,result
2026-09-11,78,12:25 - 12:30,015,68,result
2026-09-11,79,12:30 - 12:35,011,56,result
2026-09-11,80,12:35 - 12:40,716,71,result
2026-09-11,81,12:40 - 12:45,875,03,result
2026-09-11,82,12:45 - 12:50,895,37,result
2026-09-11,83,12:50 - 12:55,104,90,result
2026-09-11,84,12:55 - 13:00,181,78,result
2026-09-11,85,13:00 - 13:05,270,34,result
2026-09-11,86,13:05 - 13:10,656,86,result
2026-09-11,87,13:10 - 13:15,978,38,result
2026-09-11,88,13:15 - 13:20,128,89,result
2026-09-11,89,13:20 - 13:25,774,74,result
2026-09-11,90,13:25 - 13:30,726,89,result
2026-09-11,91,13:30 - 13:35,633,21,result
2026-09-11,92,13:35 - 13:40,935,20,result
2026-09-11,93,13:40 - 13:45,625,57,result
2026-09-11,94,13:45 - 13:50,721,85,result
2026-09-11,95,13:50 - 13:55,088,81,result
2026-09-11,96,13:55 - 14:00,200,91,result
2026-09-11,97,14:00 - 14:05,415,01,result
2026-09-11,98,14:05 - 14:10,809,77,result
2026-09-11,99,14:10 - 14:15,553,88,result
2026-09-11,100,14:15 - 14:20,180,00,result
2026-09-11,101,14:20 - 14:25,207,71,result
2026-09-11,102,14:25 - 14:30,061,52,result
2026-09-11,103,14:30 - 14:35,371,84,result
2026-09-11,104,14:35 - 14:40,150,45,result
2026-09-11,105,14:40 - 14:45,136,62,result
2026-09-11,106,14:45 - 14:50,190,22,result
2026-09-11,107,14:50 - 14:55,723,40,result
2026-09-11,108,14:55 - 15:00,365,05,result
2026-09-11,109,15:00 - 15:05,303,65,result
2026-09-11,110,15:05 - 15:10,667,74,result
2026-09-11,111,15:10 - 15:15,761,10,result
2026-09-11,112,15:15 - 15:20,332,92,result
2026-09-11,113,15:20 - 15:25,998,46,result
2026-09-11,114,15:25 - 15:30,639,11,result
2026-09-11,115,15:30 - 15:35,508,52,result
2026-09-11,116,15:35 - 15:40,077,62,result
2026-09-11,117,15:40 - 15:45,888,25,result
2026-09-11,118,15:45 - 15:50,396,75,result
2026-09-11,119,15:50 - 15:55,736,04,result
2026-09-11,120,15:55 - 16:00,872,21,result
2026-09-11,121,16:00 - 16:05,535,50,result
2026-09-11,122,16:05 - 16:10,936,84,result
2026-09-11,123,16:10 - 16:15,428,54,result
2026-09-11,124,16:15 - 16:20,184,56,result
2026-09-11,125,16:20 - 16:25,003,45,result
2026-09-11,126,16:25 - 16:30,576,66,result
2026-09-11,127,16:30 - 16:35,322,33,result
2026-09-11,128,16:35 - 16:40,541,27,result
2026-09-11,129,16:40 - 16:45,273,01,result
2026-09-11,130,16:45 - 16:50,126,20,result
2026-09-11,131,16:50 - 16:55,802,26,result
2026-09-11,132,16:55 - 17:00,526,44,result
2026-09-11,133,17:00 - 17:05,003,99,result
2026-09-11,134,17:05 - 17:10,293,68,result
2026-09-11,135,17:10 - 17:15,099,00,result
2026-09-11,136,17:15 - 17:20,759,60,result
2026-09-11,137,17:20 - 17:25,876,78,result
2026-09-11,138,17:25 - 17:30,843,97,result
2026-09-11,139,17:30 - 17:35,333,46,result
2026-09-11,140,17:35 - 17:40,102,28,result
2026-09-11,141,17:40 - 17:45,741,01,result
2026-09-11,142,17:45 - 17:50,077,15,result
2026-09-11,143,17:50 - 17:55,830,55,result
2026-09-11,144,17:55 - 18:00,214,19,result
2026-09-11,145,18:00 - 18:05,808,48,result
2026-09-11,146,18:05 - 18:10,864,99,result
2026-09-11,147,18:10 - 18:15,560,11,result
2026-09-11,148,18:15 - 18:20,507,51,result
2026-09-11,149,18:20 - 18:25,452,44,result
2026-09-11,150,18:25 - 18:30,770,50,result
2026-09-11,151,18:30 - 18:35,739,73,result
2026-09-11,152,18:35 - 18:40,786,57,result
2026-09-11,153,18:40 - 18:45,299,23,result
2026-09-11,154,18:45 - 18:50,351,66,result
2026-09-11,155,18:50 - 18:55,159,79,result
2026-09-11,156,18:55 - 19:00,116,58,result
2026-09-11,157,19:00 - 19:05,902,93,result
2026-09-11,158,19:05 - 19:10,134,31,result
2026-09-11,159,19:10 - 19:15,971,82,result
2026-09-11,160,19:15 - 19:20,739,18,result
2026-09-11,161,19:20 - 19:25,267,22,result
2026-09-11,162,19:25 - 19:30,468,10,result
2026-09-11,163,19:30 - 19:35,227,70,result
2026-09-11,164,19:35 - 19:40,285,04,result
2026-09-11,165,19:40 - 19:45,612,84,result
2026-09-11,166,19:45 - 19:50,764,53,result
2026-09-11,167,19:50 - 19:55,288,97,result
2026-09-11,168,19:55 - 20:00,774,88,result
2026-09-11,169,20:00 - 20:05,371,59,result
2026-09-11,170,20:05 - 20:10,687,72,result
2026-09-11,171,20:10 - 20:15,914,77,result
2026-09-11,172,20:15 - 20:20,425,70,result
2026-09-11,173,20:20 - 20:25,137,02,result
2026-09-11,174,20:25 - 20:30,277,86,result
2026-09-11,175,20:30 - 20:35,751,25,result
2026-09-11,176,20:35 - 20:40,439,81,result
2026-09-11,177,20:40 - 20:45,494,43,result
2026-09-11,178,20:45 - 20:50,002,64,result
2026-09-11,179,20:50 - 20:55,313,28,result
2026-09-11,180,20:55 - 21:00,989,45,result
2026-09-11,181,21:00 - 21:05,384,91,result
2026-09-11,182,21:05 - 21:10,108,00,result
2026-09-11,183,21:10 - 21:15,012,17,result
2026-09-11,184,21:15 - 21:20,477,83,result
2026-09-11,185,21:20 - 21:25,916,54,result
2026-09-11,186,21:25 - 21:30,623,93,result
2026-09-11,187,21:30 - 21:35,899,79,result
2026-09-11,188,21:35 - 21:40,859,91,result
2026-09-11,189,21:40 - 21:45,126,95,result
2026-09-11,190,21:45 - 21:50,893,38,result
2026-09-11,191,21:50 - 21:55,536,88,result
2026-09-11,192,21:55 - 22:00,928,99,result
2026-09-11,193,22:00 - 22:05,325,27,result
2026-09-11,194,22:05 - 22:10,209,75,result
2026-09-11,195,22:10 - 22:15,155,94,result
2026-09-11,196,22:15 - 22:20,580,29,result
2026-09-11,197,22:20 - 22:25,214,74,result
2026-09-11,198,22:25 - 22:30,847,85,result
2026-09-11,199,22:30 - 22:35,581,87,result
2026-09-11,200,22:35 - 22:40,518,17,result
2026-09-11,201,22:40 - 22:45,898,35,result
2026-09-11,202,22:45 - 22:50,062,48,result
2026-09-11,203,22:50 - 22:55,808,39,result
2026-09-11,204,22:55 - 23:00,992,24,result
2026-09-11,205,23:00 - 23:05,822,99,result
2026-09-11,206,23:05 - 23:10,710,41,result
2026-09-11,207,23:10 - 23:15,046,67,result
2026-09-11,208,23:15 - 23:20,215,53,result
2026-09-11,209,23:20 - 23:25,235,26,result
2026-09-11,210,23:25 - 23:30,965,46,result
2026-09-11,211,23:30 - 23:35,517,71,result
2026-09-11,212,23:35 - 23:40,751,16,result
2026-09-11,213,23:40 - 23:45,678,03,result
2026-09-11,214,23:45 - 23:50,262,13,result
2026-09-11,215,23:50 - 23:55,416,00,result
2026-09-11,216,23:55 - 00:00,724,21,result
2026-09-11,217,00:00 - 00:05,011,48,result
2026-09-11,218,00:05 - 00:10,199,98,result
2026-09-11,219,00:10 - 00:15,806,51,result
2026-09-11,220,00:15 - 00:20,782,72,result
2026-09-11,221,00:20 - 00:25,981,48,result
2026-09-11,222,00:25 - 00:30,178,94,result
2026-09-11,223,00:30 - 00:35,332,72,result
2026-09-11,224,00:35 - 00:40,503,15,result
2026-09-11,225,00:40 - 00:45,275,18,result
2026-09-11,226,00:45 - 00:50,096,86,result
2026-09-11,227,00:50 - 00:55,899,97,result
2026-09-11,228,00:55 - 01:00,656,50,result
2026-09-11,229,01:00 - 01:05,358,51,result
2026-09-11,230,01:05 - 01:10,724,70,result
2026-09-11,231,01:10 - 01:15,392,91,result
2026-09-11,232,01:15 - 01:20,095,52,result
2026-09-11,233,01:20 - 01:25,634,87,result
2026-09-11,234,01:25 - 01:30,573,93,result
2026-09-11,235,01:30 - 01:35,535,16,result
2026-09-11,236,01:35 - 01:40,449,09,result
2026-09-11,237,01:40 - 01:45,126,62,result
2026-09-11,238,01:45 - 01:50,001,99,result
2026-09-11,239,01:50 - 01:55,034,28,result
2026-09-11,240,01:55 - 02:00,111,61,result
2026-09-11,241,02:00 - 02:05,441,29,result
2026-09-11,242,02:05 - 02:10,033,74,result
2026-09-11,243,02:10 - 02:15,114,82,result
2026-09-11,244,02:15 - 02:20,814,44,result
2026-09-11,245,02:20 - 02:25,113,70,result
2026-09-11,246,02:25 - 02:30,024,41,result
2026-09-11,247,02:30 - 02:35,273,46,result
2026-09-11,248,02:35 - 02:40,640,70,result
2026-09-11,249,02:40 - 02:45,906,95,result
2026-09-11,250,02:45 - 02:50,542,94,result
2026-09-11,251,02:50 - 02:55,120,96,result
2026-09-11,252,02:55 - 03:00,718,16,result
2026-09-11,253,03:00 - 03:05,883,54,result
2026-09-11,254,03:05 - 03:10,858,78,result
2026-09-11,255,03:10 - 03:15,902,28,result
2026-09-11,256,03:15 - 03:20,115,98,result
2026-09-11,257,03:20 - 03:25,024,62,result
2026-09-11,258,03:25 - 03:30,875,51,result
2026-09-11,259,03:30 - 03:35,192,50,result
2026-09-11,260,03:35 - 03:40,142,96,result
2026-09-11,261,03:40 - 03:45,312,88,result
2026-09-11,262,03:45 - 03:50,936,61,result
2026-09-11,263,03:50 - 03:55,327,77,result
2026-09-11,264,03:55 - 04:00,118,83,result
2026-09-11,265,04:00 - 04:05,798,20,result
2026-09-11,266,04:05 - 04:10,811,24,result
2026-09-11,267,04:10 - 04:15,137,50,result
2026-09-11,268,04:15 - 04:20,265,07,result
2026-09-11,269,04:20 - 04:25,029,66,result
2026-09-11,270,04:25 - 04:30,884,42,result
2026-09-11,271,04:30 - 04:35,404,07,result
2026-09-11,272,04:35 - 04:40,206,65,result
2026-09-11,273,04:40 - 04:45,008,48,result
2026-09-11,274,04:45 - 04:50,855,19,result
2026-09-11,275,04:50 - 04:55,883,04,result
2026-09-11,276,04:55 - 05:00,902,76,result
2026-09-11,277,05:00 - 05:05,527,21,result
2026-09-11,278,05:05 - 05:10,691,73,result
2026-09-11,279,05:10 - 05:15,868,80,result
2026-09-11,280,05:15 - 05:20,604,19,result
2026-09-11,281,05:20 - 05:25,416,73,result
2026-09-11,282,05:25 - 05:30,869,44,result
2026-09-11,283,05:30 - 05:35,079,71,result
2026-09-11,284,05:35 - 05:40,804,93,result
2026-09-11,285,05:40 - 05:45,923,98,result
2026-09-11,286,05:45 - 05:50,867,41,result
2026-09-11,287,05:50 - 05:55,788,73,result
2026-09-11,288,05:55 - 06:00,732,88,result
2026-09-12,1,06:00 - 06:05,435,30,result
2026-09-12,2,06:05 - 06:10,289,35,result
2026-09-12,3,06:10 - 06:15,615,44,result
2026-09-12,4,06:15 - 06:20,456,94,result
2026-09-12,5,06:20 - 06:25,505,42,result
2026-09-12,6,06:25 - 06:30,984,87,result
2026-09-12,7,06:30 - 06:35,649,86,result
2026-09-12,8,06:35 - 06:40,925,07,result
2026-09-12,9,06:40 - 06:45,161,91,result
2026-09-12,10,06:45 - 06:50,897,99,result
2026-09-12,11,06:50 - 06:55,781,02,result
2026-09-12,12,06:55 - 07:00,222,65,result
2026-09-12,13,07:00 - 07:05,359,52,result
2026-09-12,14,07:05 - 07:10,756,75,result
2026-09-12,15,07:10 - 07:15,538,57,result
2026-09-12,16,07:15 - 07:20,962,32,result
2026-09-12,17,07:20 - 07:25,646,38,result
2026-09-12,18,07:25 - 07:30,281,45,result
2026-09-12,19,07:30 - 07:35,139,78,result
2026-09-12,20,07:35 - 07:40,636,92,result
2026-09-12,21,07:40 - 07:45,100,57,result
2026-09-12,22,07:45 - 07:50,698,29,result
2026-09-12,23,07:50 - 07:55,604,21,result
2026-09-12,24,07:55 - 08:00,916,80,result
2026-09-12,25,08:00 - 08:05,230,28,result
2026-09-12,26,08:05 - 08:10,728,47,result
2026-09-12,27,08:10 - 08:15,596,27,result
2026-09-12,28,08:15 - 08:20,216,39,result
2026-09-12,29,08:20 - 08:25,153,45,result
2026-09-12,30,08:25 - 08:30,721,38,result
2026-09-12,31,08:30 - 08:35,856,92,result
2026-09-12,32,08:35 - 08:40,756,74,result
2026-09-12,33,08:40 - 08:45,589,36,result
2026-09-12,34,08:45 - 08:50,613,67,result
2026-09-12,35,08:50 - 08:55,693,66,result
2026-09-12,36,08:55 - 09:00,952,80,result
2026-09-12,37,09:00 - 09:05,912,85,result
2026-09-12,38,09:05 - 09:10,969,97,result
2026-09-12,39,09:10 - 09:15,380,45,result
2026-09-12,40,09:15 - 09:20,600,74,result
2026-09-12,41,09:20 - 09:25,385,82,result
2026-09-12,42,09:25 - 09:30,708,96,result
2026-09-12,43,09:30 - 09:35,258,09,result
2026-09-12,44,09:35 - 09:40,015,40,result
2026-09-12,45,09:40 - 09:45,052,49,result
2026-09-12,46,09:45 - 09:50,998,65,result
2026-09-12,47,09:50 - 09:55,206,80,result
2026-09-12,48,09:55 - 10:00,710,00,result
2026-09-12,49,10:00 - 10:05,973,28,result
2026-09-12,50,10:05 - 10:10,579,34,result
2026-09-12,51,10:10 - 10:15,545,55,result
2026-09-12,52,10:15 - 10:20,455,65,result
2026-09-12,53,10:20 - 10:25,728,04,result
2026-09-12,54,10:25 - 10:30,780,60,result
2026-09-12,55,10:30 - 10:35,105,21,result
2026-09-12,56,10:35 - 10:40,212,59,result
2026-09-12,57,10:40 - 10:45,441,76,result
2026-09-12,58,10:45 - 10:50,517,78,result
2026-09-12,59,10:50 - 10:55,715,90,result
2026-09-12,60,10:55 - 11:00,473,47,result
2026-09-12,61,11:00 - 11:05,602,21,result
2026-09-12,62,11:05 - 11:10,097,00,result
2026-09-12,63,11:10 - 11:15,640,88,result
2026-09-12,64,11:15 - 11:20,178,62,result
2026-09-12,65,11:20 - 11:25,787,62,result
2026-09-12,66,11:25 - 11:30,093,49,result
2026-09-12,67,11:30 - 11:35,226,27,result
2026-09-12,68,11:35 - 11:40,736,59,result
2026-09-12,69,11:40 - 11:45,655,16,result
2026-09-12,70,11:45 - 11:50,813,30,result
2026-09-12,71,11:50 - 11:55,463,55,result
2026-09-12,72,11:55 - 12:00,347,79,result
2026-09-12,73,12:00 - 12:05,626,75,result
2026-09-12,74,12:05 - 12:10,167,32,result
2026-09-12,75,12:10 - 12:15,528,70,result
2026-09-12,76,12:15 - 12:20,445,14,result
2026-09-12,77,12:20 - 12:25,178,59,result
2026-09-12,78,12:25 - 12:30,202,42,result
2026-09-12,79,12:30 - 12:35,377,13,result
2026-09-12,80,12:35 - 12:40,303,71,result
2026-09-12,81,12:40 - 12:45,004,96,result
2026-09-12,82,12:45 - 12:50,640,95,result
2026-09-12,83,12:50 - 12:55,214,90,result
2026-09-12,84,12:55 - 13:00,076,76,result
2026-09-12,85,13:00 - 13:05,603,98,result
2026-09-12,86,13:05 - 13:10,400,19,result
2026-09-12,87,13:10 - 13:15,153,59,result
2026-09-12,88,13:15 - 13:20,949,88,result
2026-09-12,89,13:20 - 13:25,642,11,result
2026-09-12,90,13:25 - 13:30,749,45,result
2026-09-12,91,13:30 - 13:35,128,95,result
2026-09-12,92,13:35 - 13:40,547,73,result
2026-09-12,93,13:40 - 13:45,368,49,result
2026-09-12,94,13:45 - 13:50,317,99,result
2026-09-12,95,13:50 - 13:55,444,37,result
2026-09-12,96,13:55 - 14:00,275,35,result
2026-09-12,97,14:00 - 14:05,038,70,result
2026-09-12,98,14:05 - 14:10,451,54,result
2026-09-12,99,14:10 - 14:15,652,09,result
2026-09-12,100,14:15 - 14:20,069,74,result
2026-09-12,101,14:20 - 14:25,946,86,result
2026-09-12,102,14:25 - 14:30,363,56,result
2026-09-12,103,14:30 - 14:35,998,31,result
2026-09-12,104,14:35 - 14:40,120,68,result
2026-09-12,105,14:40 - 14:45,093,38,result
2026-09-12,106,14:45 - 14:50,660,25,result
2026-09-12,107,14:50 - 14:55,455,86,result
2026-09-12,108,14:55 - 15:00,889,71,result
2026-09-12,109,15:00 - 15:05,408,44,result
2026-09-12,110,15:05 - 15:10,185,10,result
2026-09-12,111,15:10 - 15:15,495,21,result
2026-09-12,112,15:15 - 15:20,538,74,result
2026-09-12,113,15:20 - 15:25,999,75,result
2026-09-12,114,15:25 - 15:30,680,95,result
2026-09-12,115,15:30 - 15:35,043,34,result
2026-09-12,116,15:35 - 15:40,912,69,result
2026-09-12,117,15:40 - 15:45,394,92,result
2026-09-12,118,15:45 - 15:50,746,48,result
2026-09-12,119,15:50 - 15:55,738,88,result
2026-09-12,120,15:55 - 16:00,027,13,result
2026-09-12,121,16:00 - 16:05,283,76,result
2026-09-12,122,16:05 - 16:10,796,75,result
2026-09-12,123,16:10 - 16:15,826,16,result
2026-09-12,124,16:15 - 16:20,690,46,result
2026-09-12,125,16:20 - 16:25,306,92,result
2026-09-12,126,16:25 - 16:30,930,22,result
2026-09-12,127,16:30 - 16:35,013,03,result
2026-09-12,128,16:35 - 16:40,495,78,result
2026-09-12,129,16:40 - 16:45,135,74,result
2026-09-12,130,16:45 - 16:50,601,37,result
2026-09-12,131,16:50 - 16:55,407,64,result
2026-09-12,132,16:55 - 17:00,340,89,result
2026-09-12,133,17:00 - 17:05,387,82,result
2026-09-12,134,17:05 - 17:10,981,08,result
2026-09-12,135,17:10 - 17:15,875,36,result
2026-09-12,136,17:15 - 17:20,055,79,result
2026-09-12,137,17:20 - 17:25,097,88,result
2026-09-12,138,17:25 - 17:30,879,36,result
2026-09-12,139,17:30 - 17:35,948,07,result
2026-09-12,140,17:35 - 17:40,729,05,result
2026-09-12,141,17:40 - 17:45,394,37,result
2026-09-12,142,17:45 - 17:50,553,45,result
2026-09-12,143,17:50 - 17:55,400,24,result
2026-09-12,144,17:55 - 18:00,137,96,result
2026-09-12,145,18:00 - 18:05,026,12,result
2026-09-12,146,18:05 - 18:10,444,42,result
2026-09-12,147,18:10 - 18:15,598,39,result
2026-09-12,148,18:15 - 18:20,657,65,result
2026-09-12,149,18:20 - 18:25,743,72,result
2026-09-12,150,18:25 - 18:30,800,86,result
2026-09-12,151,18:30 - 18:35,164,96,result
2026-09-12,152,18:35 - 18:40,057,55,result
2026-09-12,153,18:40 - 18:45,600,18,result
2026-09-12,154,18:45 - 18:50,598,86,result
2026-09-12,155,18:50 - 18:55,055,24,result
2026-09-12,156,18:55 - 19:00,695,80,result
2026-09-12,157,19:00 - 19:05,292,25,result
2026-09-12,158,19:05 - 19:10,772,30,result
2026-09-12,159,19:10 - 19:15,104,41,result
2026-09-12,160,19:15 - 19:20,317,14,result
2026-09-12,161,19:20 - 19:25,873,07,result
2026-09-12,162,19:25 - 19:30,282,46,result
2026-09-12,163,19:30 - 19:35,178,77,result
2026-09-12,164,19:35 - 19:40,810,82,result
2026-09-12,165,19:40 - 19:45,015,01,result
2026-09-12,166,19:45 - 19:50,951,42,result
2026-09-12,167,19:50 - 19:55,804,19,result
2026-09-12,168,19:55 - 20:00,272,76,result
2026-09-12,169,20:00 - 20:05,490,38,result
2026-09-12,170,20:05 - 20:10,310,68,result
2026-09-12,171,20:10 - 20:15,778,95,result
2026-09-12,172,20:15 - 20:20,464,76,result
2026-09-12,173,20:20 - 20:25,522,79,result
2026-09-12,174,20:25 - 20:30,833,01,result
2026-09-12,175,20:30 - 20:35,367,82,result
2026-09-12,176,20:35 - 20:40,972,58,result
2026-09-12,177,20:40 - 20:45,062,01,result
2026-09-12,178,20:45 - 20:50,310,17,result
2026-09-12,179,20:50 - 20:55,621,41,result
2026-09-12,180,20:55 - 21:00,230,31,result
2026-09-12,181,21:00 - 21:05,043,37,result
2026-09-12,182,21:05 - 21:10,541,40,result
2026-09-12,183,21:10 - 21:15,570,11,result
2026-09-12,184,21:15 - 21:20,799,50,result
2026-09-12,185,21:20 - 21:25,413,03,result
2026-09-12,186,21:25 - 21:30,596,53,result
2026-09-12,187,21:30 - 21:35,496,47,result
2026-09-12,188,21:35 - 21:40,189,98,result
2026-09-12,189,21:40 - 21:45,738,04,result
2026-09-12,190,21:45 - 21:50,625,42,result
2026-09-12,191,21:50 - 21:55,590,20,result
2026-09-12,192,21:55 - 22:00,151,05,result
2026-09-12,193,22:00 - 22:05,109,49,result
2026-09-12,194,22:05 - 22:10,810,02,result
2026-09-12,195,22:10 - 22:15,175,57,result
2026-09-12,196,22:15 - 22:20,636,60,result
2026-09-12,197,22:20 - 22:25,470,36,result
2026-09-12,198,22:25 - 22:30,006,33,result
2026-09-12,199,22:30 - 22:35,469,38,result
2026-09-12,200,22:35 - 22:40,641,54,result
2026-09-12,201,22:40 - 22:45,652,09,result
2026-09-12,202,22:45 - 22:50,511,05,result
2026-09-12,203,22:50 - 22:55,295,48,result
2026-09-12,204,22:55 - 23:00,745,11,result
2026-09-12,205,23:00 - 23:05,589,43,result
2026-09-12,206,23:05 - 23:10,409,62,result
2026-09-12,207,23:10 - 23:15,253,66,result
2026-09-12,208,23:15 - 23:20,065,38,result
2026-09-12,209,23:20 - 23:25,899,63,result
2026-09-12,210,23:25 - 23:30,390,39,result
2026-09-12,211,23:30 - 23:35,331,03,result
2026-09-12,212,23:35 - 23:40,251,21,result
2026-09-12,213,23:40 - 23:45,066,84,result
2026-09-12,214,23:45 - 23:50,694,82,result
2026-09-12,215,23:50 - 23:55,113,52,result
2026-09-12,216,23:55 - 00:00,994,49,result
2026-09-12,217,00:00 - 00:05,154,70,result
2026-09-12,218,00:05 - 00:10,873,76,result
2026-09-12,219,00:10 - 00:15,247,31,result
2026-09-12,220,00:15 - 00:20,211,93,result
2026-09-12,221,00:20 - 00:25,002,17,result
2026-09-12,222,00:25 - 00:30,209,02,result
2026-09-12,223,00:30 - 00:35,074,33,result
2026-09-12,224,00:35 - 00:40,341,37,result
2026-09-12,225,00:40 - 00:45,777,16,result
2026-09-12,226,00:45 - 00:50,155,52,result
2026-09-12,227,00:50 - 00:55,058,75,result
2026-09-12,228,00:55 - 01:00,042,76,result
2026-09-12,229,01:00 - 01:05,837,97,result
2026-09-12,230,01:05 - 01:10,687,13,result
2026-09-12,231,01:10 - 01:15,185,37,result
2026-09-12,232,01:15 - 01:20,811,24,result
2026-09-12,233,01:20 - 01:25,679,43,result
2026-09-12,234,01:25 - 01:30,631,22,result
2026-09-12,235,01:30 - 01:35,572,45,result
2026-09-12,236,01:35 - 01:40,049,19,result
2026-09-12,237,01:40 - 01:45,506,72,result
2026-09-12,238,01:45 - 01:50,685,06,result
2026-09-12,239,01:50 - 01:55,292,55,result
2026-09-12,240,01:55 - 02:00,075,56,result
2026-09-12,241,02:00 - 02:05,232,95,result
2026-09-12,242,02:05 - 02:10,459,48,result
2026-09-12,243,02:10 - 02:15,341,68,result
2026-09-12,244,02:15 - 02:20,870,79,result
2026-09-12,245,02:20 - 02:25,213,06,result
2026-09-12,246,02:25 - 02:30,546,99,result
2026-09-12,247,02:30 - 02:35,420,00,result
2026-09-12,248,02:35 - 02:40,007,54,result
2026-09-12,249,02:40 - 02:45,978,18,result
2026-09-12,250,02:45 - 02:50,452,10,result
2026-09-12,251,02:50 - 02:55,600,46,result
2026-09-12,252,02:55 - 03:00,711,47,result
2026-09-12,253,03:00 - 03:05,776,77,result
2026-09-12,254,03:05 - 03:10,113,12,result
2026-09-12,255,03:10 - 03:15,841,88,result
2026-09-12,256,03:15 - 03:20,563,23,result
2026-09-12,257,03:20 - 03:25,667,73,result
2026-09-12,258,03:25 - 03:30,637,57,result
2026-09-12,259,03:30 - 03:35,453,56,result
2026-09-12,260,03:35 - 03:40,917,18,result
2026-09-12,261,03:40 - 03:45,164,32,result
2026-09-12,262,03:45 - 03:50,336,03,result
2026-09-12,263,03:50 - 03:55,852,21,result
2026-09-12,264,03:55 - 04:00,724,27,result
2026-09-12,265,04:00 - 04:05,089,22,result
2026-09-12,266,04:05 - 04:10,873,02,result
2026-09-12,267,04:10 - 04:15,849,18,result
2026-09-12,268,04:15 - 04:20,712,83,result
2026-09-12,269,04:20 - 04:25,584,86,result
2026-09-12,270,04:25 - 04:30,285,51,result
2026-09-12,271,04:30 - 04:35,460,40,result
2026-09-12,272,04:35 - 04:40,053,63,result
2026-09-12,273,04:40 - 04:45,097,94,result
2026-09-12,274,04:45 - 04:50,692,32,result
2026-09-12,275,04:50 - 04:55,915,51,result
2026-09-12,276,04:55 - 05:00,218,95,result
2026-09-12,277,05:00 - 05:05,396,80,result
2026-09-12,278,05:05 - 05:10,392,46,result
2026-09-12,279,05:10 - 05:15,250,93,result
2026-09-12,280,05:15 - 05:20,007,16,result
2026-09-12,281,05:20 - 05:25,961,47,result
2026-09-12,282,05:25 - 05:30,206,20,result
2026-09-12,283,05:30 - 05:35,299,42,result
2026-09-12,284,05:35 - 05:40,479,06,result
2026-09-12,285,05:40 - 05:45,917,79,result
2026-09-12,286,05:45 - 05:50,132,74,result
2026-09-12,287,05:50 - 05:55,041,94,result
2026-09-12,288,05:55 - 06:00,817,49,result
2026-09-13,1,06:00 - 06:05,329,75,result
2026-09-13,2,06:05 - 06:10,198,36,result
2026-09-13,3,06:10 - 06:15,570,36,result
2026-09-13,4,06:15 - 06:20,575,78,result
2026-09-13,5,06:20 - 06:25,049,76,result
2026-09-13,6,06:25 - 06:30,426,16,result
2026-09-13,7,06:30 - 06:35,609,40,result
2026-09-13,8,06:35 - 06:40,186,14,result
2026-09-13,9,06:40 - 06:45,883,43,result
2026-09-13,10,06:45 - 06:50,732,52,result
2026-09-13,11,06:50 - 06:55,265,53,result
2026-09-13,12,06:55 - 07:00,217,44,result
2026-09-13,13,07:00 - 07:05,288,47,result
2026-09-13,14,07:05 - 07:10,126,84,result
2026-09-13,15,07:10 - 07:15,904,04,result
2026-09-13,16,07:15 - 07:20,477,05,result
2026-09-13,17,07:20 - 07:25,106,02,result
2026-09-13,18,07:25 - 07:30,122,61,result
2026-09-13,19,07:30 - 07:35,071,26,result
2026-09-13,20,07:35 - 07:40,669,46,result
2026-09-13,21,07:40 - 07:45,606,97,result
2026-09-13,22,07:45 - 07:50,730,13,result
2026-09-13,23,07:50 - 07:55,184,12,result
2026-09-13,24,07:55 - 08:00,990,78,result
2026-09-13,25,08:00 - 08:05,694,66,result
2026-09-13,26,08:05 - 08:10,363,87,result
2026-09-13,27,08:10 - 08:15,699,72,result
2026-09-13,28,08:15 - 08:20,388,40,result
2026-09-13,29,08:20 - 08:25,506,91,result
2026-09-13,30,08:25 - 08:30,950,36,result
2026-09-13,31,08:30 - 08:35,200,32,result
2026-09-13,32,08:35 - 08:40,167,77,result
2026-09-13,33,08:40 - 08:45,789,37,result
2026-09-13,34,08:45 - 08:50,812,94,result
2026-09-13,35,08:50 - 08:55,624,67,result
2026-09-13,36,08:55 - 09:00,499,06,result
2026-09-13,37,09:00 - 09:05,257,60,result
2026-09-13,38,09:05 - 09:10,540,16,result
2026-09-13,39,09:10 - 09:15,465,28,result
2026-09-13,40,09:15 - 09:20,770,07,result
2026-09-13,41,09:20 - 09:25,324,13,result
2026-09-13,42,09:25 - 09:30,302,61,result
2026-09-13,43,09:30 - 09:35,649,19,result
2026-09-13,44,09:35 - 09:40,825,75,result
2026-09-13,45,09:40 - 09:45,244,71,result
2026-09-13,46,09:45 - 09:50,969,34,result
2026-09-13,47,09:50 - 09:55,038,21,result
2026-09-13,48,09:55 - 10:00,698,61,result
2026-09-13,49,10:00 - 10:05,126,47,result
2026-09-13,50,10:05 - 10:10,758,50,result
2026-09-13,51,10:10 - 10:15,513,13,result
2026-09-13,52,10:15 - 10:20,333,46,result
2026-09-13,53,10:20 - 10:25,384,80,result
2026-09-13,54,10:25 - 10:30,202,10,result
2026-09-13,55,10:30 - 10:35,138,60,result
2026-09-13,56,10:35 - 10:40,243,68,result
2026-09-13,57,10:40 - 10:45,030,01,result
2026-09-13,58,10:45 - 10:50,978,70,result
2026-09-13,59,10:50 - 10:55,845,53,result
2026-09-13,60,10:55 - 11:00,652,57,result
2026-09-13,61,11:00 - 11:05,926,85,result
2026-09-13,62,11:05 - 11:10,106,06,result
2026-09-13,63,11:10 - 11:15,581,61,result
2026-09-13,64,11:15 - 11:20,943,29,result
2026-09-13,65,11:20 - 11:25,970,52,result
2026-09-13,66,11:25 - 11:30,720,46,result
2026-09-13,67,11:30 - 11:35,063,53,result
2026-09-13,68,11:35 - 11:40,160,66,result
2026-09-13,69,11:40 - 11:45,281,29,result
2026-09-13,70,11:45 - 11:50,417,62,result
2026-09-13,71,11:50 - 11:55,443,07,result
2026-09-13,72,11:55 - 12:00,765,48,result
2026-09-13,73,12:00 - 12:05,452,72,result
2026-09-13,74,12:05 - 12:10,519,90,result
2026-09-13,75,12:10 - 12:15,377,25,result
2026-09-13,76,12:15 - 12:20,060,37,result
2026-09-13,77,12:20 - 12:25,790,98,result
2026-09-13,78,12:25 - 12:30,963,32,result
2026-09-13,79,12:30 - 12:35,917,00,result
2026-09-13,80,12:35 - 12:40,664,95,result
2026-09-13,81,12:40 - 12:45,629,25,result
2026-09-13,82,12:45 - 12:50,400,66,result
2026-09-13,83,12:50 - 12:55,688,38,result
2026-09-13,84,12:55 - 13:00,232,55,result
2026-09-13,85,13:00 - 13:05,473,87,result
2026-09-13,86,13:05 - 13:10,846,81,result
2026-09-13,87,13:10 - 13:15,043,10,result
2026-09-13,88,13:15 - 13:20,073,16,result
2026-09-13,89,13:20 - 13:25,751,84,result
2026-09-13,90,13:25 - 13:30,448,22,result
2026-09-13,91,13:30 - 13:35,376,75,result
2026-09-13,92,13:35 - 13:40,747,04,result
2026-09-13,93,13:40 - 13:45,516,40,result
2026-09-13,94,13:45 - 13:50,726,39,result
2026-09-13,95,13:50 - 13:55,039,34,result
2026-09-13,96,13:55 - 14:00,342,63,result
2026-09-13,97,14:00 - 14:05,132,43,result
2026-09-13,98,14:05 - 14:10,599,66,result
2026-09-13,99,14:10 - 14:15,817,61,result
2026-09-13,100,14:15 - 14:20,376,15,result
2026-09-13,101,14:20 - 14:25,814,76,result
2026-09-13,102,14:25 - 14:30,145,40,result
2026-09-13,103,14:30 - 14:35,237,00,result
2026-09-13,104,14:35 - 14:40,823,65,result
2026-09-13,105,14:40 - 14:45,380,45,result
2026-09-13,106,14:45 - 14:50,235,17,result
2026-09-13,107,14:50 - 14:55,473,56,result
2026-09-13,108,14:55 - 15:00,395,45,result
2026-09-13,109,15:00 - 15:05,675,42,result
2026-09-13,110,15:05 - 15:10,709,86,result
2026-09-13,111,15:10 - 15:15,515,78,result
2026-09-13,112,15:15 - 15:20,581,30,result
2026-09-13,113,15:20 - 15:25,436,64,result
2026-09-13,114,15:25 - 15:30,526,04,result
2026-09-13,115,15:30 - 15:35,963,10,result
2026-09-13,116,15:35 - 15:40,968,86,result
2026-09-13,117,15:40 - 15:45,414,57,result
2026-09-13,118,15:45 - 15:50,766,81,result
2026-09-13,119,15:50 - 15:55,593,74,result
2026-09-13,120,15:55 - 16:00,141,81,result
2026-09-13,121,16:00 - 16:05,340,57,result
2026-09-13,122,16:05 - 16:10,171,25,result
2026-09-13,123,16:10 - 16:15,065,71,result
2026-09-13,124,16:15 - 16:20,243,75,result
2026-09-13,125,16:20 - 16:25,182,41,result
2026-09-13,126,16:25 - 16:30,712,36,result
2026-09-13,127,16:30 - 16:35,657,13,result
2026-09-13,128,16:35 - 16:40,777,19,result
2026-09-13,129,16:40 - 16:45,408,16,result
2026-09-13,130,16:45 - 16:50,065,61,result
2026-09-13,131,16:50 - 16:55,150,13,result
2026-09-13,132,16:55 - 17:00,816,84,result
2026-09-13,133,17:00 - 17:05,412,73,result
2026-09-13,134,17:05 - 17:10,356,59,result
2026-09-13,135,17:10 - 17:15,777,74,result
2026-09-13,136,17:15 - 17:20,451,16,result
2026-09-13,137,17:20 - 17:25,697,70,result
2026-09-13,138,17:25 - 17:30,835,57,result
2026-09-13,139,17:30 - 17:35,043,27,result
2026-09-13,140,17:35 - 17:40,506,22,result
2026-09-13,141,17:40 - 17:45,186,31,result
2026-09-13,142,17:45 - 17:50,105,42,result
2026-09-13,143,17:50 - 17:55,329,82,result
2026-09-13,144,17:55 - 18:00,815,24,result
2026-09-13,145,18:00 - 18:05,004,63,result
2026-09-13,146,18:05 - 18:10,083,94,result
2026-09-13,147,18:10 - 18:15,455,75,result
2026-09-13,148,18:15 - 18:20,315,71,result
2026-09-13,149,18:20 - 18:25,507,12,result
2026-09-13,150,18:25 - 18:30,232,27,result
2026-09-13,151,18:30 - 18:35,835,39,result
2026-09-13,152,18:35 - 18:40,486,38,result
2026-09-13,153,18:40 - 18:45,534,15,result
2026-09-13,154,18:45 - 18:50,100,31,result
2026-09-13,155,18:50 - 18:55,531,18,result
2026-09-13,156,18:55 - 19:00,724,87,result
2026-09-13,157,19:00 - 19:05,945,34,result
2026-09-13,158,19:05 - 19:10,528,30,result
2026-09-13,159,19:10 - 19:15,419,31,result
2026-09-13,160,19:15 - 19:20,101,28,result
2026-09-13,161,19:20 - 19:25,874,30,result
2026-09-13,162,19:25 - 19:30,164,69,result
2026-09-13,163,19:30 - 19:35,235,57,result
2026-09-13,164,19:35 - 19:40,229,93,result
2026-09-13,165,19:40 - 19:45,807,42,result
2026-09-13,166,19:45 - 19:50,118,31,result
2026-09-13,167,19:50 - 19:55,819,72,result
2026-09-13,168,19:55 - 20:00,705,19,result
2026-09-13,169,20:00 - 20:05,593,81,result
2026-09-13,170,20:05 - 20:10,791,01,result
2026-09-13,171,20:10 - 20:15,312,31,result
2026-09-13,172,20:15 - 20:20,672,10,result
2026-09-13,173,20:20 - 20:25,138,00,result
2026-09-13,174,20:25 - 20:30,249,64,result
2026-09-13,175,20:30 - 20:35,432,38,result
2026-09-13,176,20:35 - 20:40,773,32,result
2026-09-13,177,20:40 - 20:45,718,63,result
2026-09-13,178,20:45 - 20:50,264,54,result
2026-09-13,179,20:50 - 20:55,808,14,result
2026-09-13,180,20:55 - 21:00,939,25,result
2026-09-13,181,21:00 - 21:05,684,50,result
2026-09-13,182,21:05 - 21:10,112,14,result
2026-09-13,183,21:10 - 21:15,061,50,result
2026-09-13,184,21:15 - 21:20,649,17,result
2026-09-13,185,21:20 - 21:25,807,99,result
2026-09-13,186,21:25 - 21:30,864,66,result
2026-09-13,187,21:30 - 21:35,931,61,result
2026-09-13,188,21:35 - 21:40,521,43,result
2026-09-13,189,21:40 - 21:45,009,03,result
2026-09-13,190,21:45 - 21:50,648,95,result
2026-09-13,191,21:50 - 21:55,810,51,result
2026-09-13,192,21:55 - 22:00,981,70,result
2026-09-13,193,22:00 - 22:05,102,62,result
2026-09-13,194,22:05 - 22:10,452,30,result
2026-09-13,195,22:10 - 22:15,538,12,result
2026-09-13,196,22:15 - 22:20,846,74,result
2026-09-13,197,22:20 - 22:25,326,24,result
2026-09-13,198,22:25 - 22:30,261,24,result
2026-09-13,199,22:30 - 22:35,995,78,result
2026-09-13,200,22:35 - 22:40,929,35,result
2026-09-13,201,22:40 - 22:45,947,42,result
2026-09-13,202,22:45 - 22:50,758,73,result
2026-09-13,203,22:50 - 22:55,576,37,result
2026-09-13,204,22:55 - 23:00,712,99,result
2026-09-13,205,23:00 - 23:05,999,31,result
2026-09-13,206,23:05 - 23:10,047,09,result
2026-09-13,207,23:10 - 23:15,378,55,result
2026-09-13,208,23:15 - 23:20,769,69,result
2026-09-13,209,23:20 - 23:25,398,26,result
2026-09-13,210,23:25 - 23:30,753,03,result
2026-09-13,211,23:30 - 23:35,102,26,result
2026-09-13,212,23:35 - 23:40,104,87,result
2026-09-13,213,23:40 - 23:45,703,50,result
2026-09-13,214,23:45 - 23:50,557,52,result
2026-09-13,215,23:50 - 23:55,243,15,result
2026-09-13,216,23:55 - 00:00,011,48,result
2026-09-13,217,00:00 - 00:05,361,25,result
2026-09-13,218,00:05 - 00:10,004,24,result
2026-09-13,219,00:10 - 00:15,202,52,result
2026-09-13,220,00:15 - 00:20,549,72,result
2026-09-13,221,00:20 - 00:25,381,02,result
2026-09-13,222,00:25 - 00:30,392,41,result
2026-09-13,223,00:30 - 00:35,858,23,result
2026-09-13,224,00:35 - 00:40,584,48,result
2026-09-13,225,00:40 - 00:45,453,55,result
2026-09-13,226,00:45 - 00:50,549,74,result
2026-09-13,227,00:50 - 00:55,214,51,result
2026-09-13,228,00:55 - 01:00,685,33,result
2026-09-13,229,01:00 - 01:05,957,36,result
2026-09-13,230,01:05 - 01:10,485,99,result
2026-09-13,231,01:10 - 01:15,045,73,result
2026-09-13,232,01:15 - 01:20,379,17,result
2026-09-13,233,01:20 - 01:25,842,68,result
2026-09-13,234,01:25 - 01:30,986,76,result
2026-09-13,235,01:30 - 01:35,266,09,result
2026-09-13,236,01:35 - 01:40,753,26,result
2026-09-13,237,01:40 - 01:45,017,53,result
2026-09-13,238,01:45 - 01:50,555,07,result
2026-09-13,239,01:50 - 01:55,475,76,result
2026-09-13,240,01:55 - 02:00,780,38,result
2026-09-13,241,02:00 - 02:05,945,55,result
2026-09-13,242,02:05 - 02:10,488,86,result
2026-09-13,243,02:10 - 02:15,432,16,result
2026-09-13,244,02:15 - 02:20,642,84,result
2026-09-13,245,02:20 - 02:25,681,63,result
2026-09-13,246,02:25 - 02:30,010,62,result
2026-09-13,247,02:30 - 02:35,110,60,result
2026-09-13,248,02:35 - 02:40,004,47,result
2026-09-13,249,02:40 - 02:45,697,95,result
2026-09-13,250,02:45 - 02:50,293,10,result
2026-09-13,251,02:50 - 02:55,528,57,result
2026-09-13,252,02:55 - 03:00,389,80,result
2026-09-13,253,03:00 - 03:05,745,86,result
2026-09-13,254,03:05 - 03:10,787,76,result
2026-09-13,255,03:10 - 03:15,410,00,result
2026-09-13,256,03:15 - 03:20,023,86,result
2026-09-13,257,03:20 - 03:25,167,16,result
2026-09-13,258,03:25 - 03:30,159,48,result
2026-09-13,259,03:30 - 03:35,123,04,result
2026-09-13,260,03:35 - 03:40,749,75,result
2026-09-13,261,03:40 - 03:45,191,15,result
2026-09-13,262,03:45 - 03:50,461,86,result
2026-09-13,263,03:50 - 03:55,033,54,result
2026-09-13,264,03:55 - 04:00,151,92,result
2026-09-13,265,04:00 - 04:05,670,81,result
2026-09-13,266,04:05 - 04:10,694,55,result
2026-09-13,267,04:10 - 04:15,658,99,result
2026-09-13,268,04:15 - 04:20,469,81,result
2026-09-13,269,04:20 - 04:25,740,85,result
2026-09-13,270,04:25 - 04:30,294,32,result
2026-09-13,271,04:30 - 04:35,028,29,result
2026-09-13,272,04:35 - 04:40,419,14,result
2026-09-13,273,04:40 - 04:45,168,51,result
2026-09-13,274,04:45 - 04:50,950,05,result
2026-09-13,275,04:50 - 04:55,267,19,result
2026-09-13,276,04:55 - 05:00,600,49,result
2026-09-13,277,05:00 - 05:05,987,05,result
2026-09-13,278,05:05 - 05:10,624,14,result
2026-09-13,279,05:10 - 05:15,818,44,result
2026-09-13,280,05:15 - 05:20,681,66,result
2026-09-13,281,05:20 - 05:25,740,86,result
2026-09-13,282,05:25 - 05:30,090,61,result
2026-09-13,283,05:30 - 05:35,701,18,result
2026-09-13,284,05:35 - 05:40,549,90,result
2026-09-13,285,05:40 - 05:45,405,29,result
2026-09-13,286,05:45 - 05:50,470,66,result
2026-09-13,287,05:50 - 05:55,737,44,result
2026-09-13,288,05:55 - 06:00,025,06,result
2026-09-14,1,06:00 - 06:05,580,86,result
2026-09-14,2,06:05 - 06:10,207,66,result
2026-09-14,3,06:10 - 06:15,319,45,result
2026-09-14,4,06:15 - 06:20,758,80,result
2026-09-14,5,06:20 - 06:25,606,45,result
2026-09-14,6,06:25 - 06:30,752,65,result
2026-09-14,7,06:30 - 06:35,019,21,result
2026-09-14,8,06:35 - 06:40,912,48,result
2026-09-14,9,06:40 - 06:45,652,41,result
2026-09-14,10,06:45 - 06:50,473,13,result
2026-09-14,11,06:50 - 06:55,851,16,result
2026-09-14,12,06:55 - 07:00,594,92,result
2026-09-14,13,07:00 - 07:05,646,50,result
2026-09-14,14,07:05 - 07:10,478,02,result
2026-09-14,15,07:10 - 07:15,891,34,result
2026-09-14,16,07:15 - 07:20,739,29,result
2026-09-14,17,07:20 - 07:25,267,07,result
2026-09-14,18,07:25 - 07:30,991,87,result
2026-09-14,19,07:30 - 07:35,615,50,result
2026-09-14,20,07:35 - 07:40,458,20,result
2026-09-14,21,07:40 - 07:45,039,73,result
2026-09-14,22,07:45 - 07:50,685,02,result
2026-09-14,23,07:50 - 07:55,184,51,result
2026-09-14,24,07:55 - 08:00,638,66,result
2026-09-14,25,08:00 - 08:05,073,88,result
2026-09-14,26,08:05 - 08:10,973,82,result
2026-09-14,27,08:10 - 08:15,431,89,result
2026-09-14,28,08:15 - 08:20,461,98,result
2026-09-14,29,08:20 - 08:25,740,34,result
2026-09-14,30,08:25 - 08:30,954,58,result
2026-09-14,31,08:30 - 08:35,743,78,result
2026-09-14,32,08:35 - 08:40,217,48,result
2026-09-14,33,08:40 - 08:45,294,20,result
2026-09-14,34,08:45 - 08:50,277,80,result
2026-09-14,35,08:50 - 08:55,542,86,result
2026-09-14,36,08:55 - 09:00,678,37,result
2026-09-14,37,09:00 - 09:05,260,64,result
2026-09-14,38,09:05 - 09:10,922,74,result
2026-09-14,39,09:10 - 09:15,571,57,result
2026-09-14,40,09:15 - 09:20,635,96,result
2026-09-14,41,09:20 - 09:25,961,85,result
2026-09-14,42,09:25 - 09:30,701,82,result
2026-09-14,43,09:30 - 09:35,492,46,result
2026-09-14,44,09:35 - 09:40,173,67,result
2026-09-14,45,09:40 - 09:45,082,03,result
2026-09-14,46,09:45 - 09:50,704,97,result
2026-09-14,47,09:50 - 09:55,974,10,result
2026-09-14,48,09:55 - 10:00,503,92,result
2026-09-14,49,10:00 - 10:05,150,89,result
2026-09-14,50,10:05 - 10:10,510,14,result
2026-09-14,51,10:10 - 10:15,018,25,result
2026-09-14,52,10:15 - 10:20,071,03,result
2026-09-14,53,10:20 - 10:25,946,32,result
2026-09-14,54,10:25 - 10:30,048,51,result
2026-09-14,55,10:30 - 10:35,217,72,result
2026-09-14,56,10:35 - 10:40,063,49,result
2026-09-14,57,10:40 - 10:45,103,86,result
2026-09-14,58,10:45 - 10:50,291,46,result
2026-09-14,59,10:50 - 10:55,680,36,result
2026-09-14,60,10:55 - 11:00,325,71,result
2026-09-14,61,11:00 - 11:05,326,49,result
2026-09-14,62,11:05 - 11:10,097,99,result
2026-09-14,63,11:10 - 11:15,671,48,result
2026-09-14,64,11:15 - 11:20,072,28,result
2026-09-14,65,11:20 - 11:25,481,06,result
2026-09-14,66,11:25 - 11:30,907,84,result
2026-09-14,67,11:30 - 11:35,957,33,result
2026-09-14,68,11:35 - 11:40,227,36,result
2026-09-14,69,11:40 - 11:45,644,12,result
2026-09-14,70,11:45 - 11:50,672,05,result
2026-09-14,71,11:50 - 11:55,938,91,result
2026-09-14,72,11:55 - 12:00,378,06,result
2026-09-14,73,12:00 - 12:05,073,45,result
2026-09-14,74,12:05 - 12:10,506,53,result
2026-09-14,75,12:10 - 12:15,519,66,result
2026-09-14,76,12:15 - 12:20,914,85,result
2026-09-14,77,12:20 - 12:25,757,06,result
2026-09-14,78,12:25 - 12:30,179,19,result
2026-09-14,79,12:30 - 12:35,107,30,result
2026-09-14,80,12:35 - 12:40,456,21,result
2026-09-14,81,12:40 - 12:45,057,61,result
2026-09-14,82,12:45 - 12:50,734,77,result
2026-09-14,83,12:50 - 12:55,807,07,result
2026-09-14,84,12:55 - 13:00,351,67,result
2026-09-14,85,13:00 - 13:05,420,92,result
2026-09-14,86,13:05 - 13:10,105,89,result
2026-09-14,87,13:10 - 13:15,909,76,result
2026-09-14,88,13:15 - 13:20,624,87,result
2026-09-14,89,13:20 - 13:25,588,34,result
2026-09-14,90,13:25 - 13:30,795,77,result
2026-09-14,91,13:30 - 13:35,701,73,result
2026-09-14,92,13:35 - 13:40,810,82,result
2026-09-14,93,13:40 - 13:45,893,19,result
2026-09-14,94,13:45 - 13:50,808,82,result
2026-09-14,95,13:50 - 13:55,593,21,result
2026-09-14,96,13:55 - 14:00,459,94,result
2026-09-14,97,14:00 - 14:05,468,87,result
2026-09-14,98,14:05 - 14:10,741,52,result
2026-09-14,99,14:10 - 14:15,448,88,result
2026-09-14,100,14:15 - 14:20,519,98,result
2026-09-14,101,14:20 - 14:25,617,55,result
2026-09-14,102,14:25 - 14:30,600,81,result
2026-09-14,103,14:30 - 14:35,632,04,result
2026-09-14,104,14:35 - 14:40,515,54,result
2026-09-14,105,14:40 - 14:45,560,05,result
2026-09-14,106,14:45 - 14:50,855,14,result
2026-09-14,107,14:50 - 14:55,882,81,result
2026-09-14,108,14:55 - 15:00,585,06,result
2026-09-14,109,15:00 - 15:05,616,65,result
2026-09-14,110,15:05 - 15:10,471,78,result
2026-09-14,111,15:10 - 15:15,996,44,result
2026-09-14,112,15:15 - 15:20,174,99,result
2026-09-14,113,15:20 - 15:25,235,23,result
2026-09-14,114,15:25 - 15:30,826,88,result
2026-09-14,115,15:30 - 15:35,585,97,result
2026-09-14,116,15:35 - 15:40,960,03,result
2026-09-14,117,15:40 - 15:45,236,43,result
2026-09-14,118,15:45 - 15:50,785,83,result
2026-09-14,119,15:50 - 15:55,223,41,result
2026-09-14,120,15:55 - 16:00,947,17,result
2026-09-14,121,16:00 - 16:05,379,26,result
2026-09-14,122,16:05 - 16:10,370,19,result
2026-09-14,123,16:10 - 16:15,228,24,result
2026-09-14,124,16:15 - 16:20,248,22,result
2026-09-14,125,16:20 - 16:25,501,85,result
2026-09-14,126,16:25 - 16:30,444,76,result
2026-09-14,127,16:30 - 16:35,760,96,result
2026-09-14,128,16:35 - 16:40,716,73,result
2026-09-14,129,16:40 - 16:45,176,17,result
2026-09-14,130,16:45 - 16:50,843,79,result
2026-09-14,131,16:50 - 16:55,376,02,result
2026-09-14,132,16:55 - 17:00,619,78,result
2026-09-14,133,17:00 - 17:05,188,32,result
2026-09-14,134,17:05 - 17:10,844,75,result
2026-09-14,135,17:10 - 17:15,123,58,result
2026-09-14,136,17:15 - 17:20,871,67,result
2026-09-14,137,17:20 - 17:25,044,31,result
2026-09-14,138,17:25 - 17:30,212,06,result
2026-09-14,139,17:30 - 17:35,462,82,result
2026-09-14,140,17:35 - 17:40,878,18,result
2026-09-14,141,17:40 - 17:45,817,81,result
2026-09-14,142,17:45 - 17:50,207,80,result
2026-09-14,143,17:50 - 17:55,237,03,result
2026-09-14,144,17:55 - 18:00,559,57,result
2026-09-14,145,18:00 - 18:05,829,10,result
2026-09-14,146,18:05 - 18:10,853,17,result
2026-09-14,147,18:10 - 18:15,318,89,result
2026-09-14,148,18:15 - 18:20,441,75,result
2026-09-14,149,18:20 - 18:25,214,40,result
2026-09-14,150,18:25 - 18:30,103,58,result
2026-09-14,151,18:30 - 18:35,213,73,result
2026-09-14,152,18:35 - 18:40,533,40,result
2026-09-14,153,18:40 - 18:45,822,03,result
2026-09-14,154,18:45 - 18:50,078,55,result
2026-09-14,155,18:50 - 18:55,883,64,result
2026-09-14,156,18:55 - 19:00,328,63,result
2026-09-14,157,19:00 - 19:05,179,58,result
2026-09-14,158,19:05 - 19:10,001,87,result
2026-09-14,159,19:10 - 19:15,369,56,result
2026-09-14,160,19:15 - 19:20,917,89,result
2026-09-14,161,19:20 - 19:25,691,91,result
2026-09-14,162,19:25 - 19:30,581,85,result
2026-09-14,163,19:30 - 19:35,546,04,result
2026-09-14,164,19:35 - 19:40,811,88,result
2026-09-14,165,19:40 - 19:45,498,74,result
2026-09-14,166,19:45 - 19:50,805,41,result
2026-09-14,167,19:50 - 19:55,793,61,result
2026-09-14,168,19:55 - 20:00,428,83,result
2026-09-14,169,20:00 - 20:05,629,77,result
2026-09-14,170,20:05 - 20:10,790,26,result
2026-09-14,171,20:10 - 20:15,233,55,result
2026-09-14,172,20:15 - 20:20,459,92,result
2026-09-14,173,20:20 - 20:25,818,61,result
2026-09-14,174,20:25 - 20:30,343,92,result
2026-09-14,175,20:30 - 20:35,949,07,result
2026-09-14,176,20:35 - 20:40,816,04,result
2026-09-14,177,20:40 - 20:45,565,09,result
2026-09-14,178,20:45 - 20:50,532,35,result
2026-09-14,179,20:50 - 20:55,348,32,result
2026-09-14,180,20:55 - 21:00,217,19,result
2026-09-14,181,21:00 - 21:05,672,95,result
2026-09-14,182,21:05 - 21:10,139,31,result
2026-09-14,183,21:10 - 21:15,517,17,result
2026-09-14,184,21:15 - 21:20,982,05,result
2026-09-14,185,21:20 - 21:25,099,86,result
2026-09-14,186,21:25 - 21:30,613,31,result
2026-09-14,187,21:30 - 21:35,181,02,result
2026-09-14,188,21:35 - 21:40,867,61,result
2026-09-14,189,21:40 - 21:45,823,30,result
2026-09-14,190,21:45 - 21:50,647,54,result
2026-09-14,191,21:50 - 21:55,597,69,result
2026-09-14,192,21:55 - 22:00,896,74,result
2026-09-14,193,22:00 - 22:05,036,65,result
2026-09-14,194,22:05 - 22:10,593,71,result
2026-09-14,195,22:10 - 22:15,463,94,result
2026-09-14,196,22:15 - 22:20,827,83,result
2026-09-14,197,22:20 - 22:25,628,67,result
2026-09-14,198,22:25 - 22:30,924,11,result
2026-09-14,199,22:30 - 22:35,318,36,result
2026-09-14,200,22:35 - 22:40,909,97,result
2026-09-14,201,22:40 - 22:45,707,91,result
2026-09-14,202,22:45 - 22:50,846,06,result
2026-09-14,203,22:50 - 22:55,818,68,result
2026-09-14,204,22:55 - 23:00,104,37,result
2026-09-14,205,23:00 - 23:05,845,34,result
2026-09-14,206,23:05 - 23:10,140,92,result
2026-09-14,207,23:10 - 23:15,545,30,result
2026-09-14,208,23:15 - 23:20,003,62,result
2026-09-14,209,23:20 - 23:25,839,23,result
2026-09-14,210,23:25 - 23:30,238,46,result
2026-09-14,211,23:30 - 23:35,783,17,result
2026-09-14,212,23:35 - 23:40,230,07,result
2026-09-14,213,23:40 - 23:45,382,88,result
2026-09-14,214,23:45 - 23:50,931,29,result
2026-09-14,215,23:50 - 23:55,254,57,result
2026-09-14,216,23:55 - 00:00,099,25,result
2026-09-14,217,00:00 - 00:05,667,70,result
2026-09-14,218,00:05 - 00:10,956,93,result
2026-09-14,219,00:10 - 00:15,993,23,result
2026-09-14,220,00:15 - 00:20,615,77,result
2026-09-14,221,00:20 - 00:25,387,00,result
2026-09-14,222,00:25 - 00:30,830,90,result
2026-09-14,223,00:30 - 00:35,292,75,result
2026-09-14,224,00:35 - 00:40,519,18,result
2026-09-14,225,00:40 - 00:45,219,84,result
2026-09-14,226,00:45 - 00:50,880,44,result
2026-09-14,227,00:50 - 00:55,621,85,result
2026-09-14,228,00:55 - 01:00,372,77,result
2026-09-14,229,01:00 - 01:05,683,87,result
2026-09-14,230,01:05 - 01:10,832,96,result
2026-09-14,231,01:10 - 01:15,689,28,result
2026-09-14,232,01:15 - 01:20,300,03,result
2026-09-14,233,01:20 - 01:25,084,00,result
2026-09-14,234,01:25 - 01:30,311,06,result
2026-09-14,235,01:30 - 01:35,510,23,result
2026-09-14,236,01:35 - 01:40,799,10,result
2026-09-14,237,01:40 - 01:45,861,31,result
2026-09-14,238,01:45 - 01:50,126,14,result
2026-09-14,239,01:50 - 01:55,771,90,result
2026-09-14,240,01:55 - 02:00,248,12,result
2026-09-14,241,02:00 - 02:05,374,55,result
2026-09-14,242,02:05 - 02:10,058,63,result
2026-09-14,243,02:10 - 02:15,216,67,result
2026-09-14,244,02:15 - 02:20,579,82,result
2026-09-14,245,02:20 - 02:25,354,39,result
2026-09-14,246,02:25 - 02:30,779,42,result
2026-09-14,247,02:30 - 02:35,674,98,result
2026-09-14,248,02:35 - 02:40,871,38,result
2026-09-14,249,02:40 - 02:45,870,43,result
2026-09-14,250,02:45 - 02:50,226,45,result
2026-09-14,251,02:50 - 02:55,887,42,result
2026-09-14,252,02:55 - 03:00,511,09,result
2026-09-14,253,03:00 - 03:05,902,46,result
2026-09-14,254,03:05 - 03:10,656,94,result
2026-09-14,255,03:10 - 03:15,374,84,result
2026-09-14,256,03:15 - 03:20,668,31,result
2026-09-14,257,03:20 - 03:25,517,35,result
2026-09-14,258,03:25 - 03:30,308,45,result
2026-09-14,259,03:30 - 03:35,327,39,result
2026-09-14,260,03:35 - 03:40,258,82,result
2026-09-14,261,03:40 - 03:45,932,61,result
2026-09-14,262,03:45 - 03:50,086,47,result
2026-09-14,263,03:50 - 03:55,272,45,result
2026-09-14,264,03:55 - 04:00,829,75,result
2026-09-14,265,04:00 - 04:05,588,15,result
2026-09-14,266,04:05 - 04:10,513,77,result
2026-09-14,267,04:10 - 04:15,484,48,result
2026-09-14,268,04:15 - 04:20,613,31,result
2026-09-14,269,04:20 - 04:25,856,43,result
2026-09-14,270,04:25 - 04:30,672,26,result
2026-09-14,271,04:30 - 04:35,514,09,result
2026-09-14,272,04:35 - 04:40,722,77,result
2026-09-14,273,04:40 - 04:45,637,27,result
2026-09-14,274,04:45 - 04:50,683,32,result
2026-09-14,275,04:50 - 04:55,803,78,result
2026-09-14,276,04:55 - 05:00,272,40,result
2026-09-14,277,05:00 - 05:05,906,95,result
2026-09-14,278,05:05 - 05:10,404,09,result
2026-09-14,279,05:10 - 05:15,499,89,result
2026-09-14,280,05:15 - 05:20,437,91,result
2026-09-14,281,05:20 - 05:25,035,29,result
2026-09-14,282,05:25 - 05:30,857,68,result
2026-09-14,283,05:30 - 05:35,550,95,result
2026-09-14,284,05:35 - 05:40,663,96,result
2026-09-14,285,05:40 - 05:45,645,54,result
2026-09-14,286,05:45 - 05:50,704,13,result
2026-09-14,287,05:50 - 05:55,239,57,result
2026-09-14,288,05:55 - 06:00,315,19,result
2026-09-15,1,06:00 - 06:05,129,27,result
2026-09-15,2,06:05 - 06:10,728,91,result
2026-09-15,3,06:10 - 06:15,549,68,result
2026-09-15,4,06:15 - 06:20,032,66,result
2026-09-15,5,06:20 - 06:25,957,79,result
2026-09-15,6,06:25 - 06:30,822,62,result
2026-09-15,7,06:30 - 06:35,898,32,result
2026-09-15,8,06:35 - 06:40,554,25,result
2026-09-15,9,06:40 - 06:45,162,54,result
2026-09-15,10,06:45 - 06:50,068,69,result
2026-09-15,11,06:50 - 06:55,237,51,result
2026-09-15,12,06:55 - 07:00,526,87,result
2026-09-15,13,07:00 - 07:05,502,34,result
2026-09-15,14,07:05 - 07:10,632,86,result
2026-09-15,15,07:10 - 07:15,973,52,result
2026-09-15,16,07:15 - 07:20,523,00,result
2026-09-15,17,07:20 - 07:25,660,11,result
2026-09-15,18,07:25 - 07:30,850,60,result
2026-09-15,19,07:30 - 07:35,657,49,result
2026-09-15,20,07:35 - 07:40,690,65,result
2026-09-15,21,07:40 - 07:45,927,70,result
2026-09-15,22,07:45 - 07:50,755,09,result
2026-09-15,23,07:50 - 07:55,496,15,result
2026-09-15,24,07:55 - 08:00,486,46,result
2026-09-15,25,08:00 - 08:05,501,48,result
2026-09-15,26,08:05 - 08:10,058,00,result
2026-09-15,27,08:10 - 08:15,740,88,result
2026-09-15,28,08:15 - 08:20,294,93,result
2026-09-15,29,08:20 - 08:25,426,15,result
2026-09-15,30,08:25 - 08:30,334,42,result
2026-09-15,31,08:30 - 08:35,831,55,result
2026-09-15,32,08:35 - 08:40,209,20,result
2026-09-15,33,08:40 - 08:45,719,30,result
2026-09-15,34,08:45 - 08:50,271,76,result
2026-09-15,35,08:50 - 08:55,351,53,result
2026-09-15,36,08:55 - 09:00,433,25,result
2026-09-15,37,09:00 - 09:05,238,29,result
2026-09-15,38,09:05 - 09:10,691,76,result
2026-09-15,39,09:10 - 09:15,863,50,result
2026-09-15,40,09:15 - 09:20,900,77,result
2026-09-15,41,09:20 - 09:25,002,57,result
2026-09-15,42,09:25 - 09:30,621,15,result
2026-09-15,43,09:30 - 09:35,303,76,result
2026-09-15,44,09:35 - 09:40,898,13,result
2026-09-15,45,09:40 - 09:45,934,43,result
2026-09-15,46,09:45 - 09:50,718,53,result
2026-09-15,47,09:50 - 09:55,256,67,result
2026-09-15,48,09:55 - 10:00,438,54,result
2026-09-15,49,10:00 - 10:05,144,44,result
2026-09-15,50,10:05 - 10:10,497,89,result
2026-09-15,51,10:10 - 10:15,131,44,result
2026-09-15,52,10:15 - 10:20,085,91,result
2026-09-15,53,10:20 - 10:25,014,85,result
2026-09-15,54,10:25 - 10:30,544,42,result
2026-09-15,55,10:30 - 10:35,778,55,result
2026-09-15,56,10:35 - 10:40,383,66,result
2026-09-15,57,10:40 - 10:45,701,47,result
2026-09-15,58,10:45 - 10:50,243,54,result
2026-09-15,59,10:50 - 10:55,568,96,result
2026-09-15,60,10:55 - 11:00,907,22,result
2026-09-15,61,11:00 - 11:05,094,96,result
2026-09-15,62,11:05 - 11:10,286,71,result
2026-09-15,63,11:10 - 11:15,471,48,result
2026-09-15,64,11:15 - 11:20,466,99,result
2026-09-15,65,11:20 - 11:25,484,32,result
2026-09-15,66,11:25 - 11:30,753,55,result
2026-09-15,67,11:30 - 11:35,071,42,result
2026-09-15,68,11:35 - 11:40,057,26,result
2026-09-15,69,11:40 - 11:45,685,77,result
2026-09-15,70,11:45 - 11:50,835,33,result
2026-09-15,71,11:50 - 11:55,513,83,result
2026-09-15,72,11:55 - 12:00,910,39,result
2026-09-15,73,12:00 - 12:05,073,50,result
2026-09-15,74,12:05 - 12:10,397,91,result
2026-09-15,75,12:10 - 12:15,900,81,result
2026-09-15,76,12:15 - 12:20,418,76,result
2026-09-15,77,12:20 - 12:25,732,32,result
2026-09-15,78,12:25 - 12:30,414,99,result
2026-09-15,79,12:30 - 12:35,335,53,result
2026-09-15,80,12:35 - 12:40,467,94,result
2026-09-15,81,12:40 - 12:45,081,84,result
2026-09-15,82,12:45 - 12:50,606,50,result
2026-09-15,83,12:50 - 12:55,757,70,result
2026-09-15,84,12:55 - 13:00,703,85,result
2026-09-15,85,13:00 - 13:05,398,21,result
2026-09-15,86,13:05 - 13:10,348,74,result
2026-09-15,87,13:10 - 13:15,706,96,result
2026-09-15,88,13:15 - 13:20,308,61,result
2026-09-15,89,13:20 - 13:25,347,28,result
2026-09-15,90,13:25 - 13:30,811,88,result
2026-09-15,91,13:30 - 13:35,283,30,result
2026-09-15,92,13:35 - 13:40,108,03,result
2026-09-15,93,13:40 - 13:45,696,43,result
2026-09-15,94,13:45 - 13:50,563,01,result
2026-09-15,95,13:50 - 13:55,222,64,result
2026-09-15,96,13:55 - 14:00,522,14,result
2026-09-15,97,14:00 - 14:05,543,21,result
2026-09-15,98,14:05 - 14:10,660,35,result
2026-09-15,99,14:10 - 14:15,851,06,result
2026-09-15,100,14:15 - 14:20,194,85,result
2026-09-15,101,14:20 - 14:25,709,59,result
2026-09-15,102,14:25 - 14:30,230,15,result
2026-09-15,103,14:30 - 14:35,325,80,result
2026-09-15,104,14:35 - 14:40,682,93,result
2026-09-15,105,14:40 - 14:45,638,16,result
2026-09-15,106,14:45 - 14:50,570,05,result
2026-09-15,107,14:50 - 14:55,722,37,result
2026-09-15,108,14:55 - 15:00,452,82,result
2026-09-15,109,15:00 - 15:05,217,95,result
2026-09-15,110,15:05 - 15:10,548,43,result
2026-09-15,111,15:10 - 15:15,358,00,result
2026-09-15,112,15:15 - 15:20,233,69,result
2026-09-15,113,15:20 - 15:25,176,05,result
2026-09-15,114,15:25 - 15:30,540,29,result
2026-09-15,115,15:30 - 15:35,779,18,result
2026-09-15,116,15:35 - 15:40,185,25,result
2026-09-15,117,15:40 - 15:45,596,30,result
2026-09-15,118,15:45 - 15:50,114,05,result
2026-09-15,119,15:50 - 15:55,396,15,result
2026-09-15,120,15:55 - 16:00,177,76,result
2026-09-15,121,16:00 - 16:05,270,53,result
2026-09-15,122,16:05 - 16:10,495,04,result
2026-09-15,123,16:10 - 16:15,633,89,result
2026-09-15,124,16:15 - 16:20,273,86,result
2026-09-15,125,16:20 - 16:25,905,72,result
2026-09-15,126,16:25 - 16:30,621,47,result
2026-09-15,127,16:30 - 16:35,952,36,result
2026-09-15,128,16:35 - 16:40,909,24,result
2026-09-15,129,16:40 - 16:45,375,96,result
2026-09-15,130,16:45 - 16:50,393,23,result
2026-09-15,131,16:50 - 16:55,987,53,result
2026-09-15,132,16:55 - 17:00,765,43,result
2026-09-15,133,17:00 - 17:05,469,20,result
2026-09-15,134,17:05 - 17:10,068,38,result
2026-09-15,135,17:10 - 17:15,576,82,result
2026-09-15,136,17:15 - 17:20,651,54,result
2026-09-15,137,17:20 - 17:25,275,88,result
2026-09-15,138,17:25 - 17:30,040,75,result
2026-09-15,139,17:30 - 17:35,516,75,result
2026-09-15,140,17:35 - 17:40,521,43,result
2026-09-15,141,17:40 - 17:45,302,14,result
2026-09-15,142,17:45 - 17:50,376,51,result
2026-09-15,143,17:50 - 17:55,699,36,result
2026-09-15,144,17:55 - 18:00,559,13,result
2026-09-15,145,18:00 - 18:05,870,33,result
2026-09-15,146,18:05 - 18:10,809,27,result
2026-09-15,147,18:10 - 18:15,087,89,result
2026-09-15,148,18:15 - 18:20,365,94,result
2026-09-15,149,18:20 - 18:25,รอผล,รอผล,pending
2026-09-15,150,18:25 - 18:30,รอผล,รอผล,pending
2026-09-15,151,18:30 - 18:35,รอผล,รอผล,pending
2026-09-15,152,18:35 - 18:40,รอผล,รอผล,pending
2026-09-15,153,18:40 - 18:45,รอผล,รอผล,pending
2026-09-15,154,18:45 - 18:50,รอผล,รอผล,pending
2026-09-15,155,18:50 - 18:55,รอผล,รอผล,pending
2026-09-15,156,18:55 - 19:00,รอผล,รอผล,pending
2026-09-15,157,19:00 - 19:05,รอผล,รอผล,pending
2026-09-15,158,19:05 - 19:10,รอผล,รอผล,pending
2026-09-15,159,19:10 - 19:15,รอผล,รอผล,pending
2026-09-15,160,19:15 - 19:20,รอผล,รอผล,pending
2026-09-15,161,19:20 - 19:25,รอผล,รอผล,pending
2026-09-15,162,19:25 - 19:30,รอผล,รอผล,pending
2026-09-15,163,19:30 - 19:35,รอผล,รอผล,pending
2026-09-15,164,19:35 - 19:40,รอผล,รอผล,pending
2026-09-15,165,19:40 - 19:45,รอผล,รอผล,pending
2026-09-15,166,19:45 - 19:50,รอผล,รอผล,pending
2026-09-15,167,19:50 - 19:55,รอผล,รอผล,pending
2026-09-15,168,19:55 - 20:00,รอผล,รอผล,pending
2026-09-15,169,20:00 - 20:05,รอผล,รอผล,pending
2026-09-15,170,20:05 - 20:10,รอผล,รอผล,pending
2026-09-15,171,20:10 - 20:15,รอผล,รอผล,pending
2026-09-15,172,20:15 - 20:20,รอผล,รอผล,pending
2026-09-15,173,20:20 - 20:25,รอผล,รอผล,pending
2026-09-15,174,20:25 - 20:30,รอผล,รอผล,pending
2026-09-15,175,20:30 - 20:35,รอผล,รอผล,pending
2026-09-15,176,20:35 - 20:40,รอผล,รอผล,pending
2026-09-15,177,20:40 - 20:45,รอผล,รอผล,pending
2026-09-15,178,20:45 - 20:50,รอผล,รอผล,pending
2026-09-15,179,20:50 - 20:55,รอผล,รอผล,pending
2026-09-15,180,20:55 - 21:00,รอผล,รอผล,pending
2026-09-15,181,21:00 - 21:05,รอผล,รอผล,pending
2026-09-15,182,21:05 - 21:10,รอผล,รอผล,pending
2026-09-15,183,21:10 - 21:15,รอผล,รอผล,pending
2026-09-15,184,21:15 - 21:20,รอผล,รอผล,pending
2026-09-15,185,21:20 - 21:25,รอผล,รอผล,pending
2026-09-15,186,21:25 - 21:30,รอผล,รอผล,pending
2026-09-15,187,21:30 - 21:35,รอผล,รอผล,pending
2026-09-15,188,21:35 - 21:40,รอผล,รอผล,pending
2026-09-15,189,21:40 - 21:45,รอผล,รอผล,pending
2026-09-15,190,21:45 - 21:50,รอผล,รอผล,pending
2026-09-15,191,21:50 - 21:55,รอผล,รอผล,pending
2026-09-15,192,21:55 - 22:00,รอผล,รอผล,pending
2026-09-15,193,22:00 - 22:05,รอผล,รอผล,pending
2026-09-15,194,22:05 - 22:10,รอผล,รอผล,pending
2026-09-15,195,22:10 - 22:15,รอผล,รอผล,pending
2026-09-15,196,22:15 - 22:20,รอผล,รอผล,pending
2026-09-15,197,22:20 - 22:25,รอผล,รอผล,pending
2026-09-15,198,22:25 - 22:30,รอผล,รอผล,pending
2026-09-15,199,22:30 - 22:35,รอผล,รอผล,pending
2026-09-15,200,22:35 - 22:40,รอผล,รอผล,pending
2026-09-15,201,22:40 - 22:45,รอผล,รอผล,pending
2026-09-15,202,22:45 - 22:50,รอผล,รอผล,pending
2026-09-15,203,22:50 - 22:55,รอผล,รอผล,pending
2026-09-15,204,22:55 - 23:00,รอผล,รอผล,pending
2026-09-15,205,23:00 - 23:05,รอผล,รอผล,pending
2026-09-15,206,23:05 - 23:10,รอผล,รอผล,pending
2026-09-15,207,23:10 - 23:15,รอผล,รอผล,pending
2026-09-15,208,23:15 - 23:20,รอผล,รอผล,pending
2026-09-15,209,23:20 - 23:25,รอผล,รอผล,pending
2026-09-15,210,23:25 - 23:30,รอผล,รอผล,pending
2026-09-15,211,23:30 - 23:35,รอผล,รอผล,pending
2026-09-15,212,23:35 - 23:40,รอผล,รอผล,pending
2026-09-15,213,23:40 - 23:45,รอผล,รอผล,pending
2026-09-15,214,23:45 - 23:50,รอผล,รอผล,pending
2026-09-15,215,23:50 - 23:55,รอผล,รอผล,pending
2026-09-15,216,23:55 - 00:00,รอผล,รอผล,pending
2026-09-15,217,00:00 - 00:05,รอผล,รอผล,pending
2026-09-15,218,00:05 - 00:10,รอผล,รอผล,pending
2026-09-15,219,00:10 - 00:15,รอผล,รอผล,pending
2026-09-15,220,00:15 - 00:20,รอผล,รอผล,pending
2026-09-15,221,00:20 - 00:25,รอผล,รอผล,pending
2026-09-15,222,00:25 - 00:30,รอผล,รอผล,pending
2026-09-15,223,00:30 - 00:35,รอผล,รอผล,pending
2026-09-15,224,00:35 - 00:40,รอผล,รอผล,pending
2026-09-15,225,00:40 - 00:45,รอผล,รอผล,pending
2026-09-15,226,00:45 - 00:50,รอผล,รอผล,pending
2026-09-15,227,00:50 - 00:55,รอผล,รอผล,pending
2026-09-15,228,00:55 - 01:00,รอผล,รอผล,pending
2026-09-15,229,01:00 - 01:05,รอผล,รอผล,pending
2026-09-15,230,01:05 - 01:10,รอผล,รอผล,pending
2026-09-15,231,01:10 - 01:15,รอผล,รอผล,pending
2026-09-15,232,01:15 - 01:20,รอผล,รอผล,pending
2026-09-15,233,01:20 - 01:25,รอผล,รอผล,pending
2026-09-15,234,01:25 - 01:30,รอผล,รอผล,pending
2026-09-15,235,01:30 - 01:35,รอผล,รอผล,pending
2026-09-15,236,01:35 - 01:40,รอผล,รอผล,pending
2026-09-15,237,01:40 - 01:45,รอผล,รอผล,pending
2026-09-15,238,01:45 - 01:50,รอผล,รอผล,pending
2026-09-15,239,01:50 - 01:55,รอผล,รอผล,pending
2026-09-15,240,01:55 - 02:00,รอผล,รอผล,pending
2026-09-15,241,02:00 - 02:05,รอผล,รอผล,pending
2026-09-15,242,02:05 - 02:10,รอผล,รอผล,pending
2026-09-15,243,02:10 - 02:15,รอผล,รอผล,pending
2026-09-15,244,02:15 - 02:20,รอผล,รอผล,pending
2026-09-15,245,02:20 - 02:25,รอผล,รอผล,pending
2026-09-15,246,02:25 - 02:30,รอผล,รอผล,pending
2026-09-15,247,02:30 - 02:35,รอผล,รอผล,pending
2026-09-15,248,02:35 - 02:40,รอผล,รอผล,pending
2026-09-15,249,02:40 - 02:45,รอผล,รอผล,pending
2026-09-15,250,02:45 - 02:50,รอผล,รอผล,pending
2026-09-15,251,02:50 - 02:55,รอผล,รอผล,pending
2026-09-15,252,02:55 - 03:00,รอผล,รอผล,pending
2026-09-15,253,03:00 - 03:05,รอผล,รอผล,pending
2026-09-15,254,03:05 - 03:10,รอผล,รอผล,pending
2026-09-15,255,03:10 - 03:15,รอผล,รอผล,pending
2026-09-15,256,03:15 - 03:20,รอผล,รอผล,pending
2026-09-15,257,03:20 - 03:25,รอผล,รอผล,pending
2026-09-15,258,03:25 - 03:30,รอผล,รอผล,pending
2026-09-15,259,03:30 - 03:35,รอผล,รอผล,pending
2026-09-15,260,03:35 - 03:40,รอผล,รอผล,pending
2026-09-15,261,03:40 - 03:45,รอผล,รอผล,pending
2026-09-15,262,03:45 - 03:50,รอผล,รอผล,pending
2026-09-15,263,03:50 - 03:55,รอผล,รอผล,pending
2026-09-15,264,03:55 - 04:00,รอผล,รอผล,pending
2026-09-15,265,04:00 - 04:05,รอผล,รอผล,pending
2026-09-15,266,04:05 - 04:10,รอผล,รอผล,pending
2026-09-15,267,04:10 - 04:15,รอผล,รอผล,pending
2026-09-15,268,04:15 - 04:20,รอผล,รอผล,pending
2026-09-15,269,04:20 - 04:25,รอผล,รอผล,pending
2026-09-15,270,04:25 - 04:30,รอผล,รอผล,pending
2026-09-15,271,04:30 - 04:35,รอผล,รอผล,pending
2026-09-15,272,04:35 - 04:40,รอผล,รอผล,pending
2026-09-15,273,04:40 - 04:45,รอผล,รอผล,pending
2026-09-15,274,04:45 - 04:50,รอผล,รอผล,pending
2026-09-15,275,04:50 - 04:55,รอผล,รอผล,pending
2026-09-15,276,04:55 - 05:00,รอผล,รอผล,pending
2026-09-15,277,05:00 - 05:05,รอผล,รอผล,pending
2026-09-15,278,05:05 - 05:10,รอผล,รอผล,pending
2026-09-15,279,05:10 - 05:15,รอผล,รอผล,pending
2026-09-15,280,05:15 - 05:20,รอผล,รอผล,pending
2026-09-15,281,05:20 - 05:25,รอผล,รอผล,pending
2026-09-15,282,05:25 - 05:30,รอผล,รอผล,pending
2026-09-15,283,05:30 - 05:35,รอผล,รอผล,pending
2026-09-15,284,05:35 - 05:40,รอผล,รอผล,pending
2026-09-15,285,05:40 - 05:45,รอผล,รอผล,pending
2026-09-15,286,05:45 - 05:50,รอผล,รอผล,pending
2026-09-15,287,05:50 - 05:55,รอผล,รอผล,pending
2026-09-15,288,05:55 - 06:00,รอผล,รอผล,pending
