วันที่,รอบ,เวลา,3 ตัวบน,2 ตัวล่าง,สถานะ
2026-07-01,1,06:00 - 06:05,604,11,result
2026-07-01,2,06:05 - 06:10,097,37,result
2026-07-01,3,06:10 - 06:15,596,82,result
2026-07-01,4,06:15 - 06:20,080,46,result
2026-07-01,5,06:20 - 06:25,565,47,result
2026-07-01,6,06:25 - 06:30,384,71,result
2026-07-01,7,06:30 - 06:35,056,27,result
2026-07-01,8,06:35 - 06:40,046,16,result
2026-07-01,9,06:40 - 06:45,749,44,result
2026-07-01,10,06:45 - 06:50,545,25,result
2026-07-01,11,06:50 - 06:55,354,00,result
2026-07-01,12,06:55 - 07:00,626,11,result
2026-07-01,13,07:00 - 07:05,612,49,result
2026-07-01,14,07:05 - 07:10,947,96,result
2026-07-01,15,07:10 - 07:15,682,87,result
2026-07-01,16,07:15 - 07:20,914,21,result
2026-07-01,17,07:20 - 07:25,791,91,result
2026-07-01,18,07:25 - 07:30,493,16,result
2026-07-01,19,07:30 - 07:35,675,64,result
2026-07-01,20,07:35 - 07:40,185,65,result
2026-07-01,21,07:40 - 07:45,947,82,result
2026-07-01,22,07:45 - 07:50,742,88,result
2026-07-01,23,07:50 - 07:55,850,92,result
2026-07-01,24,07:55 - 08:00,916,26,result
2026-07-01,25,08:00 - 08:05,248,72,result
2026-07-01,26,08:05 - 08:10,151,82,result
2026-07-01,27,08:10 - 08:15,356,25,result
2026-07-01,28,08:15 - 08:20,891,06,result
2026-07-01,29,08:20 - 08:25,571,50,result
2026-07-01,30,08:25 - 08:30,220,26,result
2026-07-01,31,08:30 - 08:35,348,03,result
2026-07-01,32,08:35 - 08:40,134,97,result
2026-07-01,33,08:40 - 08:45,800,22,result
2026-07-01,34,08:45 - 08:50,328,56,result
2026-07-01,35,08:50 - 08:55,001,43,result
2026-07-01,36,08:55 - 09:00,335,92,result
2026-07-01,37,09:00 - 09:05,429,05,result
2026-07-01,38,09:05 - 09:10,008,84,result
2026-07-01,39,09:10 - 09:15,493,82,result
2026-07-01,40,09:15 - 09:20,743,68,result
2026-07-01,41,09:20 - 09:25,227,00,result
2026-07-01,42,09:25 - 09:30,549,24,result
2026-07-01,43,09:30 - 09:35,632,80,result
2026-07-01,44,09:35 - 09:40,334,52,result
2026-07-01,45,09:40 - 09:45,081,12,result
2026-07-01,46,09:45 - 09:50,165,40,result
2026-07-01,47,09:50 - 09:55,652,14,result
2026-07-01,48,09:55 - 10:00,870,01,result
2026-07-01,49,10:00 - 10:05,874,93,result
2026-07-01,50,10:05 - 10:10,156,16,result
2026-07-01,51,10:10 - 10:15,753,80,result
2026-07-01,52,10:15 - 10:20,426,61,result
2026-07-01,53,10:20 - 10:25,552,58,result
2026-07-01,54,10:25 - 10:30,133,68,result
2026-07-01,55,10:30 - 10:35,335,45,result
2026-07-01,56,10:35 - 10:40,699,81,result
2026-07-01,57,10:40 - 10:45,403,21,result
2026-07-01,58,10:45 - 10:50,361,59,result
2026-07-01,59,10:50 - 10:55,858,33,result
2026-07-01,60,10:55 - 11:00,317,72,result
2026-07-01,61,11:00 - 11:05,870,95,result
2026-07-01,62,11:05 - 11:10,164,28,result
2026-07-01,63,11:10 - 11:15,210,85,result
2026-07-01,64,11:15 - 11:20,958,93,result
2026-07-01,65,11:20 - 11:25,440,48,result
2026-07-01,66,11:25 - 11:30,802,81,result
2026-07-01,67,11:30 - 11:35,494,46,result
2026-07-01,68,11:35 - 11:40,840,74,result
2026-07-01,69,11:40 - 11:45,631,90,result
2026-07-01,70,11:45 - 11:50,370,89,result
2026-07-01,71,11:50 - 11:55,089,20,result
2026-07-01,72,11:55 - 12:00,099,50,result
2026-07-01,73,12:00 - 12:05,858,34,result
2026-07-01,74,12:05 - 12:10,335,16,result
2026-07-01,75,12:10 - 12:15,123,20,result
2026-07-01,76,12:15 - 12:20,395,98,result
2026-07-01,77,12:20 - 12:25,618,52,result
2026-07-01,78,12:25 - 12:30,502,75,result
2026-07-01,79,12:30 - 12:35,531,66,result
2026-07-01,80,12:35 - 12:40,789,80,result
2026-07-01,81,12:40 - 12:45,224,15,result
2026-07-01,82,12:45 - 12:50,506,20,result
2026-07-01,83,12:50 - 12:55,312,39,result
2026-07-01,84,12:55 - 13:00,214,34,result
2026-07-01,85,13:00 - 13:05,671,43,result
2026-07-01,86,13:05 - 13:10,704,41,result
2026-07-01,87,13:10 - 13:15,524,08,result
2026-07-01,88,13:15 - 13:20,598,78,result
2026-07-01,89,13:20 - 13:25,536,64,result
2026-07-01,90,13:25 - 13:30,786,33,result
2026-07-01,91,13:30 - 13:35,977,16,result
2026-07-01,92,13:35 - 13:40,160,82,result
2026-07-01,93,13:40 - 13:45,011,33,result
2026-07-01,94,13:45 - 13:50,070,09,result
2026-07-01,95,13:50 - 13:55,134,57,result
2026-07-01,96,13:55 - 14:00,523,79,result
2026-07-01,97,14:00 - 14:05,431,04,result
2026-07-01,98,14:05 - 14:10,659,95,result
2026-07-01,99,14:10 - 14:15,861,71,result
2026-07-01,100,14:15 - 14:20,245,44,result
2026-07-01,101,14:20 - 14:25,951,88,result
2026-07-01,102,14:25 - 14:30,840,53,result
2026-07-01,103,14:30 - 14:35,408,94,result
2026-07-01,104,14:35 - 14:40,848,95,result
2026-07-01,106,14:45 - 14:50,017,84,result
2026-07-01,107,14:50 - 14:55,352,15,result
2026-07-01,108,14:55 - 15:00,216,37,result
2026-07-01,109,15:00 - 15:05,231,22,result
2026-07-01,110,15:05 - 15:10,490,44,result
2026-07-01,111,15:10 - 15:15,318,81,result
2026-07-01,112,15:15 - 15:20,606,12,result
2026-07-01,113,15:20 - 15:25,441,21,result
2026-07-01,114,15:25 - 15:30,528,95,result
2026-07-01,115,15:30 - 15:35,069,62,result
2026-07-01,116,15:35 - 15:40,980,91,result
2026-07-01,117,15:40 - 15:45,276,39,result
2026-07-01,118,15:45 - 15:50,918,61,result
2026-07-01,119,15:50 - 15:55,720,95,result
2026-07-01,120,15:55 - 16:00,047,40,result
2026-07-01,121,16:00 - 16:05,652,30,result
2026-07-01,122,16:05 - 16:10,977,04,result
2026-07-01,123,16:10 - 16:15,732,73,result
2026-07-01,124,16:15 - 16:20,637,84,result
2026-07-01,125,16:20 - 16:25,330,66,result
2026-07-01,126,16:25 - 16:30,491,82,result
2026-07-01,127,16:30 - 16:35,455,06,result
2026-07-01,128,16:35 - 16:40,763,99,result
2026-07-01,129,16:40 - 16:45,373,37,result
2026-07-01,130,16:45 - 16:50,896,95,result
2026-07-01,131,16:50 - 16:55,289,27,result
2026-07-01,132,16:55 - 17:00,081,48,result
2026-07-01,133,17:00 - 17:05,134,46,result
2026-07-01,134,17:05 - 17:10,902,96,result
2026-07-01,135,17:10 - 17:15,014,87,result
2026-07-01,136,17:15 - 17:20,875,20,result
2026-07-01,137,17:20 - 17:25,921,41,result
2026-07-01,138,17:25 - 17:30,466,83,result
2026-07-01,139,17:30 - 17:35,725,39,result
2026-07-01,140,17:35 - 17:40,906,62,result
2026-07-01,141,17:40 - 17:45,873,37,result
2026-07-01,142,17:45 - 17:50,121,33,result
2026-07-01,143,17:50 - 17:55,470,69,result
2026-07-01,144,17:55 - 18:00,686,77,result
2026-07-01,145,18:00 - 18:05,236,37,result
2026-07-01,146,18:05 - 18:10,728,08,result
2026-07-01,147,18:10 - 18:15,930,40,result
2026-07-01,148,18:15 - 18:20,448,31,result
2026-07-01,149,18:20 - 18:25,984,64,result
2026-07-01,150,18:25 - 18:30,063,22,result
2026-07-01,151,18:30 - 18:35,979,18,result
2026-07-01,152,18:35 - 18:40,624,69,result
2026-07-01,153,18:40 - 18:45,664,42,result
2026-07-01,154,18:45 - 18:50,514,67,result
2026-07-01,155,18:50 - 18:55,649,12,result
2026-07-01,156,18:55 - 19:00,543,59,result
2026-07-01,157,19:00 - 19:05,416,89,result
2026-07-01,158,19:05 - 19:10,039,08,result
2026-07-01,159,19:10 - 19:15,775,27,result
2026-07-01,160,19:15 - 19:20,970,35,result
2026-07-01,161,19:20 - 19:25,763,03,result
2026-07-01,162,19:25 - 19:30,714,29,result
2026-07-01,163,19:30 - 19:35,836,23,result
2026-07-01,164,19:35 - 19:40,453,49,result
2026-07-01,165,19:40 - 19:45,248,33,result
2026-07-01,166,19:45 - 19:50,233,10,result
2026-07-01,167,19:50 - 19:55,465,88,result
2026-07-01,168,19:55 - 20:00,721,87,result
2026-07-01,169,20:00 - 20:05,921,77,result
2026-07-01,170,20:05 - 20:10,231,23,result
2026-07-01,171,20:10 - 20:15,129,91,result
2026-07-01,172,20:15 - 20:20,677,08,result
2026-07-01,173,20:20 - 20:25,741,99,result
2026-07-01,174,20:25 - 20:30,148,82,result
2026-07-01,175,20:30 - 20:35,838,71,result
2026-07-01,176,20:35 - 20:40,183,68,result
2026-07-01,177,20:40 - 20:45,676,39,result
2026-07-01,178,20:45 - 20:50,208,14,result
2026-07-01,179,20:50 - 20:55,523,14,result
2026-07-01,180,20:55 - 21:00,347,04,result
2026-07-01,181,21:00 - 21:05,464,86,result
2026-07-01,182,21:05 - 21:10,391,06,result
2026-07-01,183,21:10 - 21:15,557,27,result
2026-07-01,184,21:15 - 21:20,769,44,result
2026-07-01,185,21:20 - 21:25,238,89,result
2026-07-01,186,21:25 - 21:30,209,82,result
2026-07-01,187,21:30 - 21:35,537,03,result
2026-07-01,188,21:35 - 21:40,024,07,result
2026-07-01,189,21:40 - 21:45,116,33,result
2026-07-01,190,21:45 - 21:50,944,59,result
2026-07-01,191,21:50 - 21:55,999,43,result
2026-07-01,192,21:55 - 22:00,107,28,result
2026-07-01,193,22:00 - 22:05,305,11,result
2026-07-01,194,22:05 - 22:10,956,32,result
2026-07-01,195,22:10 - 22:15,827,64,result
2026-07-01,196,22:15 - 22:20,623,76,result
2026-07-01,197,22:20 - 22:25,561,11,result
2026-07-01,198,22:25 - 22:30,344,00,result
2026-07-01,199,22:30 - 22:35,747,23,result
2026-07-01,200,22:35 - 22:40,455,79,result
2026-07-01,201,22:40 - 22:45,943,40,result
2026-07-01,202,22:45 - 22:50,282,35,result
2026-07-01,203,22:50 - 22:55,775,17,result
2026-07-01,204,22:55 - 23:00,287,62,result
2026-07-01,205,23:00 - 23:05,237,59,result
2026-07-01,206,23:05 - 23:10,664,85,result
2026-07-01,207,23:10 - 23:15,584,01,result
2026-07-01,208,23:15 - 23:20,856,58,result
2026-07-01,209,23:20 - 23:25,277,98,result
2026-07-01,210,23:25 - 23:30,946,12,result
2026-07-01,211,23:30 - 23:35,932,39,result
2026-07-01,212,23:35 - 23:40,462,17,result
2026-07-01,213,23:40 - 23:45,680,57,result
2026-07-01,214,23:45 - 23:50,877,25,result
2026-07-01,215,23:50 - 23:55,957,47,result
2026-07-01,216,23:55 - 00:00,311,85,result
2026-07-01,217,00:00 - 00:05,817,58,result
2026-07-01,218,00:05 - 00:10,496,98,result
2026-07-01,219,00:10 - 00:15,116,93,result
2026-07-01,220,00:15 - 00:20,511,55,result
2026-07-01,221,00:20 - 00:25,749,94,result
2026-07-01,222,00:25 - 00:30,078,92,result
2026-07-01,223,00:30 - 00:35,107,27,result
2026-07-01,224,00:35 - 00:40,830,68,result
2026-07-01,225,00:40 - 00:45,645,84,result
2026-07-01,226,00:45 - 00:50,645,77,result
2026-07-01,227,00:50 - 00:55,389,98,result
2026-07-01,228,00:55 - 01:00,640,72,result
2026-07-01,229,01:00 - 01:05,031,09,result
2026-07-01,230,01:05 - 01:10,518,34,result
2026-07-01,231,01:10 - 01:15,632,15,result
2026-07-01,232,01:15 - 01:20,579,55,result
2026-07-01,233,01:20 - 01:25,902,49,result
2026-07-01,234,01:25 - 01:30,865,29,result
2026-07-01,235,01:30 - 01:35,477,97,result
2026-07-01,236,01:35 - 01:40,917,48,result
2026-07-01,237,01:40 - 01:45,961,78,result
2026-07-01,238,01:45 - 01:50,729,99,result
2026-07-01,239,01:50 - 01:55,907,01,result
2026-07-01,240,01:55 - 02:00,538,24,result
2026-07-01,241,02:00 - 02:05,190,99,result
2026-07-01,242,02:05 - 02:10,560,71,result
2026-07-01,243,02:10 - 02:15,626,86,result
2026-07-01,244,02:15 - 02:20,092,96,result
2026-07-01,245,02:20 - 02:25,176,88,result
2026-07-01,246,02:25 - 02:30,154,15,result
2026-07-01,247,02:30 - 02:35,247,91,result
2026-07-01,248,02:35 - 02:40,855,47,result
2026-07-01,249,02:40 - 02:45,314,93,result
2026-07-01,250,02:45 - 02:50,968,48,result
2026-07-01,251,02:50 - 02:55,724,67,result
2026-07-01,252,02:55 - 03:00,299,02,result
2026-07-01,253,03:00 - 03:05,180,94,result
2026-07-01,254,03:05 - 03:10,094,48,result
2026-07-01,255,03:10 - 03:15,087,65,result
2026-07-01,256,03:15 - 03:20,699,97,result
2026-07-01,257,03:20 - 03:25,474,98,result
2026-07-01,258,03:25 - 03:30,642,34,result
2026-07-01,259,03:30 - 03:35,235,71,result
2026-07-01,260,03:35 - 03:40,469,09,result
2026-07-01,261,03:40 - 03:45,172,78,result
2026-07-01,262,03:45 - 03:50,557,90,result
2026-07-01,263,03:50 - 03:55,972,22,result
2026-07-01,264,03:55 - 04:00,835,93,result
2026-07-01,265,04:00 - 04:05,202,78,result
2026-07-01,266,04:05 - 04:10,559,22,result
2026-07-01,267,04:10 - 04:15,004,72,result
2026-07-01,268,04:15 - 04:20,063,84,result
2026-07-01,269,04:20 - 04:25,380,81,result
2026-07-01,270,04:25 - 04:30,927,85,result
2026-07-01,271,04:30 - 04:35,614,56,result
2026-07-01,272,04:35 - 04:40,909,85,result
2026-07-01,273,04:40 - 04:45,588,31,result
2026-07-01,274,04:45 - 04:50,366,39,result
2026-07-01,275,04:50 - 04:55,567,95,result
2026-07-01,276,04:55 - 05:00,287,69,result
2026-07-01,277,05:00 - 05:05,286,10,result
2026-07-01,278,05:05 - 05:10,855,78,result
2026-07-01,279,05:10 - 05:15,095,88,result
2026-07-01,280,05:15 - 05:20,804,91,result
2026-07-01,281,05:20 - 05:25,036,40,result
2026-07-01,282,05:25 - 05:30,709,54,result
2026-07-01,283,05:30 - 05:35,107,75,result
2026-07-01,284,05:35 - 05:40,822,39,result
2026-07-01,285,05:40 - 05:45,012,04,result
2026-07-01,286,05:45 - 05:50,252,15,result
2026-07-01,287,05:50 - 05:55,465,96,result
2026-07-01,288,05:55 - 06:00,184,58,result
2026-07-02,1,06:00 - 06:05,104,28,result
2026-07-02,2,06:05 - 06:10,487,41,result
2026-07-02,3,06:10 - 06:15,186,75,result
2026-07-02,4,06:15 - 06:20,382,03,result
2026-07-02,5,06:20 - 06:25,191,33,result
2026-07-02,6,06:25 - 06:30,986,80,result
2026-07-02,7,06:30 - 06:35,022,98,result
2026-07-02,8,06:35 - 06:40,392,22,result
2026-07-02,9,06:40 - 06:45,634,61,result
2026-07-02,10,06:45 - 06:50,115,07,result
2026-07-02,11,06:50 - 06:55,424,45,result
2026-07-02,12,06:55 - 07:00,880,56,result
2026-07-02,13,07:00 - 07:05,323,78,result
2026-07-02,14,07:05 - 07:10,824,48,result
2026-07-02,15,07:10 - 07:15,296,34,result
2026-07-02,16,07:15 - 07:20,413,30,result
2026-07-02,17,07:20 - 07:25,882,64,result
2026-07-02,18,07:25 - 07:30,840,21,result
2026-07-02,19,07:30 - 07:35,294,03,result
2026-07-02,20,07:35 - 07:40,520,21,result
2026-07-02,21,07:40 - 07:45,126,75,result
2026-07-02,22,07:45 - 07:50,281,57,result
2026-07-02,23,07:50 - 07:55,431,47,result
2026-07-02,25,08:00 - 08:05,937,08,result
2026-07-02,26,08:05 - 08:10,285,93,result
2026-07-02,27,08:10 - 08:15,152,87,result
2026-07-02,28,08:15 - 08:20,836,51,result
2026-07-02,29,08:20 - 08:25,869,36,result
2026-07-02,30,08:25 - 08:30,231,78,result
2026-07-02,31,08:30 - 08:35,512,99,result
2026-07-02,32,08:35 - 08:40,390,48,result
2026-07-02,33,08:40 - 08:45,102,40,result
2026-07-02,34,08:45 - 08:50,260,26,result
2026-07-02,35,08:50 - 08:55,621,94,result
2026-07-02,36,08:55 - 09:00,038,32,result
2026-07-02,37,09:00 - 09:05,756,32,result
2026-07-02,38,09:05 - 09:10,118,84,result
2026-07-02,39,09:10 - 09:15,209,48,result
2026-07-02,40,09:15 - 09:20,515,82,result
2026-07-02,41,09:20 - 09:25,925,27,result
2026-07-02,42,09:25 - 09:30,742,43,result
2026-07-02,43,09:30 - 09:35,969,54,result
2026-07-02,44,09:35 - 09:40,674,47,result
2026-07-02,45,09:40 - 09:45,033,04,result
2026-07-02,46,09:45 - 09:50,287,99,result
2026-07-02,47,09:50 - 09:55,438,19,result
2026-07-02,48,09:55 - 10:00,466,03,result
2026-07-02,49,10:00 - 10:05,034,95,result
2026-07-02,50,10:05 - 10:10,002,94,result
2026-07-02,51,10:10 - 10:15,150,25,result
2026-07-02,52,10:15 - 10:20,761,54,result
2026-07-02,53,10:20 - 10:25,154,35,result
2026-07-02,54,10:25 - 10:30,436,60,result
2026-07-02,55,10:30 - 10:35,431,13,result
2026-07-02,56,10:35 - 10:40,744,05,result
2026-07-02,57,10:40 - 10:45,539,64,result
2026-07-02,58,10:45 - 10:50,647,35,result
2026-07-02,59,10:50 - 10:55,447,74,result
2026-07-02,60,10:55 - 11:00,391,29,result
2026-07-02,61,11:00 - 11:05,895,84,result
2026-07-02,62,11:05 - 11:10,939,38,result
2026-07-02,63,11:10 - 11:15,758,31,result
2026-07-02,64,11:15 - 11:20,878,98,result
2026-07-02,65,11:20 - 11:25,650,16,result
2026-07-02,66,11:25 - 11:30,911,36,result
2026-07-02,67,11:30 - 11:35,454,37,result
2026-07-02,68,11:35 - 11:40,480,64,result
2026-07-02,69,11:40 - 11:45,392,01,result
2026-07-02,70,11:45 - 11:50,664,93,result
2026-07-02,71,11:50 - 11:55,831,97,result
2026-07-02,72,11:55 - 12:00,564,22,result
2026-07-02,73,12:00 - 12:05,792,85,result
2026-07-02,74,12:05 - 12:10,549,07,result
2026-07-02,75,12:10 - 12:15,523,80,result
2026-07-02,76,12:15 - 12:20,194,85,result
2026-07-02,77,12:20 - 12:25,435,78,result
2026-07-02,78,12:25 - 12:30,685,22,result
2026-07-02,79,12:30 - 12:35,459,03,result
2026-07-02,80,12:35 - 12:40,019,72,result
2026-07-02,81,12:40 - 12:45,386,62,result
2026-07-02,82,12:45 - 12:50,510,98,result
2026-07-02,83,12:50 - 12:55,991,05,result
2026-07-02,84,12:55 - 13:00,601,56,result
2026-07-02,85,13:00 - 13:05,460,52,result
2026-07-02,86,13:05 - 13:10,054,68,result
2026-07-02,87,13:10 - 13:15,604,08,result
2026-07-02,88,13:15 - 13:20,727,95,result
2026-07-02,89,13:20 - 13:25,433,41,result
2026-07-02,90,13:25 - 13:30,845,83,result
2026-07-02,91,13:30 - 13:35,865,84,result
2026-07-02,92,13:35 - 13:40,035,03,result
2026-07-02,93,13:40 - 13:45,460,67,result
2026-07-02,94,13:45 - 13:50,747,72,result
2026-07-02,95,13:50 - 13:55,735,03,result
2026-07-02,96,13:55 - 14:00,080,85,result
2026-07-02,97,14:00 - 14:05,822,66,result
2026-07-02,98,14:05 - 14:10,572,69,result
2026-07-02,99,14:10 - 14:15,880,33,result
2026-07-02,100,14:15 - 14:20,276,49,result
2026-07-02,101,14:20 - 14:25,387,23,result
2026-07-02,102,14:25 - 14:30,527,61,result
2026-07-02,103,14:30 - 14:35,257,62,result
2026-07-02,104,14:35 - 14:40,422,46,result
2026-07-02,105,14:40 - 14:45,467,91,result
2026-07-02,106,14:45 - 14:50,838,16,result
2026-07-02,107,14:50 - 14:55,683,62,result
2026-07-02,108,14:55 - 15:00,634,01,result
2026-07-02,109,15:00 - 15:05,611,40,result
2026-07-02,110,15:05 - 15:10,821,80,result
2026-07-02,111,15:10 - 15:15,118,37,result
2026-07-02,112,15:15 - 15:20,647,40,result
2026-07-02,113,15:20 - 15:25,341,62,result
2026-07-02,114,15:25 - 15:30,592,26,result
2026-07-02,115,15:30 - 15:35,761,77,result
2026-07-02,116,15:35 - 15:40,724,37,result
2026-07-02,117,15:40 - 15:45,502,76,result
2026-07-02,118,15:45 - 15:50,239,63,result
2026-07-02,119,15:50 - 15:55,873,00,result
2026-07-02,120,15:55 - 16:00,534,27,result
2026-07-02,121,16:00 - 16:05,373,93,result
2026-07-02,122,16:05 - 16:10,592,84,result
2026-07-02,123,16:10 - 16:15,901,66,result
2026-07-02,124,16:15 - 16:20,036,19,result
2026-07-02,125,16:20 - 16:25,300,06,result
2026-07-02,126,16:25 - 16:30,504,04,result
2026-07-02,127,16:30 - 16:35,143,76,result
2026-07-02,128,16:35 - 16:40,954,20,result
2026-07-02,129,16:40 - 16:45,109,79,result
2026-07-02,130,16:45 - 16:50,031,97,result
2026-07-02,131,16:50 - 16:55,032,06,result
2026-07-02,132,16:55 - 17:00,380,37,result
2026-07-02,133,17:00 - 17:05,703,84,result
2026-07-02,134,17:05 - 17:10,120,90,result
2026-07-02,135,17:10 - 17:15,340,96,result
2026-07-02,136,17:15 - 17:20,101,76,result
2026-07-02,137,17:20 - 17:25,978,26,result
2026-07-02,138,17:25 - 17:30,006,28,result
2026-07-02,139,17:30 - 17:35,295,99,result
2026-07-02,140,17:35 - 17:40,187,17,result
2026-07-02,141,17:40 - 17:45,830,21,result
2026-07-02,142,17:45 - 17:50,716,73,result
2026-07-02,143,17:50 - 17:55,275,08,result
2026-07-02,144,17:55 - 18:00,978,55,result
2026-07-02,145,18:00 - 18:05,619,73,result
2026-07-02,146,18:05 - 18:10,038,85,result
2026-07-02,147,18:10 - 18:15,500,37,result
2026-07-02,148,18:15 - 18:20,470,91,result
2026-07-02,149,18:20 - 18:25,258,89,result
2026-07-02,150,18:25 - 18:30,307,75,result
2026-07-02,151,18:30 - 18:35,474,12,result
2026-07-02,152,18:35 - 18:40,500,75,result
2026-07-02,153,18:40 - 18:45,741,55,result
2026-07-02,154,18:45 - 18:50,867,34,result
2026-07-02,155,18:50 - 18:55,694,25,result
2026-07-02,156,18:55 - 19:00,355,39,result
2026-07-02,157,19:00 - 19:05,115,16,result
2026-07-02,158,19:05 - 19:10,144,30,result
2026-07-02,159,19:10 - 19:15,102,32,result
2026-07-02,160,19:15 - 19:20,421,03,result
2026-07-02,161,19:20 - 19:25,015,19,result
2026-07-02,162,19:25 - 19:30,542,05,result
2026-07-02,163,19:30 - 19:35,002,49,result
2026-07-02,164,19:35 - 19:40,149,77,result
2026-07-02,165,19:40 - 19:45,352,93,result
2026-07-02,166,19:45 - 19:50,549,56,result
2026-07-02,167,19:50 - 19:55,840,36,result
2026-07-02,168,19:55 - 20:00,977,76,result
2026-07-02,169,20:00 - 20:05,951,57,result
2026-07-02,170,20:05 - 20:10,663,88,result
2026-07-02,171,20:10 - 20:15,486,92,result
2026-07-02,172,20:15 - 20:20,903,67,result
2026-07-02,173,20:20 - 20:25,607,57,result
2026-07-02,174,20:25 - 20:30,603,32,result
2026-07-02,175,20:30 - 20:35,185,70,result
2026-07-02,176,20:35 - 20:40,261,46,result
2026-07-02,177,20:40 - 20:45,506,26,result
2026-07-02,178,20:45 - 20:50,206,63,result
2026-07-02,179,20:50 - 20:55,449,77,result
2026-07-02,180,20:55 - 21:00,189,63,result
2026-07-02,181,21:00 - 21:05,682,02,result
2026-07-02,182,21:05 - 21:10,041,16,result
2026-07-02,183,21:10 - 21:15,909,00,result
2026-07-02,184,21:15 - 21:20,204,93,result
2026-07-02,185,21:20 - 21:25,028,28,result
2026-07-02,186,21:25 - 21:30,519,52,result
2026-07-02,187,21:30 - 21:35,762,17,result
2026-07-02,188,21:35 - 21:40,966,19,result
2026-07-02,189,21:40 - 21:45,259,51,result
2026-07-02,190,21:45 - 21:50,208,78,result
2026-07-02,191,21:50 - 21:55,845,73,result
2026-07-02,192,21:55 - 22:00,037,42,result
2026-07-02,193,22:00 - 22:05,884,09,result
2026-07-02,194,22:05 - 22:10,466,81,result
2026-07-02,195,22:10 - 22:15,244,30,result
2026-07-02,196,22:15 - 22:20,709,56,result
2026-07-02,197,22:20 - 22:25,141,06,result
2026-07-02,198,22:25 - 22:30,907,23,result
2026-07-02,199,22:30 - 22:35,742,96,result
2026-07-02,200,22:35 - 22:40,012,08,result
2026-07-02,201,22:40 - 22:45,677,78,result
2026-07-02,202,22:45 - 22:50,262,97,result
2026-07-02,203,22:50 - 22:55,895,59,result
2026-07-02,204,22:55 - 23:00,792,40,result
2026-07-02,205,23:00 - 23:05,098,91,result
2026-07-02,206,23:05 - 23:10,972,10,result
2026-07-02,207,23:10 - 23:15,356,98,result
2026-07-02,208,23:15 - 23:20,255,45,result
2026-07-02,209,23:20 - 23:25,984,57,result
2026-07-02,210,23:25 - 23:30,675,55,result
2026-07-02,211,23:30 - 23:35,212,33,result
2026-07-02,212,23:35 - 23:40,562,13,result
2026-07-02,213,23:40 - 23:45,940,07,result
2026-07-02,214,23:45 - 23:50,445,29,result
2026-07-02,215,23:50 - 23:55,961,74,result
2026-07-02,216,23:55 - 00:00,453,76,result
2026-07-02,217,00:00 - 00:05,359,91,result
2026-07-02,218,00:05 - 00:10,391,04,result
2026-07-02,219,00:10 - 00:15,974,02,result
2026-07-02,220,00:15 - 00:20,726,19,result
2026-07-02,221,00:20 - 00:25,990,63,result
2026-07-02,222,00:25 - 00:30,252,09,result
2026-07-02,223,00:30 - 00:35,859,03,result
2026-07-02,224,00:35 - 00:40,332,37,result
2026-07-02,225,00:40 - 00:45,846,79,result
2026-07-02,226,00:45 - 00:50,760,71,result
2026-07-02,227,00:50 - 00:55,869,90,result
2026-07-02,228,00:55 - 01:00,800,50,result
2026-07-02,229,01:00 - 01:05,094,81,result
2026-07-02,230,01:05 - 01:10,992,88,result
2026-07-02,231,01:10 - 01:15,310,61,result
2026-07-02,232,01:15 - 01:20,323,48,result
2026-07-02,233,01:20 - 01:25,993,21,result
2026-07-02,234,01:25 - 01:30,008,49,result
2026-07-02,235,01:30 - 01:35,738,88,result
2026-07-02,236,01:35 - 01:40,781,19,result
2026-07-02,237,01:40 - 01:45,978,42,result
2026-07-02,238,01:45 - 01:50,419,73,result
2026-07-02,239,01:50 - 01:55,749,69,result
2026-07-02,240,01:55 - 02:00,283,22,result
2026-07-02,241,02:00 - 02:05,437,42,result
2026-07-02,242,02:05 - 02:10,237,27,result
2026-07-02,243,02:10 - 02:15,967,66,result
2026-07-02,244,02:15 - 02:20,486,56,result
2026-07-02,245,02:20 - 02:25,902,29,result
2026-07-02,246,02:25 - 02:30,868,99,result
2026-07-02,247,02:30 - 02:35,194,21,result
2026-07-02,248,02:35 - 02:40,288,68,result
2026-07-02,249,02:40 - 02:45,577,06,result
2026-07-02,250,02:45 - 02:50,950,64,result
2026-07-02,251,02:50 - 02:55,416,98,result
2026-07-02,252,02:55 - 03:00,009,56,result
2026-07-02,253,03:00 - 03:05,351,35,result
2026-07-02,254,03:05 - 03:10,775,85,result
2026-07-02,255,03:10 - 03:15,059,99,result
2026-07-02,256,03:15 - 03:20,933,48,result
2026-07-02,257,03:20 - 03:25,926,58,result
2026-07-02,258,03:25 - 03:30,847,72,result
2026-07-02,259,03:30 - 03:35,673,91,result
2026-07-02,260,03:35 - 03:40,842,97,result
2026-07-02,261,03:40 - 03:45,226,12,result
2026-07-02,262,03:45 - 03:50,056,30,result
2026-07-02,263,03:50 - 03:55,341,54,result
2026-07-02,264,03:55 - 04:00,156,05,result
2026-07-02,265,04:00 - 04:05,368,14,result
2026-07-02,266,04:05 - 04:10,702,05,result
2026-07-02,267,04:10 - 04:15,790,02,result
2026-07-02,268,04:15 - 04:20,694,03,result
2026-07-02,269,04:20 - 04:25,653,22,result
2026-07-02,270,04:25 - 04:30,947,54,result
2026-07-02,271,04:30 - 04:35,179,64,result
2026-07-02,272,04:35 - 04:40,441,66,result
2026-07-02,273,04:40 - 04:45,032,12,result
2026-07-02,274,04:45 - 04:50,514,02,result
2026-07-02,275,04:50 - 04:55,706,92,result
2026-07-02,276,04:55 - 05:00,202,16,result
2026-07-02,277,05:00 - 05:05,581,72,result
2026-07-02,278,05:05 - 05:10,965,54,result
2026-07-02,279,05:10 - 05:15,987,95,result
2026-07-02,280,05:15 - 05:20,075,72,result
2026-07-02,281,05:20 - 05:25,126,61,result
2026-07-02,282,05:25 - 05:30,497,81,result
2026-07-02,283,05:30 - 05:35,582,05,result
2026-07-02,284,05:35 - 05:40,384,68,result
2026-07-02,285,05:40 - 05:45,968,82,result
2026-07-02,286,05:45 - 05:50,282,48,result
2026-07-02,287,05:50 - 05:55,911,25,result
2026-07-02,288,05:55 - 06:00,022,97,result
2026-07-03,1,06:00 - 06:05,179,86,result
2026-07-03,2,06:05 - 06:10,529,00,result
2026-07-03,3,06:10 - 06:15,148,34,result
2026-07-03,4,06:15 - 06:20,573,23,result
2026-07-03,5,06:20 - 06:25,259,39,result
2026-07-03,6,06:25 - 06:30,279,68,result
2026-07-03,7,06:30 - 06:35,462,33,result
2026-07-03,8,06:35 - 06:40,036,58,result
2026-07-03,9,06:40 - 06:45,662,92,result
2026-07-03,10,06:45 - 06:50,015,70,result
2026-07-03,11,06:50 - 06:55,329,41,result
2026-07-03,12,06:55 - 07:00,800,37,result
2026-07-03,13,07:00 - 07:05,062,21,result
2026-07-03,14,07:05 - 07:10,421,26,result
2026-07-03,15,07:10 - 07:15,885,13,result
2026-07-03,16,07:15 - 07:20,164,34,result
2026-07-03,17,07:20 - 07:25,499,54,result
2026-07-03,18,07:25 - 07:30,748,46,result
2026-07-03,19,07:30 - 07:35,357,17,result
2026-07-03,20,07:35 - 07:40,703,07,result
2026-07-03,21,07:40 - 07:45,537,89,result
2026-07-03,22,07:45 - 07:50,328,54,result
2026-07-03,23,07:50 - 07:55,468,79,result
2026-07-03,24,07:55 - 08:00,017,38,result
2026-07-03,25,08:00 - 08:05,912,46,result
2026-07-03,26,08:05 - 08:10,123,84,result
2026-07-03,27,08:10 - 08:15,435,17,result
2026-07-03,28,08:15 - 08:20,529,64,result
2026-07-03,29,08:20 - 08:25,224,92,result
2026-07-03,30,08:25 - 08:30,916,83,result
2026-07-03,31,08:30 - 08:35,701,16,result
2026-07-03,32,08:35 - 08:40,015,27,result
2026-07-03,33,08:40 - 08:45,632,28,result
2026-07-03,34,08:45 - 08:50,113,59,result
2026-07-03,35,08:50 - 08:55,413,89,result
2026-07-03,36,08:55 - 09:00,192,78,result
2026-07-03,37,09:00 - 09:05,226,35,result
2026-07-03,38,09:05 - 09:10,322,15,result
2026-07-03,39,09:10 - 09:15,214,07,result
2026-07-03,40,09:15 - 09:20,499,11,result
2026-07-03,41,09:20 - 09:25,110,93,result
2026-07-03,42,09:25 - 09:30,644,03,result
2026-07-03,43,09:30 - 09:35,710,47,result
2026-07-03,44,09:35 - 09:40,923,25,result
2026-07-03,45,09:40 - 09:45,736,72,result
2026-07-03,46,09:45 - 09:50,464,31,result
2026-07-03,47,09:50 - 09:55,399,28,result
2026-07-03,48,09:55 - 10:00,064,96,result
2026-07-03,49,10:00 - 10:05,897,20,result
2026-07-03,50,10:05 - 10:10,354,11,result
2026-07-03,51,10:10 - 10:15,843,62,result
2026-07-03,52,10:15 - 10:20,433,82,result
2026-07-03,53,10:20 - 10:25,342,63,result
2026-07-03,54,10:25 - 10:30,226,99,result
2026-07-03,55,10:30 - 10:35,817,72,result
2026-07-03,56,10:35 - 10:40,515,40,result
2026-07-03,57,10:40 - 10:45,006,51,result
2026-07-03,58,10:45 - 10:50,932,52,result
2026-07-03,59,10:50 - 10:55,162,72,result
2026-07-03,60,10:55 - 11:00,124,60,result
2026-07-03,61,11:00 - 11:05,178,69,result
2026-07-03,62,11:05 - 11:10,544,40,result
2026-07-03,63,11:10 - 11:15,083,54,result
2026-07-03,64,11:15 - 11:20,329,71,result
2026-07-03,65,11:20 - 11:25,927,25,result
2026-07-03,66,11:25 - 11:30,853,59,result
2026-07-03,67,11:30 - 11:35,935,81,result
2026-07-03,68,11:35 - 11:40,416,05,result
2026-07-03,69,11:40 - 11:45,725,42,result
2026-07-03,70,11:45 - 11:50,294,53,result
2026-07-03,71,11:50 - 11:55,066,65,result
2026-07-03,72,11:55 - 12:00,049,71,result
2026-07-03,73,12:00 - 12:05,794,75,result
2026-07-03,74,12:05 - 12:10,629,34,result
2026-07-03,75,12:10 - 12:15,095,35,result
2026-07-03,76,12:15 - 12:20,461,09,result
2026-07-03,77,12:20 - 12:25,922,96,result
2026-07-03,78,12:25 - 12:30,307,39,result
2026-07-03,79,12:30 - 12:35,474,13,result
2026-07-03,80,12:35 - 12:40,058,97,result
2026-07-03,81,12:40 - 12:45,427,00,result
2026-07-03,82,12:45 - 12:50,841,34,result
2026-07-03,83,12:50 - 12:55,388,91,result
2026-07-03,84,12:55 - 13:00,427,47,result
2026-07-03,85,13:00 - 13:05,900,86,result
2026-07-03,86,13:05 - 13:10,595,40,result
2026-07-03,87,13:10 - 13:15,346,67,result
2026-07-03,88,13:15 - 13:20,379,23,result
2026-07-03,89,13:20 - 13:25,392,38,result
2026-07-03,90,13:25 - 13:30,100,88,result
2026-07-03,91,13:30 - 13:35,297,42,result
2026-07-03,92,13:35 - 13:40,514,34,result
2026-07-03,93,13:40 - 13:45,854,92,result
2026-07-03,94,13:45 - 13:50,627,85,result
2026-07-03,95,13:50 - 13:55,978,91,result
2026-07-03,96,13:55 - 14:00,345,24,result
2026-07-03,97,14:00 - 14:05,561,13,result
2026-07-03,98,14:05 - 14:10,831,14,result
2026-07-03,99,14:10 - 14:15,494,46,result
2026-07-03,100,14:15 - 14:20,172,42,result
2026-07-03,101,14:20 - 14:25,880,73,result
2026-07-03,102,14:25 - 14:30,005,49,result
2026-07-03,103,14:30 - 14:35,818,04,result
2026-07-03,104,14:35 - 14:40,626,70,result
2026-07-03,105,14:40 - 14:45,163,67,result
2026-07-03,106,14:45 - 14:50,524,63,result
2026-07-03,107,14:50 - 14:55,189,57,result
2026-07-03,108,14:55 - 15:00,611,03,result
2026-07-03,109,15:00 - 15:05,405,89,result
2026-07-03,110,15:05 - 15:10,948,17,result
2026-07-03,111,15:10 - 15:15,913,24,result
2026-07-03,112,15:15 - 15:20,528,00,result
2026-07-03,113,15:20 - 15:25,408,14,result
2026-07-03,114,15:25 - 15:30,525,83,result
2026-07-03,115,15:30 - 15:35,139,73,result
2026-07-03,116,15:35 - 15:40,608,58,result
2026-07-03,117,15:40 - 15:45,534,38,result
2026-07-03,118,15:45 - 15:50,125,82,result
2026-07-03,119,15:50 - 15:55,696,52,result
2026-07-03,120,15:55 - 16:00,563,83,result
2026-07-03,121,16:00 - 16:05,451,67,result
2026-07-03,122,16:05 - 16:10,487,32,result
2026-07-03,123,16:10 - 16:15,817,54,result
2026-07-03,124,16:15 - 16:20,893,64,result
2026-07-03,125,16:20 - 16:25,960,14,result
2026-07-03,126,16:25 - 16:30,594,39,result
2026-07-03,127,16:30 - 16:35,488,97,result
2026-07-03,128,16:35 - 16:40,436,33,result
2026-07-03,129,16:40 - 16:45,047,36,result
2026-07-03,130,16:45 - 16:50,044,90,result
2026-07-03,131,16:50 - 16:55,491,04,result
2026-07-03,132,16:55 - 17:00,394,28,result
2026-07-03,133,17:00 - 17:05,324,50,result
2026-07-03,134,17:05 - 17:10,201,41,result
2026-07-03,135,17:10 - 17:15,397,29,result
2026-07-03,136,17:15 - 17:20,512,08,result
2026-07-03,137,17:20 - 17:25,519,35,result
2026-07-03,138,17:25 - 17:30,666,24,result
2026-07-03,139,17:30 - 17:35,981,14,result
2026-07-03,140,17:35 - 17:40,542,76,result
2026-07-03,141,17:40 - 17:45,287,95,result
2026-07-03,142,17:45 - 17:50,914,26,result
2026-07-03,143,17:50 - 17:55,501,61,result
2026-07-03,144,17:55 - 18:00,536,37,result
2026-07-03,145,18:00 - 18:05,263,62,result
2026-07-03,146,18:05 - 18:10,873,59,result
2026-07-03,147,18:10 - 18:15,850,89,result
2026-07-03,148,18:15 - 18:20,129,13,result
2026-07-03,149,18:20 - 18:25,640,21,result
2026-07-03,150,18:25 - 18:30,069,58,result
2026-07-03,151,18:30 - 18:35,302,30,result
2026-07-03,152,18:35 - 18:40,891,54,result
2026-07-03,153,18:40 - 18:45,066,08,result
2026-07-03,154,18:45 - 18:50,473,26,result
2026-07-03,155,18:50 - 18:55,544,35,result
2026-07-03,156,18:55 - 19:00,102,66,result
2026-07-03,157,19:00 - 19:05,203,18,result
2026-07-03,158,19:05 - 19:10,351,71,result
2026-07-03,159,19:10 - 19:15,180,95,result
2026-07-03,160,19:15 - 19:20,877,80,result
2026-07-03,161,19:20 - 19:25,397,53,result
2026-07-03,162,19:25 - 19:30,494,43,result
2026-07-03,163,19:30 - 19:35,566,73,result
2026-07-03,164,19:35 - 19:40,127,74,result
2026-07-03,165,19:40 - 19:45,203,98,result
2026-07-03,166,19:45 - 19:50,583,95,result
2026-07-03,167,19:50 - 19:55,938,17,result
2026-07-03,168,19:55 - 20:00,106,84,result
2026-07-03,169,20:00 - 20:05,520,29,result
2026-07-03,170,20:05 - 20:10,179,79,result
2026-07-03,171,20:10 - 20:15,354,67,result
2026-07-03,172,20:15 - 20:20,260,81,result
2026-07-03,173,20:20 - 20:25,021,25,result
2026-07-03,174,20:25 - 20:30,255,45,result
2026-07-03,175,20:30 - 20:35,457,74,result
2026-07-03,176,20:35 - 20:40,609,60,result
2026-07-03,177,20:40 - 20:45,631,81,result
2026-07-03,178,20:45 - 20:50,202,43,result
2026-07-03,179,20:50 - 20:55,146,63,result
2026-07-03,180,20:55 - 21:00,927,33,result
2026-07-03,181,21:00 - 21:05,246,20,result
2026-07-03,182,21:05 - 21:10,576,31,result
2026-07-03,183,21:10 - 21:15,713,18,result
2026-07-03,184,21:15 - 21:20,187,36,result
2026-07-03,185,21:20 - 21:25,852,52,result
2026-07-03,186,21:25 - 21:30,098,43,result
2026-07-03,187,21:30 - 21:35,422,96,result
2026-07-03,188,21:35 - 21:40,269,14,result
2026-07-03,189,21:40 - 21:45,893,94,result
2026-07-03,190,21:45 - 21:50,255,30,result
2026-07-03,191,21:50 - 21:55,835,31,result
2026-07-03,192,21:55 - 22:00,117,17,result
2026-07-03,193,22:00 - 22:05,764,04,result
2026-07-03,194,22:05 - 22:10,721,83,result
2026-07-03,195,22:10 - 22:15,927,00,result
2026-07-03,196,22:15 - 22:20,695,96,result
2026-07-03,197,22:20 - 22:25,231,67,result
2026-07-03,198,22:25 - 22:30,317,27,result
2026-07-03,199,22:30 - 22:35,906,17,result
2026-07-03,200,22:35 - 22:40,344,25,result
2026-07-03,201,22:40 - 22:45,220,19,result
2026-07-03,202,22:45 - 22:50,023,50,result
2026-07-03,203,22:50 - 22:55,799,30,result
2026-07-03,204,22:55 - 23:00,836,82,result
2026-07-03,205,23:00 - 23:05,167,64,result
2026-07-03,206,23:05 - 23:10,373,95,result
2026-07-03,207,23:10 - 23:15,640,08,result
2026-07-03,208,23:15 - 23:20,478,50,result
2026-07-03,209,23:20 - 23:25,420,55,result
2026-07-03,210,23:25 - 23:30,394,57,result
2026-07-03,211,23:30 - 23:35,937,61,result
2026-07-03,212,23:35 - 23:40,734,96,result
2026-07-03,213,23:40 - 23:45,314,60,result
2026-07-03,214,23:45 - 23:50,867,87,result
2026-07-03,215,23:50 - 23:55,501,01,result
2026-07-03,216,23:55 - 00:00,293,27,result
2026-07-03,217,00:00 - 00:05,930,28,result
2026-07-03,218,00:05 - 00:10,833,46,result
2026-07-03,219,00:10 - 00:15,145,26,result
2026-07-03,220,00:15 - 00:20,451,20,result
2026-07-03,221,00:20 - 00:25,468,28,result
2026-07-03,222,00:25 - 00:30,992,55,result
2026-07-03,223,00:30 - 00:35,824,43,result
2026-07-03,224,00:35 - 00:40,011,25,result
2026-07-03,225,00:40 - 00:45,190,13,result
2026-07-03,226,00:45 - 00:50,446,61,result
2026-07-03,227,00:50 - 00:55,212,37,result
2026-07-03,228,00:55 - 01:00,665,60,result
2026-07-03,229,01:00 - 01:05,257,88,result
2026-07-03,230,01:05 - 01:10,793,92,result
2026-07-03,231,01:10 - 01:15,282,47,result
2026-07-03,232,01:15 - 01:20,040,54,result
2026-07-03,233,01:20 - 01:25,728,32,result
2026-07-03,234,01:25 - 01:30,074,79,result
2026-07-03,235,01:30 - 01:35,100,14,result
2026-07-03,236,01:35 - 01:40,305,33,result
2026-07-03,237,01:40 - 01:45,997,11,result
2026-07-03,238,01:45 - 01:50,502,07,result
2026-07-03,239,01:50 - 01:55,398,11,result
2026-07-03,240,01:55 - 02:00,001,87,result
2026-07-03,241,02:00 - 02:05,613,97,result
2026-07-03,242,02:05 - 02:10,110,34,result
2026-07-03,243,02:10 - 02:15,514,51,result
2026-07-03,244,02:15 - 02:20,253,20,result
2026-07-03,245,02:20 - 02:25,697,67,result
2026-07-03,246,02:25 - 02:30,610,09,result
2026-07-03,247,02:30 - 02:35,115,05,result
2026-07-03,248,02:35 - 02:40,707,99,result
2026-07-03,249,02:40 - 02:45,557,55,result
2026-07-03,250,02:45 - 02:50,301,72,result
2026-07-03,251,02:50 - 02:55,852,54,result
2026-07-03,252,02:55 - 03:00,497,71,result
2026-07-03,253,03:00 - 03:05,208,12,result
2026-07-03,254,03:05 - 03:10,967,10,result
2026-07-03,255,03:10 - 03:15,523,69,result
2026-07-03,256,03:15 - 03:20,339,33,result
2026-07-03,257,03:20 - 03:25,474,14,result
2026-07-03,258,03:25 - 03:30,628,01,result
2026-07-03,259,03:30 - 03:35,469,56,result
2026-07-03,260,03:35 - 03:40,694,72,result
2026-07-03,261,03:40 - 03:45,653,02,result
2026-07-03,262,03:45 - 03:50,692,54,result
2026-07-03,263,03:50 - 03:55,826,99,result
2026-07-03,264,03:55 - 04:00,936,08,result
2026-07-03,265,04:00 - 04:05,364,80,result
2026-07-03,266,04:05 - 04:10,424,88,result
2026-07-03,267,04:10 - 04:15,013,72,result
2026-07-03,268,04:15 - 04:20,906,04,result
2026-07-03,269,04:20 - 04:25,825,82,result
2026-07-03,270,04:25 - 04:30,719,20,result
2026-07-03,271,04:30 - 04:35,592,66,result
2026-07-03,272,04:35 - 04:40,321,80,result
2026-07-03,273,04:40 - 04:45,497,83,result
2026-07-03,274,04:45 - 04:50,330,25,result
2026-07-03,275,04:50 - 04:55,891,14,result
2026-07-03,276,04:55 - 05:00,885,18,result
2026-07-03,277,05:00 - 05:05,494,36,result
2026-07-03,278,05:05 - 05:10,342,30,result
2026-07-03,279,05:10 - 05:15,813,84,result
2026-07-03,280,05:15 - 05:20,998,28,result
2026-07-03,281,05:20 - 05:25,141,52,result
2026-07-03,282,05:25 - 05:30,010,49,result
2026-07-03,283,05:30 - 05:35,291,97,result
2026-07-03,284,05:35 - 05:40,984,33,result
2026-07-03,285,05:40 - 05:45,777,11,result
2026-07-03,286,05:45 - 05:50,934,05,result
2026-07-03,287,05:50 - 05:55,896,17,result
2026-07-03,288,05:55 - 06:00,626,24,result
2026-07-04,1,06:00 - 06:05,725,34,result
2026-07-04,2,06:05 - 06:10,185,55,result
2026-07-04,3,06:10 - 06:15,724,84,result
2026-07-04,4,06:15 - 06:20,475,80,result
2026-07-04,5,06:20 - 06:25,061,06,result
2026-07-04,6,06:25 - 06:30,382,09,result
2026-07-04,7,06:30 - 06:35,621,58,result
2026-07-04,8,06:35 - 06:40,476,44,result
2026-07-04,9,06:40 - 06:45,295,46,result
2026-07-04,10,06:45 - 06:50,530,06,result
2026-07-04,11,06:50 - 06:55,830,76,result
2026-07-04,12,06:55 - 07:00,401,91,result
2026-07-04,13,07:00 - 07:05,820,07,result
2026-07-04,14,07:05 - 07:10,583,68,result
2026-07-04,15,07:10 - 07:15,548,51,result
2026-07-04,16,07:15 - 07:20,179,68,result
2026-07-04,17,07:20 - 07:25,801,84,result
2026-07-04,18,07:25 - 07:30,066,67,result
2026-07-04,19,07:30 - 07:35,840,52,result
2026-07-04,20,07:35 - 07:40,970,09,result
2026-07-04,21,07:40 - 07:45,858,63,result
2026-07-04,22,07:45 - 07:50,859,37,result
2026-07-04,23,07:50 - 07:55,376,60,result
2026-07-04,24,07:55 - 08:00,820,23,result
2026-07-04,25,08:00 - 08:05,964,37,result
2026-07-04,26,08:05 - 08:10,554,15,result
2026-07-04,27,08:10 - 08:15,955,54,result
2026-07-04,28,08:15 - 08:20,014,12,result
2026-07-04,29,08:20 - 08:25,679,95,result
2026-07-04,30,08:25 - 08:30,146,75,result
2026-07-04,31,08:30 - 08:35,933,84,result
2026-07-04,32,08:35 - 08:40,214,33,result
2026-07-04,33,08:40 - 08:45,538,73,result
2026-07-04,34,08:45 - 08:50,046,24,result
2026-07-04,35,08:50 - 08:55,394,14,result
2026-07-04,36,08:55 - 09:00,072,83,result
2026-07-04,37,09:00 - 09:05,298,77,result
2026-07-04,38,09:05 - 09:10,377,82,result
2026-07-04,39,09:10 - 09:15,051,24,result
2026-07-04,40,09:15 - 09:20,684,59,result
2026-07-04,41,09:20 - 09:25,529,00,result
2026-07-04,42,09:25 - 09:30,675,24,result
2026-07-04,43,09:30 - 09:35,512,68,result
2026-07-04,44,09:35 - 09:40,097,55,result
2026-07-04,45,09:40 - 09:45,703,56,result
2026-07-04,46,09:45 - 09:50,343,65,result
2026-07-04,47,09:50 - 09:55,296,94,result
2026-07-04,48,09:55 - 10:00,285,45,result
2026-07-04,49,10:00 - 10:05,657,98,result
2026-07-04,50,10:05 - 10:10,093,93,result
2026-07-04,51,10:10 - 10:15,014,03,result
2026-07-04,52,10:15 - 10:20,582,52,result
2026-07-04,53,10:20 - 10:25,847,57,result
2026-07-04,54,10:25 - 10:30,334,18,result
2026-07-04,55,10:30 - 10:35,326,88,result
2026-07-04,56,10:35 - 10:40,871,60,result
2026-07-04,57,10:40 - 10:45,871,09,result
2026-07-04,58,10:45 - 10:50,759,19,result
2026-07-04,59,10:50 - 10:55,267,38,result
2026-07-04,60,10:55 - 11:00,486,65,result
2026-07-04,61,11:00 - 11:05,819,11,result
2026-07-04,62,11:05 - 11:10,404,51,result
2026-07-04,63,11:10 - 11:15,786,92,result
2026-07-04,64,11:15 - 11:20,475,86,result
2026-07-04,65,11:20 - 11:25,545,24,result
2026-07-04,66,11:25 - 11:30,075,90,result
2026-07-04,67,11:30 - 11:35,324,94,result
2026-07-04,68,11:35 - 11:40,520,22,result
2026-07-04,69,11:40 - 11:45,697,14,result
2026-07-04,70,11:45 - 11:50,701,62,result
2026-07-04,71,11:50 - 11:55,743,36,result
2026-07-04,72,11:55 - 12:00,248,36,result
2026-07-04,73,12:00 - 12:05,354,48,result
2026-07-04,74,12:05 - 12:10,358,14,result
2026-07-04,75,12:10 - 12:15,277,54,result
2026-07-04,76,12:15 - 12:20,173,93,result
2026-07-04,77,12:20 - 12:25,096,65,result
2026-07-04,78,12:25 - 12:30,582,61,result
2026-07-04,79,12:30 - 12:35,183,05,result
2026-07-04,80,12:35 - 12:40,852,09,result
2026-07-04,81,12:40 - 12:45,262,58,result
2026-07-04,82,12:45 - 12:50,495,36,result
2026-07-04,83,12:50 - 12:55,247,83,result
2026-07-04,84,12:55 - 13:00,735,17,result
2026-07-04,85,13:00 - 13:05,758,30,result
2026-07-04,86,13:05 - 13:10,093,62,result
2026-07-04,87,13:10 - 13:15,903,03,result
2026-07-04,88,13:15 - 13:20,761,62,result
2026-07-04,89,13:20 - 13:25,386,37,result
2026-07-04,90,13:25 - 13:30,280,60,result
2026-07-04,91,13:30 - 13:35,941,14,result
2026-07-04,92,13:35 - 13:40,836,66,result
2026-07-04,93,13:40 - 13:45,137,01,result
2026-07-04,94,13:45 - 13:50,931,49,result
2026-07-04,95,13:50 - 13:55,496,67,result
2026-07-04,96,13:55 - 14:00,569,23,result
2026-07-04,97,14:00 - 14:05,376,97,result
2026-07-04,98,14:05 - 14:10,372,79,result
2026-07-04,99,14:10 - 14:15,642,34,result
2026-07-04,100,14:15 - 14:20,778,37,result
2026-07-04,101,14:20 - 14:25,517,60,result
2026-07-04,102,14:25 - 14:30,310,20,result
2026-07-04,103,14:30 - 14:35,028,21,result
2026-07-04,104,14:35 - 14:40,971,80,result
2026-07-04,105,14:40 - 14:45,716,35,result
2026-07-04,106,14:45 - 14:50,397,85,result
2026-07-04,107,14:50 - 14:55,204,62,result
2026-07-04,108,14:55 - 15:00,935,63,result
2026-07-04,109,15:00 - 15:05,654,01,result
2026-07-04,110,15:05 - 15:10,362,33,result
2026-07-04,111,15:10 - 15:15,506,33,result
2026-07-04,112,15:15 - 15:20,066,05,result
2026-07-04,113,15:20 - 15:25,079,49,result
2026-07-04,114,15:25 - 15:30,090,90,result
2026-07-04,115,15:30 - 15:35,569,41,result
2026-07-04,116,15:35 - 15:40,112,66,result
2026-07-04,117,15:40 - 15:45,922,87,result
2026-07-04,118,15:45 - 15:50,264,58,result
2026-07-04,119,15:50 - 15:55,136,57,result
2026-07-04,120,15:55 - 16:00,642,80,result
2026-07-04,121,16:00 - 16:05,345,31,result
2026-07-04,122,16:05 - 16:10,827,79,result
2026-07-04,123,16:10 - 16:15,246,24,result
2026-07-04,124,16:15 - 16:20,601,30,result
2026-07-04,125,16:20 - 16:25,305,40,result
2026-07-04,126,16:25 - 16:30,596,50,result
2026-07-04,127,16:30 - 16:35,170,37,result
2026-07-04,128,16:35 - 16:40,858,29,result
2026-07-04,129,16:40 - 16:45,883,26,result
2026-07-04,130,16:45 - 16:50,466,04,result
2026-07-04,131,16:50 - 16:55,707,89,result
2026-07-04,132,16:55 - 17:00,517,18,result
2026-07-04,133,17:00 - 17:05,390,22,result
2026-07-04,134,17:05 - 17:10,725,72,result
2026-07-04,135,17:10 - 17:15,003,40,result
2026-07-04,136,17:15 - 17:20,640,97,result
2026-07-04,137,17:20 - 17:25,012,56,result
2026-07-04,138,17:25 - 17:30,771,51,result
2026-07-04,139,17:30 - 17:35,719,11,result
2026-07-04,140,17:35 - 17:40,555,19,result
2026-07-04,141,17:40 - 17:45,700,67,result
2026-07-04,142,17:45 - 17:50,551,02,result
2026-07-04,143,17:50 - 17:55,805,52,result
2026-07-04,144,17:55 - 18:00,103,36,result
2026-07-04,145,18:00 - 18:05,348,70,result
2026-07-04,146,18:05 - 18:10,995,13,result
2026-07-04,147,18:10 - 18:15,648,46,result
2026-07-04,148,18:15 - 18:20,476,96,result
2026-07-04,149,18:20 - 18:25,773,78,result
2026-07-04,150,18:25 - 18:30,355,06,result
2026-07-04,151,18:30 - 18:35,370,13,result
2026-07-04,152,18:35 - 18:40,410,12,result
2026-07-04,153,18:40 - 18:45,119,04,result
2026-07-04,154,18:45 - 18:50,943,72,result
2026-07-04,155,18:50 - 18:55,935,53,result
2026-07-04,156,18:55 - 19:00,354,26,result
2026-07-04,157,19:00 - 19:05,887,83,result
2026-07-04,158,19:05 - 19:10,245,49,result
2026-07-04,159,19:10 - 19:15,099,79,result
2026-07-04,160,19:15 - 19:20,169,96,result
2026-07-04,161,19:20 - 19:25,891,08,result
2026-07-04,162,19:25 - 19:30,422,41,result
2026-07-04,163,19:30 - 19:35,067,58,result
2026-07-04,164,19:35 - 19:40,846,37,result
2026-07-04,165,19:40 - 19:45,894,97,result
2026-07-04,166,19:45 - 19:50,451,90,result
2026-07-04,167,19:50 - 19:55,270,65,result
2026-07-04,168,19:55 - 20:00,888,03,result
2026-07-04,169,20:00 - 20:05,663,82,result
2026-07-04,170,20:05 - 20:10,696,43,result
2026-07-04,171,20:10 - 20:15,631,36,result
2026-07-04,172,20:15 - 20:20,206,07,result
2026-07-04,173,20:20 - 20:25,144,13,result
2026-07-04,174,20:25 - 20:30,424,61,result
2026-07-04,175,20:30 - 20:35,306,73,result
2026-07-04,176,20:35 - 20:40,323,79,result
2026-07-04,177,20:40 - 20:45,168,39,result
2026-07-04,178,20:45 - 20:50,589,25,result
2026-07-04,179,20:50 - 20:55,702,01,result
2026-07-04,180,20:55 - 21:00,175,58,result
2026-07-04,181,21:00 - 21:05,285,07,result
2026-07-04,182,21:05 - 21:10,152,45,result
2026-07-04,183,21:10 - 21:15,832,91,result
2026-07-04,184,21:15 - 21:20,134,91,result
2026-07-04,185,21:20 - 21:25,743,99,result
2026-07-04,186,21:25 - 21:30,175,92,result
2026-07-04,187,21:30 - 21:35,928,89,result
2026-07-04,188,21:35 - 21:40,127,61,result
2026-07-04,189,21:40 - 21:45,490,18,result
2026-07-04,190,21:45 - 21:50,540,25,result
2026-07-04,191,21:50 - 21:55,246,88,result
2026-07-04,192,21:55 - 22:00,672,09,result
2026-07-04,193,22:00 - 22:05,678,72,result
2026-07-04,194,22:05 - 22:10,639,91,result
2026-07-04,195,22:10 - 22:15,468,03,result
2026-07-04,196,22:15 - 22:20,436,78,result
2026-07-04,197,22:20 - 22:25,450,25,result
2026-07-04,198,22:25 - 22:30,863,02,result
2026-07-04,199,22:30 - 22:35,669,72,result
2026-07-04,200,22:35 - 22:40,087,52,result
2026-07-04,201,22:40 - 22:45,514,45,result
2026-07-04,202,22:45 - 22:50,403,67,result
2026-07-04,203,22:50 - 22:55,371,61,result
2026-07-04,204,22:55 - 23:00,442,91,result
2026-07-04,205,23:00 - 23:05,215,69,result
2026-07-04,206,23:05 - 23:10,323,16,result
2026-07-04,207,23:10 - 23:15,014,15,result
2026-07-04,208,23:15 - 23:20,606,02,result
2026-07-04,209,23:20 - 23:25,375,41,result
2026-07-04,210,23:25 - 23:30,854,97,result
2026-07-04,211,23:30 - 23:35,256,39,result
2026-07-04,212,23:35 - 23:40,205,18,result
2026-07-04,213,23:40 - 23:45,637,31,result
2026-07-04,214,23:45 - 23:50,781,46,result
2026-07-04,215,23:50 - 23:55,653,89,result
2026-07-04,216,23:55 - 00:00,058,60,result
2026-07-04,217,00:00 - 00:05,103,72,result
2026-07-04,218,00:05 - 00:10,237,52,result
2026-07-04,219,00:10 - 00:15,538,93,result
2026-07-04,220,00:15 - 00:20,391,06,result
2026-07-04,221,00:20 - 00:25,282,09,result
2026-07-04,222,00:25 - 00:30,469,11,result
2026-07-04,223,00:30 - 00:35,029,67,result
2026-07-04,224,00:35 - 00:40,355,86,result
2026-07-04,225,00:40 - 00:45,637,85,result
2026-07-04,226,00:45 - 00:50,912,52,result
2026-07-04,227,00:50 - 00:55,916,40,result
2026-07-04,228,00:55 - 01:00,289,95,result
2026-07-04,229,01:00 - 01:05,417,69,result
2026-07-04,230,01:05 - 01:10,461,11,result
2026-07-04,231,01:10 - 01:15,117,63,result
2026-07-04,232,01:15 - 01:20,687,51,result
2026-07-04,233,01:20 - 01:25,579,28,result
2026-07-04,234,01:25 - 01:30,325,82,result
2026-07-04,235,01:30 - 01:35,839,21,result
2026-07-04,236,01:35 - 01:40,649,67,result
2026-07-04,237,01:40 - 01:45,416,84,result
2026-07-04,238,01:45 - 01:50,332,04,result
2026-07-04,239,01:50 - 01:55,590,33,result
2026-07-04,240,01:55 - 02:00,125,31,result
2026-07-04,241,02:00 - 02:05,091,17,result
2026-07-04,242,02:05 - 02:10,513,13,result
2026-07-04,243,02:10 - 02:15,261,46,result
2026-07-04,244,02:15 - 02:20,788,81,result
2026-07-04,245,02:20 - 02:25,619,27,result
2026-07-04,246,02:25 - 02:30,741,74,result
2026-07-04,247,02:30 - 02:35,104,66,result
2026-07-04,248,02:35 - 02:40,662,97,result
2026-07-04,249,02:40 - 02:45,939,78,result
2026-07-04,250,02:45 - 02:50,725,84,result
2026-07-04,251,02:50 - 02:55,554,12,result
2026-07-04,252,02:55 - 03:00,176,69,result
2026-07-04,253,03:00 - 03:05,663,02,result
2026-07-04,254,03:05 - 03:10,423,78,result
2026-07-04,255,03:10 - 03:15,075,03,result
2026-07-04,256,03:15 - 03:20,662,23,result
2026-07-04,257,03:20 - 03:25,518,32,result
2026-07-04,258,03:25 - 03:30,497,34,result
2026-07-04,259,03:30 - 03:35,704,71,result
2026-07-04,260,03:35 - 03:40,443,71,result
2026-07-04,261,03:40 - 03:45,155,58,result
2026-07-04,262,03:45 - 03:50,444,69,result
2026-07-04,263,03:50 - 03:55,187,38,result
2026-07-04,264,03:55 - 04:00,331,84,result
2026-07-04,265,04:00 - 04:05,935,06,result
2026-07-04,266,04:05 - 04:10,540,84,result
2026-07-04,267,04:10 - 04:15,126,72,result
2026-07-04,268,04:15 - 04:20,265,25,result
2026-07-04,269,04:20 - 04:25,169,45,result
2026-07-04,270,04:25 - 04:30,393,82,result
2026-07-04,271,04:30 - 04:35,027,50,result
2026-07-04,272,04:35 - 04:40,584,01,result
2026-07-04,273,04:40 - 04:45,643,15,result
2026-07-04,274,04:45 - 04:50,631,91,result
2026-07-04,275,04:50 - 04:55,295,94,result
2026-07-04,276,04:55 - 05:00,930,61,result
2026-07-04,277,05:00 - 05:05,696,31,result
2026-07-04,278,05:05 - 05:10,938,12,result
2026-07-04,279,05:10 - 05:15,249,84,result
2026-07-04,280,05:15 - 05:20,279,03,result
2026-07-04,281,05:20 - 05:25,051,79,result
2026-07-04,282,05:25 - 05:30,203,52,result
2026-07-04,283,05:30 - 05:35,455,13,result
2026-07-04,284,05:35 - 05:40,913,90,result
2026-07-04,285,05:40 - 05:45,129,49,result
2026-07-04,286,05:45 - 05:50,248,86,result
2026-07-04,287,05:50 - 05:55,318,37,result
2026-07-04,288,05:55 - 06:00,611,60,result
2026-07-05,1,06:00 - 06:05,937,80,result
2026-07-05,2,06:05 - 06:10,698,18,result
2026-07-05,3,06:10 - 06:15,608,71,result
2026-07-05,4,06:15 - 06:20,436,22,result
2026-07-05,5,06:20 - 06:25,581,95,result
2026-07-05,6,06:25 - 06:30,837,25,result
2026-07-05,7,06:30 - 06:35,756,71,result
2026-07-05,8,06:35 - 06:40,142,79,result
2026-07-05,9,06:40 - 06:45,838,08,result
2026-07-05,10,06:45 - 06:50,319,78,result
2026-07-05,11,06:50 - 06:55,186,63,result
2026-07-05,12,06:55 - 07:00,968,68,result
2026-07-05,13,07:00 - 07:05,136,64,result
2026-07-05,14,07:05 - 07:10,368,34,result
2026-07-05,15,07:10 - 07:15,216,18,result
2026-07-05,16,07:15 - 07:20,824,89,result
2026-07-05,17,07:20 - 07:25,050,03,result
2026-07-05,18,07:25 - 07:30,194,68,result
2026-07-05,19,07:30 - 07:35,220,85,result
2026-07-05,20,07:35 - 07:40,337,50,result
2026-07-05,21,07:40 - 07:45,524,50,result
2026-07-05,22,07:45 - 07:50,129,97,result
2026-07-05,23,07:50 - 07:55,301,82,result
2026-07-05,24,07:55 - 08:00,673,68,result
2026-07-05,25,08:00 - 08:05,814,45,result
2026-07-05,26,08:05 - 08:10,444,81,result
2026-07-05,27,08:10 - 08:15,432,72,result
2026-07-05,28,08:15 - 08:20,327,91,result
2026-07-05,29,08:20 - 08:25,010,60,result
2026-07-05,30,08:25 - 08:30,521,52,result
2026-07-05,31,08:30 - 08:35,642,31,result
2026-07-05,32,08:35 - 08:40,755,55,result
2026-07-05,33,08:40 - 08:45,032,59,result
2026-07-05,34,08:45 - 08:50,890,31,result
2026-07-05,35,08:50 - 08:55,519,67,result
2026-07-05,36,08:55 - 09:00,603,98,result
2026-07-05,37,09:00 - 09:05,294,39,result
2026-07-05,38,09:05 - 09:10,600,07,result
2026-07-05,39,09:10 - 09:15,268,74,result
2026-07-05,40,09:15 - 09:20,504,31,result
2026-07-05,41,09:20 - 09:25,529,49,result
2026-07-05,42,09:25 - 09:30,559,45,result
2026-07-05,43,09:30 - 09:35,190,28,result
2026-07-05,44,09:35 - 09:40,009,42,result
2026-07-05,45,09:40 - 09:45,161,37,result
2026-07-05,46,09:45 - 09:50,724,56,result
2026-07-05,47,09:50 - 09:55,448,02,result
2026-07-05,48,09:55 - 10:00,643,61,result
2026-07-05,49,10:00 - 10:05,160,72,result
2026-07-05,50,10:05 - 10:10,884,96,result
2026-07-05,51,10:10 - 10:15,924,87,result
2026-07-05,52,10:15 - 10:20,438,06,result
2026-07-05,53,10:20 - 10:25,990,83,result
2026-07-05,54,10:25 - 10:30,744,93,result
2026-07-05,55,10:30 - 10:35,025,15,result
2026-07-05,56,10:35 - 10:40,658,56,result
2026-07-05,57,10:40 - 10:45,985,44,result
2026-07-05,58,10:45 - 10:50,983,29,result
2026-07-05,59,10:50 - 10:55,194,56,result
2026-07-05,60,10:55 - 11:00,436,08,result
2026-07-05,61,11:00 - 11:05,210,63,result
2026-07-05,62,11:05 - 11:10,878,14,result
2026-07-05,63,11:10 - 11:15,545,23,result
2026-07-05,64,11:15 - 11:20,698,63,result
2026-07-05,65,11:20 - 11:25,694,40,result
2026-07-05,66,11:25 - 11:30,186,57,result
2026-07-05,67,11:30 - 11:35,659,10,result
2026-07-05,68,11:35 - 11:40,272,18,result
2026-07-05,69,11:40 - 11:45,321,03,result
2026-07-05,70,11:45 - 11:50,536,55,result
2026-07-05,71,11:50 - 11:55,584,01,result
2026-07-05,72,11:55 - 12:00,146,22,result
2026-07-05,73,12:00 - 12:05,126,39,result
2026-07-05,74,12:05 - 12:10,102,98,result
2026-07-05,75,12:10 - 12:15,151,18,result
2026-07-05,76,12:15 - 12:20,689,93,result
2026-07-05,77,12:20 - 12:25,795,35,result
2026-07-05,78,12:25 - 12:30,892,60,result
2026-07-05,79,12:30 - 12:35,156,79,result
2026-07-05,80,12:35 - 12:40,825,61,result
2026-07-05,81,12:40 - 12:45,089,38,result
2026-07-05,82,12:45 - 12:50,119,51,result
2026-07-05,83,12:50 - 12:55,407,19,result
2026-07-05,84,12:55 - 13:00,253,72,result
2026-07-05,85,13:00 - 13:05,976,18,result
2026-07-05,86,13:05 - 13:10,867,74,result
2026-07-05,87,13:10 - 13:15,884,41,result
2026-07-05,88,13:15 - 13:20,240,45,result
2026-07-05,89,13:20 - 13:25,796,92,result
2026-07-05,90,13:25 - 13:30,993,75,result
2026-07-05,91,13:30 - 13:35,394,32,result
2026-07-05,92,13:35 - 13:40,179,72,result
2026-07-05,93,13:40 - 13:45,982,27,result
2026-07-05,94,13:45 - 13:50,233,67,result
2026-07-05,95,13:50 - 13:55,097,49,result
2026-07-05,96,13:55 - 14:00,985,35,result
2026-07-05,97,14:00 - 14:05,401,49,result
2026-07-05,98,14:05 - 14:10,656,99,result
2026-07-05,99,14:10 - 14:15,419,66,result
2026-07-05,100,14:15 - 14:20,792,24,result
2026-07-05,101,14:20 - 14:25,977,97,result
2026-07-05,102,14:25 - 14:30,235,45,result
2026-07-05,103,14:30 - 14:35,570,64,result
2026-07-05,104,14:35 - 14:40,078,20,result
2026-07-05,105,14:40 - 14:45,674,45,result
2026-07-05,106,14:45 - 14:50,636,06,result
2026-07-05,107,14:50 - 14:55,026,50,result
2026-07-05,108,14:55 - 15:00,344,10,result
2026-07-05,109,15:00 - 15:05,498,29,result
2026-07-05,110,15:05 - 15:10,134,92,result
2026-07-05,111,15:10 - 15:15,312,32,result
2026-07-05,112,15:15 - 15:20,906,42,result
2026-07-05,113,15:20 - 15:25,807,15,result
2026-07-05,114,15:25 - 15:30,086,95,result
2026-07-05,115,15:30 - 15:35,375,99,result
2026-07-05,116,15:35 - 15:40,985,39,result
2026-07-05,117,15:40 - 15:45,477,16,result
2026-07-05,118,15:45 - 15:50,540,71,result
2026-07-05,119,15:50 - 15:55,136,19,result
2026-07-05,120,15:55 - 16:00,120,37,result
2026-07-05,121,16:00 - 16:05,499,19,result
2026-07-05,122,16:05 - 16:10,959,30,result
2026-07-05,123,16:10 - 16:15,041,93,result
2026-07-05,124,16:15 - 16:20,991,22,result
2026-07-05,126,16:25 - 16:30,037,63,result
2026-07-05,127,16:30 - 16:35,132,45,result
2026-07-05,128,16:35 - 16:40,569,26,result
2026-07-05,129,16:40 - 16:45,665,87,result
2026-07-05,130,16:45 - 16:50,891,79,result
2026-07-05,131,16:50 - 16:55,553,59,result
2026-07-05,132,16:55 - 17:00,664,03,result
2026-07-05,133,17:00 - 17:05,144,80,result
2026-07-05,134,17:05 - 17:10,271,18,result
2026-07-05,135,17:10 - 17:15,005,13,result
2026-07-05,136,17:15 - 17:20,604,38,result
2026-07-05,137,17:20 - 17:25,350,07,result
2026-07-05,138,17:25 - 17:30,891,08,result
2026-07-05,139,17:30 - 17:35,409,51,result
2026-07-05,140,17:35 - 17:40,649,98,result
2026-07-05,141,17:40 - 17:45,587,08,result
2026-07-05,142,17:45 - 17:50,979,38,result
2026-07-05,143,17:50 - 17:55,319,99,result
2026-07-05,144,17:55 - 18:00,937,07,result
2026-07-05,145,18:00 - 18:05,230,26,result
2026-07-05,146,18:05 - 18:10,056,58,result
2026-07-05,147,18:10 - 18:15,069,19,result
2026-07-05,148,18:15 - 18:20,527,38,result
2026-07-05,149,18:20 - 18:25,440,79,result
2026-07-05,150,18:25 - 18:30,326,10,result
2026-07-05,151,18:30 - 18:35,978,62,result
2026-07-05,152,18:35 - 18:40,800,08,result
2026-07-05,153,18:40 - 18:45,152,77,result
2026-07-05,154,18:45 - 18:50,688,70,result
2026-07-05,155,18:50 - 18:55,131,54,result
2026-07-05,156,18:55 - 19:00,554,20,result
2026-07-05,157,19:00 - 19:05,652,82,result
2026-07-05,158,19:05 - 19:10,756,13,result
2026-07-05,159,19:10 - 19:15,300,02,result
2026-07-05,160,19:15 - 19:20,886,76,result
2026-07-05,161,19:20 - 19:25,267,02,result
2026-07-05,162,19:25 - 19:30,433,31,result
2026-07-05,163,19:30 - 19:35,380,12,result
2026-07-05,164,19:35 - 19:40,629,86,result
2026-07-05,165,19:40 - 19:45,436,19,result
2026-07-05,166,19:45 - 19:50,453,39,result
2026-07-05,167,19:50 - 19:55,703,40,result
2026-07-05,168,19:55 - 20:00,873,32,result
2026-07-05,169,20:00 - 20:05,863,31,result
2026-07-05,170,20:05 - 20:10,857,66,result
2026-07-05,171,20:10 - 20:15,347,14,result
2026-07-05,172,20:15 - 20:20,162,05,result
2026-07-05,173,20:20 - 20:25,644,36,result
2026-07-05,174,20:25 - 20:30,413,61,result
2026-07-05,175,20:30 - 20:35,529,25,result
2026-07-05,176,20:35 - 20:40,616,72,result
2026-07-05,177,20:40 - 20:45,732,88,result
2026-07-05,178,20:45 - 20:50,694,25,result
2026-07-05,179,20:50 - 20:55,083,01,result
2026-07-05,180,20:55 - 21:00,535,16,result
2026-07-05,181,21:00 - 21:05,215,59,result
2026-07-05,182,21:05 - 21:10,120,95,result
2026-07-05,183,21:10 - 21:15,428,76,result
2026-07-05,184,21:15 - 21:20,924,67,result
2026-07-05,185,21:20 - 21:25,616,29,result
2026-07-05,186,21:25 - 21:30,654,00,result
2026-07-05,187,21:30 - 21:35,374,34,result
2026-07-05,188,21:35 - 21:40,508,90,result
2026-07-05,189,21:40 - 21:45,421,11,result
2026-07-05,190,21:45 - 21:50,733,72,result
2026-07-05,191,21:50 - 21:55,688,79,result
2026-07-05,192,21:55 - 22:00,972,62,result
2026-07-05,193,22:00 - 22:05,880,91,result
2026-07-05,194,22:05 - 22:10,389,94,result
2026-07-05,195,22:10 - 22:15,627,61,result
2026-07-05,196,22:15 - 22:20,172,17,result
2026-07-05,197,22:20 - 22:25,301,20,result
2026-07-05,198,22:25 - 22:30,930,20,result
2026-07-05,199,22:30 - 22:35,182,52,result
2026-07-05,200,22:35 - 22:40,164,52,result
2026-07-05,201,22:40 - 22:45,462,42,result
2026-07-05,202,22:45 - 22:50,130,49,result
2026-07-05,203,22:50 - 22:55,379,82,result
2026-07-05,204,22:55 - 23:00,668,90,result
2026-07-05,205,23:00 - 23:05,648,55,result
2026-07-05,207,23:10 - 23:15,626,79,result
2026-07-05,208,23:15 - 23:20,276,37,result
2026-07-05,209,23:20 - 23:25,104,89,result
2026-07-05,210,23:25 - 23:30,421,74,result
2026-07-05,211,23:30 - 23:35,240,63,result
2026-07-05,212,23:35 - 23:40,733,04,result
2026-07-05,213,23:40 - 23:45,330,44,result
2026-07-05,214,23:45 - 23:50,953,84,result
2026-07-05,215,23:50 - 23:55,992,22,result
2026-07-05,216,23:55 - 00:00,528,35,result
2026-07-05,217,00:00 - 00:05,452,23,result
2026-07-05,218,00:05 - 00:10,047,27,result
2026-07-05,219,00:10 - 00:15,345,16,result
2026-07-05,220,00:15 - 00:20,778,07,result
2026-07-05,221,00:20 - 00:25,999,31,result
2026-07-05,222,00:25 - 00:30,097,74,result
2026-07-05,223,00:30 - 00:35,653,99,result
2026-07-05,224,00:35 - 00:40,643,09,result
2026-07-05,225,00:40 - 00:45,613,39,result
2026-07-05,226,00:45 - 00:50,837,38,result
2026-07-05,227,00:50 - 00:55,785,38,result
2026-07-05,228,00:55 - 01:00,120,23,result
2026-07-05,229,01:00 - 01:05,844,18,result
2026-07-05,230,01:05 - 01:10,478,38,result
2026-07-05,231,01:10 - 01:15,430,74,result
2026-07-05,232,01:15 - 01:20,491,63,result
2026-07-05,233,01:20 - 01:25,550,10,result
2026-07-05,234,01:25 - 01:30,341,18,result
2026-07-05,235,01:30 - 01:35,414,20,result
2026-07-05,236,01:35 - 01:40,667,37,result
2026-07-05,237,01:40 - 01:45,016,04,result
2026-07-05,238,01:45 - 01:50,201,97,result
2026-07-05,239,01:50 - 01:55,802,75,result
2026-07-05,240,01:55 - 02:00,840,41,result
2026-07-05,241,02:00 - 02:05,570,87,result
2026-07-05,242,02:05 - 02:10,070,20,result
2026-07-05,243,02:10 - 02:15,673,72,result
2026-07-05,244,02:15 - 02:20,611,40,result
2026-07-05,245,02:20 - 02:25,671,53,result
2026-07-05,246,02:25 - 02:30,358,80,result
2026-07-05,247,02:30 - 02:35,131,30,result
2026-07-05,248,02:35 - 02:40,169,76,result
2026-07-05,249,02:40 - 02:45,021,68,result
2026-07-05,250,02:45 - 02:50,802,15,result
2026-07-05,251,02:50 - 02:55,124,85,result
2026-07-05,252,02:55 - 03:00,642,31,result
2026-07-05,253,03:00 - 03:05,837,48,result
2026-07-05,254,03:05 - 03:10,073,46,result
2026-07-05,255,03:10 - 03:15,044,92,result
2026-07-05,256,03:15 - 03:20,787,61,result
2026-07-05,257,03:20 - 03:25,853,28,result
2026-07-05,258,03:25 - 03:30,186,37,result
2026-07-05,259,03:30 - 03:35,702,58,result
2026-07-05,260,03:35 - 03:40,308,85,result
2026-07-05,261,03:40 - 03:45,080,78,result
2026-07-05,262,03:45 - 03:50,592,60,result
2026-07-05,263,03:50 - 03:55,279,20,result
2026-07-05,264,03:55 - 04:00,877,54,result
2026-07-05,265,04:00 - 04:05,174,26,result
2026-07-05,266,04:05 - 04:10,935,47,result
2026-07-05,267,04:10 - 04:15,680,38,result
2026-07-05,268,04:15 - 04:20,255,09,result
2026-07-05,269,04:20 - 04:25,255,10,result
2026-07-05,270,04:25 - 04:30,722,08,result
2026-07-05,271,04:30 - 04:35,921,76,result
2026-07-05,272,04:35 - 04:40,732,95,result
2026-07-05,273,04:40 - 04:45,701,09,result
2026-07-05,274,04:45 - 04:50,178,23,result
2026-07-05,275,04:50 - 04:55,356,00,result
2026-07-05,276,04:55 - 05:00,554,89,result
2026-07-05,277,05:00 - 05:05,728,40,result
2026-07-05,278,05:05 - 05:10,026,87,result
2026-07-05,279,05:10 - 05:15,691,05,result
2026-07-05,280,05:15 - 05:20,821,35,result
2026-07-05,281,05:20 - 05:25,188,15,result
2026-07-05,282,05:25 - 05:30,794,03,result
2026-07-05,283,05:30 - 05:35,653,31,result
2026-07-05,284,05:35 - 05:40,572,41,result
2026-07-05,285,05:40 - 05:45,438,60,result
2026-07-05,286,05:45 - 05:50,409,54,result
2026-07-05,287,05:50 - 05:55,724,75,result
2026-07-05,288,05:55 - 06:00,677,42,result
2026-07-06,1,06:00 - 06:05,060,42,result
2026-07-06,2,06:05 - 06:10,446,73,result
2026-07-06,3,06:10 - 06:15,260,92,result
2026-07-06,4,06:15 - 06:20,101,45,result
2026-07-06,5,06:20 - 06:25,879,21,result
2026-07-06,6,06:25 - 06:30,019,14,result
2026-07-06,7,06:30 - 06:35,827,46,result
2026-07-06,8,06:35 - 06:40,213,80,result
2026-07-06,9,06:40 - 06:45,333,01,result
2026-07-06,10,06:45 - 06:50,347,78,result
2026-07-06,11,06:50 - 06:55,081,67,result
2026-07-06,12,06:55 - 07:00,275,64,result
2026-07-06,13,07:00 - 07:05,377,78,result
2026-07-06,14,07:05 - 07:10,601,76,result
2026-07-06,15,07:10 - 07:15,044,63,result
2026-07-06,16,07:15 - 07:20,139,03,result
2026-07-06,17,07:20 - 07:25,967,47,result
2026-07-06,18,07:25 - 07:30,606,67,result
2026-07-06,19,07:30 - 07:35,250,43,result
2026-07-06,20,07:35 - 07:40,891,00,result
2026-07-06,21,07:40 - 07:45,078,92,result
2026-07-06,22,07:45 - 07:50,648,51,result
2026-07-06,23,07:50 - 07:55,505,98,result
2026-07-06,24,07:55 - 08:00,970,46,result
2026-07-06,25,08:00 - 08:05,031,03,result
2026-07-06,26,08:05 - 08:10,541,23,result
2026-07-06,27,08:10 - 08:15,768,75,result
2026-07-06,28,08:15 - 08:20,129,23,result
2026-07-06,29,08:20 - 08:25,858,81,result
2026-07-06,30,08:25 - 08:30,410,60,result
2026-07-06,31,08:30 - 08:35,693,25,result
2026-07-06,32,08:35 - 08:40,961,44,result
2026-07-06,33,08:40 - 08:45,306,37,result
2026-07-06,34,08:45 - 08:50,426,77,result
2026-07-06,35,08:50 - 08:55,333,50,result
2026-07-06,36,08:55 - 09:00,567,17,result
2026-07-06,37,09:00 - 09:05,754,87,result
2026-07-06,38,09:05 - 09:10,728,17,result
2026-07-06,39,09:10 - 09:15,995,10,result
2026-07-06,40,09:15 - 09:20,458,20,result
2026-07-06,41,09:20 - 09:25,493,83,result
2026-07-06,42,09:25 - 09:30,555,70,result
2026-07-06,43,09:30 - 09:35,588,27,result
2026-07-06,44,09:35 - 09:40,054,76,result
2026-07-06,45,09:40 - 09:45,740,58,result
2026-07-06,46,09:45 - 09:50,595,26,result
2026-07-06,47,09:50 - 09:55,534,44,result
2026-07-06,48,09:55 - 10:00,688,93,result
2026-07-06,49,10:00 - 10:05,352,77,result
2026-07-06,50,10:05 - 10:10,097,97,result
2026-07-06,51,10:10 - 10:15,329,25,result
2026-07-06,52,10:15 - 10:20,113,71,result
2026-07-06,53,10:20 - 10:25,489,13,result
2026-07-06,54,10:25 - 10:30,299,74,result
2026-07-06,55,10:30 - 10:35,406,07,result
2026-07-06,56,10:35 - 10:40,226,09,result
2026-07-06,57,10:40 - 10:45,279,26,result
2026-07-06,58,10:45 - 10:50,640,53,result
2026-07-06,59,10:50 - 10:55,422,18,result
2026-07-06,60,10:55 - 11:00,329,19,result
2026-07-06,61,11:00 - 11:05,574,43,result
2026-07-06,62,11:05 - 11:10,571,09,result
2026-07-06,63,11:10 - 11:15,432,66,result
2026-07-06,64,11:15 - 11:20,681,09,result
2026-07-06,65,11:20 - 11:25,129,17,result
2026-07-06,66,11:25 - 11:30,619,68,result
2026-07-06,67,11:30 - 11:35,692,08,result
2026-07-06,68,11:35 - 11:40,616,32,result
2026-07-06,69,11:40 - 11:45,481,95,result
2026-07-06,70,11:45 - 11:50,138,64,result
2026-07-06,71,11:50 - 11:55,795,98,result
2026-07-06,72,11:55 - 12:00,467,92,result
2026-07-06,73,12:00 - 12:05,214,94,result
2026-07-06,74,12:05 - 12:10,327,88,result
2026-07-06,75,12:10 - 12:15,127,94,result
2026-07-06,76,12:15 - 12:20,760,80,result
2026-07-06,77,12:20 - 12:25,772,39,result
2026-07-06,78,12:25 - 12:30,886,69,result
2026-07-06,79,12:30 - 12:35,618,54,result
2026-07-06,80,12:35 - 12:40,579,98,result
2026-07-06,81,12:40 - 12:45,570,10,result
2026-07-06,82,12:45 - 12:50,222,73,result
2026-07-06,83,12:50 - 12:55,822,93,result
2026-07-06,84,12:55 - 13:00,363,65,result
2026-07-06,85,13:00 - 13:05,789,95,result
2026-07-06,86,13:05 - 13:10,193,20,result
2026-07-06,87,13:10 - 13:15,641,49,result
2026-07-06,88,13:15 - 13:20,469,52,result
2026-07-06,89,13:20 - 13:25,113,83,result
2026-07-06,90,13:25 - 13:30,459,61,result
2026-07-06,91,13:30 - 13:35,766,30,result
2026-07-06,92,13:35 - 13:40,360,93,result
2026-07-06,93,13:40 - 13:45,523,59,result
2026-07-06,94,13:45 - 13:50,553,17,result
2026-07-06,95,13:50 - 13:55,840,21,result
2026-07-06,96,13:55 - 14:00,925,28,result
2026-07-06,97,14:00 - 14:05,936,35,result
2026-07-06,98,14:05 - 14:10,486,30,result
2026-07-06,99,14:10 - 14:15,097,39,result
2026-07-06,100,14:15 - 14:20,455,06,result
2026-07-06,101,14:20 - 14:25,894,97,result
2026-07-06,102,14:25 - 14:30,859,32,result
2026-07-06,103,14:30 - 14:35,422,06,result
2026-07-06,104,14:35 - 14:40,138,40,result
2026-07-06,105,14:40 - 14:45,521,43,result
2026-07-06,106,14:45 - 14:50,175,52,result
2026-07-06,107,14:50 - 14:55,150,10,result
2026-07-06,108,14:55 - 15:00,365,74,result
2026-07-06,109,15:00 - 15:05,218,98,result
2026-07-06,110,15:05 - 15:10,569,60,result
2026-07-06,111,15:10 - 15:15,347,00,result
2026-07-06,112,15:15 - 15:20,967,21,result
2026-07-06,113,15:20 - 15:25,763,10,result
2026-07-06,114,15:25 - 15:30,702,40,result
2026-07-06,115,15:30 - 15:35,784,97,result
2026-07-06,116,15:35 - 15:40,801,55,result
2026-07-06,117,15:40 - 15:45,056,66,result
2026-07-06,118,15:45 - 15:50,749,09,result
2026-07-06,119,15:50 - 15:55,041,60,result
2026-07-06,120,15:55 - 16:00,707,54,result
2026-07-06,121,16:00 - 16:05,509,75,result
2026-07-06,122,16:05 - 16:10,242,13,result
2026-07-06,123,16:10 - 16:15,803,03,result
2026-07-06,124,16:15 - 16:20,426,72,result
2026-07-06,125,16:20 - 16:25,903,50,result
2026-07-06,126,16:25 - 16:30,009,35,result
2026-07-06,127,16:30 - 16:35,155,92,result
2026-07-06,128,16:35 - 16:40,339,60,result
2026-07-06,129,16:40 - 16:45,585,92,result
2026-07-06,130,16:45 - 16:50,596,48,result
2026-07-06,131,16:50 - 16:55,964,51,result
2026-07-06,132,16:55 - 17:00,332,18,result
2026-07-06,133,17:00 - 17:05,930,92,result
2026-07-06,134,17:05 - 17:10,592,61,result
2026-07-06,135,17:10 - 17:15,068,82,result
2026-07-06,136,17:15 - 17:20,832,72,result
2026-07-06,137,17:20 - 17:25,701,09,result
2026-07-06,138,17:25 - 17:30,411,59,result
2026-07-06,139,17:30 - 17:35,357,88,result
2026-07-06,140,17:35 - 17:40,988,25,result
2026-07-06,141,17:40 - 17:45,478,63,result
2026-07-06,142,17:45 - 17:50,684,85,result
2026-07-06,143,17:50 - 17:55,675,08,result
2026-07-06,144,17:55 - 18:00,303,08,result
2026-07-06,145,18:00 - 18:05,386,04,result
2026-07-06,146,18:05 - 18:10,961,97,result
2026-07-06,147,18:10 - 18:15,952,22,result
2026-07-06,148,18:15 - 18:20,889,49,result
2026-07-06,149,18:20 - 18:25,635,44,result
2026-07-06,150,18:25 - 18:30,326,16,result
2026-07-06,151,18:30 - 18:35,116,60,result
2026-07-06,152,18:35 - 18:40,842,23,result
2026-07-06,153,18:40 - 18:45,644,57,result
2026-07-06,154,18:45 - 18:50,547,23,result
2026-07-06,155,18:50 - 18:55,423,06,result
2026-07-06,156,18:55 - 19:00,671,66,result
2026-07-06,157,19:00 - 19:05,665,10,result
2026-07-06,158,19:05 - 19:10,990,97,result
2026-07-06,159,19:10 - 19:15,303,86,result
2026-07-06,160,19:15 - 19:20,399,85,result
2026-07-06,161,19:20 - 19:25,434,83,result
2026-07-06,162,19:25 - 19:30,132,49,result
2026-07-06,163,19:30 - 19:35,396,01,result
2026-07-06,164,19:35 - 19:40,977,21,result
2026-07-06,165,19:40 - 19:45,123,27,result
2026-07-06,166,19:45 - 19:50,923,62,result
2026-07-06,167,19:50 - 19:55,477,35,result
2026-07-06,168,19:55 - 20:00,811,62,result
2026-07-06,169,20:00 - 20:05,496,05,result
2026-07-06,170,20:05 - 20:10,791,09,result
2026-07-06,171,20:10 - 20:15,841,31,result
2026-07-06,172,20:15 - 20:20,639,61,result
2026-07-06,173,20:20 - 20:25,999,52,result
2026-07-06,174,20:25 - 20:30,266,42,result
2026-07-06,175,20:30 - 20:35,884,35,result
2026-07-06,176,20:35 - 20:40,095,79,result
2026-07-06,177,20:40 - 20:45,779,83,result
2026-07-06,178,20:45 - 20:50,389,81,result
2026-07-06,179,20:50 - 20:55,504,18,result
2026-07-06,180,20:55 - 21:00,594,51,result
2026-07-06,181,21:00 - 21:05,850,97,result
2026-07-06,182,21:05 - 21:10,008,66,result
2026-07-06,183,21:10 - 21:15,437,14,result
2026-07-06,184,21:15 - 21:20,414,12,result
2026-07-06,185,21:20 - 21:25,148,19,result
2026-07-06,186,21:25 - 21:30,143,71,result
2026-07-06,187,21:30 - 21:35,291,81,result
2026-07-06,188,21:35 - 21:40,075,79,result
2026-07-06,189,21:40 - 21:45,480,32,result
2026-07-06,190,21:45 - 21:50,331,26,result
2026-07-06,191,21:50 - 21:55,461,18,result
2026-07-06,192,21:55 - 22:00,271,99,result
2026-07-06,193,22:00 - 22:05,512,34,result
2026-07-06,194,22:05 - 22:10,821,53,result
2026-07-06,195,22:10 - 22:15,503,71,result
2026-07-06,196,22:15 - 22:20,963,01,result
2026-07-06,197,22:20 - 22:25,964,27,result
2026-07-06,198,22:25 - 22:30,617,13,result
2026-07-06,199,22:30 - 22:35,931,69,result
2026-07-06,200,22:35 - 22:40,420,05,result
2026-07-06,201,22:40 - 22:45,791,34,result
2026-07-06,202,22:45 - 22:50,578,20,result
2026-07-06,203,22:50 - 22:55,312,67,result
2026-07-06,204,22:55 - 23:00,507,53,result
2026-07-06,205,23:00 - 23:05,656,42,result
2026-07-06,206,23:05 - 23:10,050,13,result
2026-07-06,207,23:10 - 23:15,539,91,result
2026-07-06,208,23:15 - 23:20,717,08,result
2026-07-06,209,23:20 - 23:25,479,79,result
2026-07-06,210,23:25 - 23:30,172,77,result
2026-07-06,211,23:30 - 23:35,350,88,result
2026-07-06,212,23:35 - 23:40,986,66,result
2026-07-06,213,23:40 - 23:45,660,07,result
2026-07-06,214,23:45 - 23:50,666,74,result
2026-07-06,215,23:50 - 23:55,392,64,result
2026-07-06,216,23:55 - 00:00,152,31,result
2026-07-06,217,00:00 - 00:05,929,76,result
2026-07-06,218,00:05 - 00:10,465,21,result
2026-07-06,219,00:10 - 00:15,771,81,result
2026-07-06,220,00:15 - 00:20,840,33,result
2026-07-06,221,00:20 - 00:25,769,13,result
2026-07-06,222,00:25 - 00:30,090,87,result
2026-07-06,223,00:30 - 00:35,333,56,result
2026-07-06,224,00:35 - 00:40,332,25,result
2026-07-06,225,00:40 - 00:45,165,25,result
2026-07-06,226,00:45 - 00:50,315,32,result
2026-07-06,227,00:50 - 00:55,967,87,result
2026-07-06,228,00:55 - 01:00,417,48,result
2026-07-06,229,01:00 - 01:05,972,28,result
2026-07-06,230,01:05 - 01:10,852,33,result
2026-07-06,231,01:10 - 01:15,197,72,result
2026-07-06,232,01:15 - 01:20,586,30,result
2026-07-06,233,01:20 - 01:25,538,73,result
2026-07-06,234,01:25 - 01:30,705,30,result
2026-07-06,235,01:30 - 01:35,043,91,result
2026-07-06,236,01:35 - 01:40,972,10,result
2026-07-06,237,01:40 - 01:45,086,40,result
2026-07-06,238,01:45 - 01:50,632,87,result
2026-07-06,239,01:50 - 01:55,231,49,result
2026-07-06,240,01:55 - 02:00,128,94,result
2026-07-06,241,02:00 - 02:05,800,11,result
2026-07-06,242,02:05 - 02:10,033,88,result
2026-07-06,243,02:10 - 02:15,502,40,result
2026-07-06,244,02:15 - 02:20,966,58,result
2026-07-06,245,02:20 - 02:25,283,87,result
2026-07-06,246,02:25 - 02:30,246,76,result
2026-07-06,247,02:30 - 02:35,022,07,result
2026-07-06,248,02:35 - 02:40,315,59,result
2026-07-06,249,02:40 - 02:45,903,90,result
2026-07-06,250,02:45 - 02:50,686,26,result
2026-07-06,251,02:50 - 02:55,329,48,result
2026-07-06,252,02:55 - 03:00,667,53,result
2026-07-06,253,03:00 - 03:05,055,70,result
2026-07-06,254,03:05 - 03:10,190,18,result
2026-07-06,255,03:10 - 03:15,202,19,result
2026-07-06,256,03:15 - 03:20,023,40,result
2026-07-06,257,03:20 - 03:25,411,03,result
2026-07-06,258,03:25 - 03:30,319,73,result
2026-07-06,259,03:30 - 03:35,915,46,result
2026-07-06,260,03:35 - 03:40,244,88,result
2026-07-06,261,03:40 - 03:45,480,58,result
2026-07-06,262,03:45 - 03:50,310,09,result
2026-07-06,263,03:50 - 03:55,023,91,result
2026-07-06,264,03:55 - 04:00,198,97,result
2026-07-06,265,04:00 - 04:05,700,63,result
2026-07-06,266,04:05 - 04:10,048,81,result
2026-07-06,267,04:10 - 04:15,230,87,result
2026-07-06,268,04:15 - 04:20,740,23,result
2026-07-06,269,04:20 - 04:25,225,18,result
2026-07-06,270,04:25 - 04:30,752,95,result
2026-07-06,271,04:30 - 04:35,450,13,result
2026-07-06,272,04:35 - 04:40,487,45,result
2026-07-06,273,04:40 - 04:45,570,37,result
2026-07-06,274,04:45 - 04:50,887,64,result
2026-07-06,275,04:50 - 04:55,212,30,result
2026-07-06,276,04:55 - 05:00,969,03,result
2026-07-06,277,05:00 - 05:05,783,60,result
2026-07-06,278,05:05 - 05:10,428,11,result
2026-07-06,279,05:10 - 05:15,774,93,result
2026-07-06,280,05:15 - 05:20,461,77,result
2026-07-06,281,05:20 - 05:25,674,86,result
2026-07-06,282,05:25 - 05:30,285,34,result
2026-07-06,283,05:30 - 05:35,361,01,result
2026-07-06,284,05:35 - 05:40,172,36,result
2026-07-06,285,05:40 - 05:45,296,70,result
2026-07-06,286,05:45 - 05:50,212,31,result
2026-07-06,287,05:50 - 05:55,625,90,result
2026-07-06,288,05:55 - 06:00,064,11,result
2026-07-07,1,06:00 - 06:05,357,14,result
2026-07-07,2,06:05 - 06:10,816,72,result
2026-07-07,3,06:10 - 06:15,846,72,result
2026-07-07,4,06:15 - 06:20,624,77,result
2026-07-07,5,06:20 - 06:25,841,86,result
2026-07-07,6,06:25 - 06:30,978,93,result
2026-07-07,7,06:30 - 06:35,410,43,result
2026-07-07,8,06:35 - 06:40,281,79,result
2026-07-07,9,06:40 - 06:45,083,03,result
2026-07-07,10,06:45 - 06:50,054,15,result
2026-07-07,11,06:50 - 06:55,806,09,result
2026-07-07,12,06:55 - 07:00,533,49,result
2026-07-07,13,07:00 - 07:05,892,47,result
2026-07-07,14,07:05 - 07:10,315,72,result
2026-07-07,15,07:10 - 07:15,041,22,result
2026-07-07,16,07:15 - 07:20,438,83,result
2026-07-07,17,07:20 - 07:25,537,76,result
2026-07-07,18,07:25 - 07:30,843,24,result
2026-07-07,19,07:30 - 07:35,443,46,result
2026-07-07,20,07:35 - 07:40,741,33,result
2026-07-07,21,07:40 - 07:45,695,23,result
2026-07-07,22,07:45 - 07:50,155,45,result
2026-07-07,23,07:50 - 07:55,612,29,result
2026-07-07,24,07:55 - 08:00,076,87,result
2026-07-07,25,08:00 - 08:05,487,15,result
2026-07-07,26,08:05 - 08:10,244,79,result
2026-07-07,27,08:10 - 08:15,461,96,result
2026-07-07,28,08:15 - 08:20,823,19,result
2026-07-07,29,08:20 - 08:25,686,44,result
2026-07-07,30,08:25 - 08:30,760,13,result
2026-07-07,31,08:30 - 08:35,875,58,result
2026-07-07,32,08:35 - 08:40,912,96,result
2026-07-07,33,08:40 - 08:45,407,43,result
2026-07-07,34,08:45 - 08:50,431,81,result
2026-07-07,35,08:50 - 08:55,959,80,result
2026-07-07,36,08:55 - 09:00,967,64,result
2026-07-07,37,09:00 - 09:05,968,94,result
2026-07-07,38,09:05 - 09:10,938,56,result
2026-07-07,39,09:10 - 09:15,126,77,result
2026-07-07,40,09:15 - 09:20,321,69,result
2026-07-07,41,09:20 - 09:25,832,83,result
2026-07-07,42,09:25 - 09:30,403,71,result
2026-07-07,43,09:30 - 09:35,512,98,result
2026-07-07,44,09:35 - 09:40,902,56,result
2026-07-07,45,09:40 - 09:45,744,93,result
2026-07-07,46,09:45 - 09:50,508,08,result
2026-07-07,47,09:50 - 09:55,143,38,result
2026-07-07,48,09:55 - 10:00,359,34,result
2026-07-07,49,10:00 - 10:05,543,13,result
2026-07-07,50,10:05 - 10:10,397,04,result
2026-07-07,51,10:10 - 10:15,627,05,result
2026-07-07,52,10:15 - 10:20,346,75,result
2026-07-07,53,10:20 - 10:25,966,98,result
2026-07-07,54,10:25 - 10:30,320,07,result
2026-07-07,55,10:30 - 10:35,854,85,result
2026-07-07,56,10:35 - 10:40,520,32,result
2026-07-07,57,10:40 - 10:45,583,67,result
2026-07-07,58,10:45 - 10:50,984,61,result
2026-07-07,59,10:50 - 10:55,789,84,result
2026-07-07,60,10:55 - 11:00,911,25,result
2026-07-07,61,11:00 - 11:05,004,25,result
2026-07-07,62,11:05 - 11:10,828,49,result
2026-07-07,63,11:10 - 11:15,812,48,result
2026-07-07,64,11:15 - 11:20,018,36,result
2026-07-07,65,11:20 - 11:25,487,90,result
2026-07-07,66,11:25 - 11:30,324,12,result
2026-07-07,67,11:30 - 11:35,530,30,result
2026-07-07,68,11:35 - 11:40,963,02,result
2026-07-07,69,11:40 - 11:45,119,29,result
2026-07-07,70,11:45 - 11:50,780,35,result
2026-07-07,71,11:50 - 11:55,802,68,result
2026-07-07,72,11:55 - 12:00,650,20,result
2026-07-07,73,12:00 - 12:05,858,30,result
2026-07-07,74,12:05 - 12:10,880,33,result
2026-07-07,75,12:10 - 12:15,619,85,result
2026-07-07,76,12:15 - 12:20,333,80,result
2026-07-07,77,12:20 - 12:25,523,42,result
2026-07-07,78,12:25 - 12:30,883,45,result
2026-07-07,79,12:30 - 12:35,032,53,result
2026-07-07,80,12:35 - 12:40,096,82,result
2026-07-07,81,12:40 - 12:45,749,68,result
2026-07-07,82,12:45 - 12:50,093,95,result
2026-07-07,83,12:50 - 12:55,459,61,result
2026-07-07,84,12:55 - 13:00,345,36,result
2026-07-07,85,13:00 - 13:05,204,00,result
2026-07-07,86,13:05 - 13:10,927,41,result
2026-07-07,87,13:10 - 13:15,546,49,result
2026-07-07,88,13:15 - 13:20,967,28,result
2026-07-07,89,13:20 - 13:25,153,10,result
2026-07-07,90,13:25 - 13:30,444,58,result
2026-07-07,91,13:30 - 13:35,022,96,result
2026-07-07,92,13:35 - 13:40,646,61,result
2026-07-07,93,13:40 - 13:45,623,16,result
2026-07-07,94,13:45 - 13:50,536,04,result
2026-07-07,95,13:50 - 13:55,105,10,result
2026-07-07,96,13:55 - 14:00,032,57,result
2026-07-07,97,14:00 - 14:05,095,94,result
2026-07-07,98,14:05 - 14:10,860,77,result
2026-07-07,99,14:10 - 14:15,162,48,result
2026-07-07,100,14:15 - 14:20,168,80,result
2026-07-07,101,14:20 - 14:25,356,29,result
2026-07-07,102,14:25 - 14:30,132,92,result
2026-07-07,103,14:30 - 14:35,606,48,result
2026-07-07,104,14:35 - 14:40,952,20,result
2026-07-07,105,14:40 - 14:45,903,90,result
2026-07-07,106,14:45 - 14:50,327,02,result
2026-07-07,107,14:50 - 14:55,735,02,result
2026-07-07,108,14:55 - 15:00,853,91,result
2026-07-07,109,15:00 - 15:05,919,38,result
2026-07-07,110,15:05 - 15:10,959,89,result
2026-07-07,111,15:10 - 15:15,076,69,result
2026-07-07,112,15:15 - 15:20,509,37,result
2026-07-07,113,15:20 - 15:25,226,73,result
2026-07-07,114,15:25 - 15:30,450,19,result
2026-07-07,115,15:30 - 15:35,919,23,result
2026-07-07,116,15:35 - 15:40,417,26,result
2026-07-07,117,15:40 - 15:45,640,67,result
2026-07-07,118,15:45 - 15:50,694,23,result
2026-07-07,119,15:50 - 15:55,584,81,result
2026-07-07,120,15:55 - 16:00,171,06,result
2026-07-07,121,16:00 - 16:05,849,55,result
2026-07-07,122,16:05 - 16:10,372,69,result
2026-07-07,123,16:10 - 16:15,321,17,result
2026-07-07,124,16:15 - 16:20,468,36,result
2026-07-07,125,16:20 - 16:25,954,77,result
2026-07-07,126,16:25 - 16:30,731,08,result
2026-07-07,127,16:30 - 16:35,075,67,result
2026-07-07,128,16:35 - 16:40,837,26,result
2026-07-07,129,16:40 - 16:45,042,56,result
2026-07-07,130,16:45 - 16:50,909,75,result
2026-07-07,131,16:50 - 16:55,193,69,result
2026-07-07,132,16:55 - 17:00,989,65,result
2026-07-07,133,17:00 - 17:05,869,86,result
2026-07-07,134,17:05 - 17:10,424,61,result
2026-07-07,135,17:10 - 17:15,897,62,result
2026-07-07,136,17:15 - 17:20,434,33,result
2026-07-07,137,17:20 - 17:25,474,47,result
2026-07-07,138,17:25 - 17:30,432,13,result
2026-07-07,139,17:30 - 17:35,495,99,result
2026-07-07,140,17:35 - 17:40,068,21,result
2026-07-07,141,17:40 - 17:45,107,27,result
2026-07-07,142,17:45 - 17:50,714,66,result
2026-07-07,143,17:50 - 17:55,033,03,result
2026-07-07,144,17:55 - 18:00,159,22,result
2026-07-07,145,18:00 - 18:05,100,84,result
2026-07-07,146,18:05 - 18:10,330,92,result
2026-07-07,147,18:10 - 18:15,047,38,result
2026-07-07,148,18:15 - 18:20,779,76,result
2026-07-07,149,18:20 - 18:25,717,84,result
2026-07-07,150,18:25 - 18:30,029,78,result
2026-07-07,151,18:30 - 18:35,825,80,result
2026-07-07,152,18:35 - 18:40,995,31,result
2026-07-07,153,18:40 - 18:45,093,89,result
2026-07-07,154,18:45 - 18:50,069,90,result
2026-07-07,155,18:50 - 18:55,008,50,result
2026-07-07,156,18:55 - 19:00,177,51,result
2026-07-07,157,19:00 - 19:05,062,55,result
2026-07-07,158,19:05 - 19:10,757,74,result
2026-07-07,159,19:10 - 19:15,952,56,result
2026-07-07,160,19:15 - 19:20,561,01,result
2026-07-07,161,19:20 - 19:25,348,33,result
2026-07-07,162,19:25 - 19:30,997,79,result
2026-07-07,163,19:30 - 19:35,241,62,result
2026-07-07,164,19:35 - 19:40,487,75,result
2026-07-07,165,19:40 - 19:45,913,03,result
2026-07-07,166,19:45 - 19:50,149,86,result
2026-07-07,167,19:50 - 19:55,511,86,result
2026-07-07,168,19:55 - 20:00,993,09,result
2026-07-07,169,20:00 - 20:05,471,97,result
2026-07-07,170,20:05 - 20:10,577,49,result
2026-07-07,171,20:10 - 20:15,978,86,result
2026-07-07,172,20:15 - 20:20,935,86,result
2026-07-07,173,20:20 - 20:25,488,15,result
2026-07-07,174,20:25 - 20:30,169,53,result
2026-07-07,175,20:30 - 20:35,544,44,result
2026-07-07,176,20:35 - 20:40,162,34,result
2026-07-07,177,20:40 - 20:45,685,98,result
2026-07-07,178,20:45 - 20:50,926,45,result
2026-07-07,179,20:50 - 20:55,376,08,result
2026-07-07,180,20:55 - 21:00,107,87,result
2026-07-07,181,21:00 - 21:05,392,69,result
2026-07-07,182,21:05 - 21:10,339,25,result
2026-07-07,183,21:10 - 21:15,228,61,result
2026-07-07,184,21:15 - 21:20,627,37,result
2026-07-07,185,21:20 - 21:25,334,44,result
2026-07-07,186,21:25 - 21:30,955,41,result
2026-07-07,187,21:30 - 21:35,230,39,result
2026-07-07,188,21:35 - 21:40,081,79,result
2026-07-07,189,21:40 - 21:45,502,83,result
2026-07-07,190,21:45 - 21:50,181,88,result
2026-07-07,191,21:50 - 21:55,781,27,result
2026-07-07,192,21:55 - 22:00,778,94,result
2026-07-07,193,22:00 - 22:05,116,69,result
2026-07-07,194,22:05 - 22:10,009,85,result
2026-07-07,195,22:10 - 22:15,733,48,result
2026-07-07,196,22:15 - 22:20,681,69,result
2026-07-07,197,22:20 - 22:25,580,23,result
2026-07-07,198,22:25 - 22:30,921,72,result
2026-07-07,199,22:30 - 22:35,859,77,result
2026-07-07,200,22:35 - 22:40,807,18,result
2026-07-07,201,22:40 - 22:45,437,59,result
2026-07-07,202,22:45 - 22:50,088,56,result
2026-07-07,203,22:50 - 22:55,605,35,result
2026-07-07,204,22:55 - 23:00,261,21,result
2026-07-07,205,23:00 - 23:05,419,67,result
2026-07-07,206,23:05 - 23:10,393,38,result
2026-07-07,207,23:10 - 23:15,344,28,result
2026-07-07,208,23:15 - 23:20,257,50,result
2026-07-07,209,23:20 - 23:25,809,05,result
2026-07-07,210,23:25 - 23:30,812,03,result
2026-07-07,211,23:30 - 23:35,213,45,result
2026-07-07,212,23:35 - 23:40,946,46,result
2026-07-07,213,23:40 - 23:45,290,48,result
2026-07-07,214,23:45 - 23:50,700,39,result
2026-07-07,215,23:50 - 23:55,882,92,result
2026-07-07,216,23:55 - 00:00,721,84,result
2026-07-07,217,00:00 - 00:05,275,95,result
2026-07-07,218,00:05 - 00:10,763,26,result
2026-07-07,219,00:10 - 00:15,741,00,result
2026-07-07,220,00:15 - 00:20,551,36,result
2026-07-07,221,00:20 - 00:25,098,69,result
2026-07-07,222,00:25 - 00:30,393,90,result
2026-07-07,223,00:30 - 00:35,462,62,result
2026-07-07,224,00:35 - 00:40,990,61,result
2026-07-07,225,00:40 - 00:45,556,34,result
2026-07-07,226,00:45 - 00:50,765,16,result
2026-07-07,227,00:50 - 00:55,522,41,result
2026-07-07,228,00:55 - 01:00,573,59,result
2026-07-07,229,01:00 - 01:05,996,60,result
2026-07-07,230,01:05 - 01:10,653,96,result
2026-07-07,231,01:10 - 01:15,007,73,result
2026-07-07,232,01:15 - 01:20,103,46,result
2026-07-07,233,01:20 - 01:25,318,53,result
2026-07-07,234,01:25 - 01:30,561,19,result
2026-07-07,235,01:30 - 01:35,937,34,result
2026-07-07,236,01:35 - 01:40,752,65,result
2026-07-07,237,01:40 - 01:45,896,41,result
2026-07-07,238,01:45 - 01:50,097,41,result
2026-07-07,239,01:50 - 01:55,311,36,result
2026-07-07,240,01:55 - 02:00,516,78,result
2026-07-07,241,02:00 - 02:05,931,49,result
2026-07-07,242,02:05 - 02:10,504,17,result
2026-07-07,243,02:10 - 02:15,307,87,result
2026-07-07,244,02:15 - 02:20,771,12,result
2026-07-07,245,02:20 - 02:25,628,84,result
2026-07-07,246,02:25 - 02:30,115,20,result
2026-07-07,247,02:30 - 02:35,218,03,result
2026-07-07,248,02:35 - 02:40,923,81,result
2026-07-07,249,02:40 - 02:45,512,83,result
2026-07-07,250,02:45 - 02:50,948,62,result
2026-07-07,251,02:50 - 02:55,710,69,result
2026-07-07,252,02:55 - 03:00,955,23,result
2026-07-07,253,03:00 - 03:05,744,00,result
2026-07-07,254,03:05 - 03:10,566,18,result
2026-07-07,255,03:10 - 03:15,922,98,result
2026-07-07,256,03:15 - 03:20,314,56,result
2026-07-07,257,03:20 - 03:25,940,55,result
2026-07-07,258,03:25 - 03:30,010,13,result
2026-07-07,259,03:30 - 03:35,283,11,result
2026-07-07,260,03:35 - 03:40,021,70,result
2026-07-07,261,03:40 - 03:45,351,01,result
2026-07-07,262,03:45 - 03:50,401,58,result
2026-07-07,263,03:50 - 03:55,296,09,result
2026-07-07,264,03:55 - 04:00,662,89,result
2026-07-07,265,04:00 - 04:05,817,79,result
2026-07-07,266,04:05 - 04:10,516,13,result
2026-07-07,267,04:10 - 04:15,728,51,result
2026-07-07,268,04:15 - 04:20,175,97,result
2026-07-07,269,04:20 - 04:25,994,70,result
2026-07-07,270,04:25 - 04:30,938,49,result
2026-07-07,271,04:30 - 04:35,663,29,result
2026-07-07,272,04:35 - 04:40,009,05,result
2026-07-07,273,04:40 - 04:45,789,66,result
2026-07-07,274,04:45 - 04:50,012,20,result
2026-07-07,275,04:50 - 04:55,053,70,result
2026-07-07,276,04:55 - 05:00,866,67,result
2026-07-07,277,05:00 - 05:05,144,95,result
2026-07-07,278,05:05 - 05:10,561,23,result
2026-07-07,279,05:10 - 05:15,443,55,result
2026-07-07,280,05:15 - 05:20,028,09,result
2026-07-07,281,05:20 - 05:25,044,82,result
2026-07-07,282,05:25 - 05:30,886,00,result
2026-07-07,283,05:30 - 05:35,869,64,result
2026-07-07,284,05:35 - 05:40,247,82,result
2026-07-07,285,05:40 - 05:45,710,37,result
2026-07-07,286,05:45 - 05:50,787,56,result
2026-07-07,287,05:50 - 05:55,306,34,result
2026-07-07,288,05:55 - 06:00,793,37,result
2026-07-08,1,06:00 - 06:05,899,30,result
2026-07-08,2,06:05 - 06:10,899,41,result
2026-07-08,3,06:10 - 06:15,262,13,result
2026-07-08,4,06:15 - 06:20,623,89,result
2026-07-08,5,06:20 - 06:25,661,03,result
2026-07-08,6,06:25 - 06:30,109,16,result
2026-07-08,7,06:30 - 06:35,486,76,result
2026-07-08,8,06:35 - 06:40,418,38,result
2026-07-08,9,06:40 - 06:45,197,54,result
2026-07-08,10,06:45 - 06:50,049,71,result
2026-07-08,11,06:50 - 06:55,491,65,result
2026-07-08,12,06:55 - 07:00,270,76,result
2026-07-08,13,07:00 - 07:05,776,18,result
2026-07-08,14,07:05 - 07:10,656,01,result
2026-07-08,15,07:10 - 07:15,208,91,result
2026-07-08,16,07:15 - 07:20,037,88,result
2026-07-08,17,07:20 - 07:25,453,29,result
2026-07-08,18,07:25 - 07:30,038,93,result
2026-07-08,19,07:30 - 07:35,029,55,result
2026-07-08,20,07:35 - 07:40,402,85,result
2026-07-08,21,07:40 - 07:45,751,23,result
2026-07-08,22,07:45 - 07:50,296,67,result
2026-07-08,23,07:50 - 07:55,586,27,result
2026-07-08,24,07:55 - 08:00,981,25,result
2026-07-08,25,08:00 - 08:05,994,77,result
2026-07-08,26,08:05 - 08:10,407,94,result
2026-07-08,27,08:10 - 08:15,582,83,result
2026-07-08,28,08:15 - 08:20,257,44,result
2026-07-08,29,08:20 - 08:25,661,86,result
2026-07-08,30,08:25 - 08:30,326,09,result
2026-07-08,31,08:30 - 08:35,662,41,result
2026-07-08,32,08:35 - 08:40,760,60,result
2026-07-08,33,08:40 - 08:45,832,08,result
2026-07-08,34,08:45 - 08:50,120,06,result
2026-07-08,35,08:50 - 08:55,878,37,result
2026-07-08,36,08:55 - 09:00,262,49,result
2026-07-08,37,09:00 - 09:05,987,29,result
2026-07-08,38,09:05 - 09:10,127,87,result
2026-07-08,39,09:10 - 09:15,320,99,result
2026-07-08,40,09:15 - 09:20,989,00,result
2026-07-08,41,09:20 - 09:25,702,97,result
2026-07-08,42,09:25 - 09:30,341,81,result
2026-07-08,43,09:30 - 09:35,341,16,result
2026-07-08,44,09:35 - 09:40,199,96,result
2026-07-08,45,09:40 - 09:45,752,29,result
2026-07-08,46,09:45 - 09:50,684,39,result
2026-07-08,47,09:50 - 09:55,951,02,result
2026-07-08,48,09:55 - 10:00,104,03,result
2026-07-08,49,10:00 - 10:05,744,88,result
2026-07-08,50,10:05 - 10:10,282,18,result
2026-07-08,51,10:10 - 10:15,522,17,result
2026-07-08,52,10:15 - 10:20,881,64,result
2026-07-08,53,10:20 - 10:25,974,91,result
2026-07-08,54,10:25 - 10:30,933,04,result
2026-07-08,55,10:30 - 10:35,320,47,result
2026-07-08,56,10:35 - 10:40,935,76,result
2026-07-08,57,10:40 - 10:45,181,02,result
2026-07-08,58,10:45 - 10:50,705,25,result
2026-07-08,59,10:50 - 10:55,485,84,result
2026-07-08,60,10:55 - 11:00,751,60,result
2026-07-08,61,11:00 - 11:05,292,08,result
2026-07-08,62,11:05 - 11:10,814,30,result
2026-07-08,63,11:10 - 11:15,666,49,result
2026-07-08,64,11:15 - 11:20,960,80,result
2026-07-08,65,11:20 - 11:25,265,92,result
2026-07-08,66,11:25 - 11:30,250,65,result
2026-07-08,67,11:30 - 11:35,239,83,result
2026-07-08,68,11:35 - 11:40,407,05,result
2026-07-08,69,11:40 - 11:45,459,77,result
2026-07-08,70,11:45 - 11:50,711,41,result
2026-07-08,71,11:50 - 11:55,368,04,result
2026-07-08,72,11:55 - 12:00,718,26,result
2026-07-08,73,12:00 - 12:05,942,04,result
2026-07-08,74,12:05 - 12:10,427,21,result
2026-07-08,75,12:10 - 12:15,649,70,result
2026-07-08,76,12:15 - 12:20,788,27,result
2026-07-08,77,12:20 - 12:25,191,77,result
2026-07-08,78,12:25 - 12:30,090,14,result
2026-07-08,79,12:30 - 12:35,737,80,result
2026-07-08,80,12:35 - 12:40,673,96,result
2026-07-08,81,12:40 - 12:45,048,79,result
2026-07-08,82,12:45 - 12:50,750,97,result
2026-07-08,83,12:50 - 12:55,437,13,result
2026-07-08,84,12:55 - 13:00,023,03,result
2026-07-08,85,13:00 - 13:05,197,79,result
2026-07-08,86,13:05 - 13:10,449,52,result
2026-07-08,87,13:10 - 13:15,941,91,result
2026-07-08,88,13:15 - 13:20,874,86,result
2026-07-08,89,13:20 - 13:25,426,73,result
2026-07-08,90,13:25 - 13:30,436,35,result
2026-07-08,91,13:30 - 13:35,492,03,result
2026-07-08,92,13:35 - 13:40,436,46,result
2026-07-08,93,13:40 - 13:45,680,72,result
2026-07-08,94,13:45 - 13:50,089,38,result
2026-07-08,95,13:50 - 13:55,946,77,result
2026-07-08,96,13:55 - 14:00,696,73,result
2026-07-08,97,14:00 - 14:05,174,14,result
2026-07-08,98,14:05 - 14:10,235,36,result
2026-07-08,99,14:10 - 14:15,085,00,result
2026-07-08,100,14:15 - 14:20,564,23,result
2026-07-08,101,14:20 - 14:25,681,23,result
2026-07-08,102,14:25 - 14:30,337,44,result
2026-07-08,103,14:30 - 14:35,243,55,result
2026-07-08,104,14:35 - 14:40,588,84,result
2026-07-08,105,14:40 - 14:45,888,42,result
2026-07-08,106,14:45 - 14:50,180,41,result
2026-07-08,107,14:50 - 14:55,332,41,result
2026-07-08,108,14:55 - 15:00,217,42,result
2026-07-08,109,15:00 - 15:05,435,43,result
2026-07-08,110,15:05 - 15:10,064,04,result
2026-07-08,111,15:10 - 15:15,738,83,result
2026-07-08,112,15:15 - 15:20,794,79,result
2026-07-08,113,15:20 - 15:25,391,47,result
2026-07-08,114,15:25 - 15:30,073,90,result
2026-07-08,115,15:30 - 15:35,274,57,result
2026-07-08,116,15:35 - 15:40,208,58,result
2026-07-08,117,15:40 - 15:45,698,54,result
2026-07-08,118,15:45 - 15:50,449,70,result
2026-07-08,119,15:50 - 15:55,935,95,result
2026-07-08,120,15:55 - 16:00,204,43,result
2026-07-08,121,16:00 - 16:05,421,62,result
2026-07-08,122,16:05 - 16:10,999,78,result
2026-07-08,123,16:10 - 16:15,051,84,result
2026-07-08,124,16:15 - 16:20,820,67,result
2026-07-08,125,16:20 - 16:25,389,88,result
2026-07-08,126,16:25 - 16:30,720,62,result
2026-07-08,127,16:30 - 16:35,577,55,result
2026-07-08,128,16:35 - 16:40,224,90,result
2026-07-08,129,16:40 - 16:45,165,03,result
2026-07-08,130,16:45 - 16:50,595,41,result
2026-07-08,131,16:50 - 16:55,481,49,result
2026-07-08,132,16:55 - 17:00,327,47,result
2026-07-08,133,17:00 - 17:05,289,05,result
2026-07-08,134,17:05 - 17:10,088,74,result
2026-07-08,135,17:10 - 17:15,260,85,result
2026-07-08,136,17:15 - 17:20,309,77,result
2026-07-08,137,17:20 - 17:25,608,82,result
2026-07-08,138,17:25 - 17:30,138,54,result
2026-07-08,139,17:30 - 17:35,536,58,result
2026-07-08,140,17:35 - 17:40,031,37,result
2026-07-08,141,17:40 - 17:45,718,65,result
2026-07-08,142,17:45 - 17:50,866,25,result
2026-07-08,143,17:50 - 17:55,350,25,result
2026-07-08,144,17:55 - 18:00,111,08,result
2026-07-08,145,18:00 - 18:05,362,54,result
2026-07-08,146,18:05 - 18:10,053,23,result
2026-07-08,147,18:10 - 18:15,853,25,result
2026-07-08,148,18:15 - 18:20,486,58,result
2026-07-08,149,18:20 - 18:25,523,10,result
2026-07-08,150,18:25 - 18:30,559,03,result
2026-07-08,151,18:30 - 18:35,832,05,result
2026-07-08,152,18:35 - 18:40,165,88,result
2026-07-08,153,18:40 - 18:45,513,82,result
2026-07-08,154,18:45 - 18:50,246,33,result
2026-07-08,155,18:50 - 18:55,292,26,result
2026-07-08,156,18:55 - 19:00,244,81,result
2026-07-08,157,19:00 - 19:05,311,75,result
2026-07-08,158,19:05 - 19:10,832,09,result
2026-07-08,159,19:10 - 19:15,574,00,result
2026-07-08,160,19:15 - 19:20,322,07,result
2026-07-08,161,19:20 - 19:25,243,80,result
2026-07-08,162,19:25 - 19:30,395,50,result
2026-07-08,163,19:30 - 19:35,325,42,result
2026-07-08,164,19:35 - 19:40,033,61,result
2026-07-08,165,19:40 - 19:45,928,09,result
2026-07-08,166,19:45 - 19:50,791,61,result
2026-07-08,167,19:50 - 19:55,756,44,result
2026-07-08,168,19:55 - 20:00,332,67,result
2026-07-08,169,20:00 - 20:05,834,62,result
2026-07-08,170,20:05 - 20:10,673,04,result
2026-07-08,171,20:10 - 20:15,693,22,result
2026-07-08,172,20:15 - 20:20,758,02,result
2026-07-08,173,20:20 - 20:25,053,89,result
2026-07-08,174,20:25 - 20:30,896,25,result
2026-07-08,175,20:30 - 20:35,431,48,result
2026-07-08,176,20:35 - 20:40,753,80,result
2026-07-08,177,20:40 - 20:45,028,27,result
2026-07-08,178,20:45 - 20:50,704,24,result
2026-07-08,179,20:50 - 20:55,796,44,result
2026-07-08,180,20:55 - 21:00,084,28,result
2026-07-08,181,21:00 - 21:05,830,82,result
2026-07-08,182,21:05 - 21:10,509,98,result
2026-07-08,183,21:10 - 21:15,482,92,result
2026-07-08,184,21:15 - 21:20,239,68,result
2026-07-08,185,21:20 - 21:25,939,37,result
2026-07-08,186,21:25 - 21:30,353,74,result
2026-07-08,187,21:30 - 21:35,988,40,result
2026-07-08,188,21:35 - 21:40,827,74,result
2026-07-08,189,21:40 - 21:45,944,50,result
2026-07-08,190,21:45 - 21:50,550,11,result
2026-07-08,191,21:50 - 21:55,291,50,result
2026-07-08,192,21:55 - 22:00,778,92,result
2026-07-08,193,22:00 - 22:05,089,30,result
2026-07-08,194,22:05 - 22:10,688,48,result
2026-07-08,195,22:10 - 22:15,981,21,result
2026-07-08,196,22:15 - 22:20,727,12,result
2026-07-08,197,22:20 - 22:25,896,91,result
2026-07-08,198,22:25 - 22:30,606,73,result
2026-07-08,199,22:30 - 22:35,411,47,result
2026-07-08,200,22:35 - 22:40,936,31,result
2026-07-08,201,22:40 - 22:45,640,55,result
2026-07-08,202,22:45 - 22:50,532,36,result
2026-07-08,203,22:50 - 22:55,070,88,result
2026-07-08,204,22:55 - 23:00,917,48,result
2026-07-08,205,23:00 - 23:05,518,03,result
2026-07-08,206,23:05 - 23:10,238,45,result
2026-07-08,207,23:10 - 23:15,503,99,result
2026-07-08,208,23:15 - 23:20,248,58,result
2026-07-08,209,23:20 - 23:25,144,29,result
2026-07-08,210,23:25 - 23:30,189,84,result
2026-07-08,211,23:30 - 23:35,919,04,result
2026-07-08,212,23:35 - 23:40,953,61,result
2026-07-08,213,23:40 - 23:45,847,35,result
2026-07-08,214,23:45 - 23:50,819,66,result
2026-07-08,215,23:50 - 23:55,626,20,result
2026-07-08,216,23:55 - 00:00,821,32,result
2026-07-08,217,00:00 - 00:05,794,42,result
2026-07-08,218,00:05 - 00:10,205,51,result
2026-07-08,219,00:10 - 00:15,231,06,result
2026-07-08,220,00:15 - 00:20,953,02,result
2026-07-08,221,00:20 - 00:25,569,70,result
2026-07-08,222,00:25 - 00:30,214,86,result
2026-07-08,223,00:30 - 00:35,860,17,result
2026-07-08,224,00:35 - 00:40,168,08,result
2026-07-08,225,00:40 - 00:45,677,07,result
2026-07-08,226,00:45 - 00:50,534,81,result
2026-07-08,227,00:50 - 00:55,663,68,result
2026-07-08,228,00:55 - 01:00,378,07,result
2026-07-08,229,01:00 - 01:05,272,41,result
2026-07-08,230,01:05 - 01:10,571,13,result
2026-07-08,231,01:10 - 01:15,266,48,result
2026-07-08,232,01:15 - 01:20,488,18,result
2026-07-08,233,01:20 - 01:25,670,52,result
2026-07-08,234,01:25 - 01:30,518,62,result
2026-07-08,235,01:30 - 01:35,721,17,result
2026-07-08,236,01:35 - 01:40,936,52,result
2026-07-08,237,01:40 - 01:45,440,40,result
2026-07-08,238,01:45 - 01:50,066,87,result
2026-07-08,239,01:50 - 01:55,105,34,result
2026-07-08,240,01:55 - 02:00,224,55,result
2026-07-08,241,02:00 - 02:05,602,08,result
2026-07-08,242,02:05 - 02:10,028,02,result
2026-07-08,243,02:10 - 02:15,834,65,result
2026-07-08,244,02:15 - 02:20,858,19,result
2026-07-08,245,02:20 - 02:25,418,73,result
2026-07-08,246,02:25 - 02:30,277,86,result
2026-07-08,247,02:30 - 02:35,984,84,result
2026-07-08,248,02:35 - 02:40,554,13,result
2026-07-08,249,02:40 - 02:45,422,40,result
2026-07-08,250,02:45 - 02:50,710,53,result
2026-07-08,251,02:50 - 02:55,441,78,result
2026-07-08,252,02:55 - 03:00,524,84,result
2026-07-08,253,03:00 - 03:05,267,03,result
2026-07-08,254,03:05 - 03:10,129,95,result
2026-07-08,255,03:10 - 03:15,042,59,result
2026-07-08,256,03:15 - 03:20,945,57,result
2026-07-08,257,03:20 - 03:25,655,78,result
2026-07-08,258,03:25 - 03:30,105,79,result
2026-07-08,259,03:30 - 03:35,351,87,result
2026-07-08,260,03:35 - 03:40,892,86,result
2026-07-08,261,03:40 - 03:45,590,91,result
2026-07-08,262,03:45 - 03:50,749,67,result
2026-07-08,263,03:50 - 03:55,301,97,result
2026-07-08,264,03:55 - 04:00,602,22,result
2026-07-08,265,04:00 - 04:05,317,00,result
2026-07-08,266,04:05 - 04:10,493,25,result
2026-07-08,267,04:10 - 04:15,203,14,result
2026-07-08,268,04:15 - 04:20,678,29,result
2026-07-08,269,04:20 - 04:25,041,90,result
2026-07-08,270,04:25 - 04:30,459,43,result
2026-07-08,271,04:30 - 04:35,515,85,result
2026-07-08,272,04:35 - 04:40,385,33,result
2026-07-08,273,04:40 - 04:45,930,24,result
2026-07-08,274,04:45 - 04:50,869,95,result
2026-07-08,275,04:50 - 04:55,314,93,result
2026-07-08,276,04:55 - 05:00,574,81,result
2026-07-08,277,05:00 - 05:05,490,91,result
2026-07-08,278,05:05 - 05:10,523,82,result
2026-07-08,279,05:10 - 05:15,988,77,result
2026-07-08,280,05:15 - 05:20,497,57,result
2026-07-08,281,05:20 - 05:25,286,85,result
2026-07-08,282,05:25 - 05:30,325,82,result
2026-07-08,283,05:30 - 05:35,540,19,result
2026-07-08,284,05:35 - 05:40,388,14,result
2026-07-08,285,05:40 - 05:45,345,55,result
2026-07-08,286,05:45 - 05:50,063,44,result
2026-07-08,287,05:50 - 05:55,773,01,result
2026-07-08,288,05:55 - 06:00,903,28,result
2026-07-09,1,06:00 - 06:05,439,42,result
2026-07-09,2,06:05 - 06:10,601,50,result
2026-07-09,3,06:10 - 06:15,120,04,result
2026-07-09,4,06:15 - 06:20,944,43,result
2026-07-09,5,06:20 - 06:25,901,39,result
2026-07-09,6,06:25 - 06:30,313,41,result
2026-07-09,7,06:30 - 06:35,109,41,result
2026-07-09,8,06:35 - 06:40,036,13,result
2026-07-09,9,06:40 - 06:45,520,46,result
2026-07-09,10,06:45 - 06:50,595,58,result
2026-07-09,11,06:50 - 06:55,395,46,result
2026-07-09,12,06:55 - 07:00,284,52,result
2026-07-09,13,07:00 - 07:05,719,99,result
2026-07-09,14,07:05 - 07:10,310,89,result
2026-07-09,15,07:10 - 07:15,358,92,result
2026-07-09,16,07:15 - 07:20,166,29,result
2026-07-09,17,07:20 - 07:25,454,32,result
2026-07-09,18,07:25 - 07:30,759,17,result
2026-07-09,19,07:30 - 07:35,973,34,result
2026-07-09,20,07:35 - 07:40,340,70,result
2026-07-09,21,07:40 - 07:45,746,15,result
2026-07-09,22,07:45 - 07:50,453,25,result
2026-07-09,23,07:50 - 07:55,066,68,result
2026-07-09,24,07:55 - 08:00,452,71,result
2026-07-09,25,08:00 - 08:05,108,23,result
2026-07-09,26,08:05 - 08:10,293,48,result
2026-07-09,27,08:10 - 08:15,294,06,result
2026-07-09,28,08:15 - 08:20,766,35,result
2026-07-09,29,08:20 - 08:25,886,56,result
2026-07-09,30,08:25 - 08:30,631,43,result
2026-07-09,31,08:30 - 08:35,394,83,result
2026-07-09,32,08:35 - 08:40,093,36,result
2026-07-09,33,08:40 - 08:45,068,65,result
2026-07-09,34,08:45 - 08:50,189,47,result
2026-07-09,35,08:50 - 08:55,188,80,result
2026-07-09,36,08:55 - 09:00,084,70,result
2026-07-09,37,09:00 - 09:05,267,43,result
2026-07-09,38,09:05 - 09:10,554,85,result
2026-07-09,39,09:10 - 09:15,084,11,result
2026-07-09,40,09:15 - 09:20,161,04,result
2026-07-09,41,09:20 - 09:25,514,73,result
2026-07-09,42,09:25 - 09:30,066,18,result
2026-07-09,43,09:30 - 09:35,981,41,result
2026-07-09,44,09:35 - 09:40,183,40,result
2026-07-09,45,09:40 - 09:45,990,99,result
2026-07-09,46,09:45 - 09:50,252,68,result
2026-07-09,47,09:50 - 09:55,261,57,result
2026-07-09,48,09:55 - 10:00,110,45,result
2026-07-09,49,10:00 - 10:05,564,40,result
2026-07-09,50,10:05 - 10:10,580,41,result
2026-07-09,51,10:10 - 10:15,707,44,result
2026-07-09,52,10:15 - 10:20,031,50,result
2026-07-09,53,10:20 - 10:25,212,07,result
2026-07-09,54,10:25 - 10:30,292,86,result
2026-07-09,55,10:30 - 10:35,916,49,result
2026-07-09,56,10:35 - 10:40,539,76,result
2026-07-09,57,10:40 - 10:45,446,26,result
2026-07-09,58,10:45 - 10:50,169,30,result
2026-07-09,59,10:50 - 10:55,115,19,result
2026-07-09,60,10:55 - 11:00,345,35,result
2026-07-09,61,11:00 - 11:05,189,45,result
2026-07-09,62,11:05 - 11:10,002,84,result
2026-07-09,63,11:10 - 11:15,865,18,result
2026-07-09,64,11:15 - 11:20,611,74,result
2026-07-09,65,11:20 - 11:25,582,30,result
2026-07-09,66,11:25 - 11:30,827,77,result
2026-07-09,67,11:30 - 11:35,116,65,result
2026-07-09,68,11:35 - 11:40,127,54,result
2026-07-09,69,11:40 - 11:45,386,78,result
2026-07-09,70,11:45 - 11:50,399,72,result
2026-07-09,71,11:50 - 11:55,079,12,result
2026-07-09,72,11:55 - 12:00,534,83,result
2026-07-09,73,12:00 - 12:05,475,55,result
2026-07-09,74,12:05 - 12:10,041,46,result
2026-07-09,75,12:10 - 12:15,742,61,result
2026-07-09,76,12:15 - 12:20,834,27,result
2026-07-09,77,12:20 - 12:25,434,39,result
2026-07-09,78,12:25 - 12:30,147,96,result
2026-07-09,79,12:30 - 12:35,802,28,result
2026-07-09,80,12:35 - 12:40,724,25,result
2026-07-09,81,12:40 - 12:45,089,60,result
2026-07-09,82,12:45 - 12:50,158,52,result
2026-07-09,83,12:50 - 12:55,577,78,result
2026-07-09,84,12:55 - 13:00,307,95,result
2026-07-09,85,13:00 - 13:05,518,99,result
2026-07-09,86,13:05 - 13:10,038,64,result
2026-07-09,87,13:10 - 13:15,935,17,result
2026-07-09,88,13:15 - 13:20,468,16,result
2026-07-09,89,13:20 - 13:25,060,76,result
2026-07-09,90,13:25 - 13:30,234,17,result
2026-07-09,91,13:30 - 13:35,082,47,result
2026-07-09,92,13:35 - 13:40,469,02,result
2026-07-09,93,13:40 - 13:45,828,17,result
2026-07-09,94,13:45 - 13:50,329,37,result
2026-07-09,95,13:50 - 13:55,016,44,result
2026-07-09,96,13:55 - 14:00,202,23,result
2026-07-09,97,14:00 - 14:05,413,93,result
2026-07-09,98,14:05 - 14:10,997,20,result
2026-07-09,99,14:10 - 14:15,226,22,result
2026-07-09,100,14:15 - 14:20,330,09,result
2026-07-09,101,14:20 - 14:25,832,67,result
2026-07-09,102,14:25 - 14:30,189,73,result
2026-07-09,103,14:30 - 14:35,808,90,result
2026-07-09,104,14:35 - 14:40,855,61,result
2026-07-09,105,14:40 - 14:45,524,57,result
2026-07-09,106,14:45 - 14:50,365,42,result
2026-07-09,107,14:50 - 14:55,887,81,result
2026-07-09,108,14:55 - 15:00,451,98,result
2026-07-09,109,15:00 - 15:05,456,51,result
2026-07-09,110,15:05 - 15:10,693,01,result
2026-07-09,111,15:10 - 15:15,707,30,result
2026-07-09,112,15:15 - 15:20,452,52,result
2026-07-09,113,15:20 - 15:25,999,96,result
2026-07-09,114,15:25 - 15:30,797,70,result
2026-07-09,115,15:30 - 15:35,293,14,result
2026-07-09,116,15:35 - 15:40,628,40,result
2026-07-09,117,15:40 - 15:45,771,60,result
2026-07-09,118,15:45 - 15:50,256,15,result
2026-07-09,119,15:50 - 15:55,307,00,result
2026-07-09,120,15:55 - 16:00,233,13,result
2026-07-09,121,16:00 - 16:05,756,61,result
2026-07-09,122,16:05 - 16:10,836,81,result
2026-07-09,123,16:10 - 16:15,614,64,result
2026-07-09,124,16:15 - 16:20,855,68,result
2026-07-09,125,16:20 - 16:25,291,03,result
2026-07-09,126,16:25 - 16:30,511,86,result
2026-07-09,127,16:30 - 16:35,656,38,result
2026-07-09,128,16:35 - 16:40,572,44,result
2026-07-09,129,16:40 - 16:45,111,59,result
2026-07-09,130,16:45 - 16:50,846,48,result
2026-07-09,131,16:50 - 16:55,326,07,result
2026-07-09,132,16:55 - 17:00,261,29,result
2026-07-09,133,17:00 - 17:05,928,54,result
2026-07-09,134,17:05 - 17:10,908,82,result
2026-07-09,135,17:10 - 17:15,310,48,result
2026-07-09,136,17:15 - 17:20,293,05,result
2026-07-09,137,17:20 - 17:25,888,74,result
2026-07-09,138,17:25 - 17:30,198,56,result
2026-07-09,139,17:30 - 17:35,496,89,result
2026-07-09,140,17:35 - 17:40,307,72,result
2026-07-09,141,17:40 - 17:45,974,04,result
2026-07-09,142,17:45 - 17:50,437,66,result
2026-07-09,143,17:50 - 17:55,274,69,result
2026-07-09,144,17:55 - 18:00,769,94,result
2026-07-09,145,18:00 - 18:05,056,07,result
2026-07-09,146,18:05 - 18:10,720,91,result
2026-07-09,147,18:10 - 18:15,376,32,result
2026-07-09,148,18:15 - 18:20,471,99,result
2026-07-09,149,18:20 - 18:25,149,76,result
2026-07-09,150,18:25 - 18:30,854,99,result
2026-07-09,151,18:30 - 18:35,580,75,result
2026-07-09,152,18:35 - 18:40,438,58,result
2026-07-09,153,18:40 - 18:45,290,14,result
2026-07-09,154,18:45 - 18:50,435,58,result
2026-07-09,155,18:50 - 18:55,338,54,result
2026-07-09,156,18:55 - 19:00,349,06,result
2026-07-09,157,19:00 - 19:05,344,17,result
2026-07-09,158,19:05 - 19:10,960,73,result
2026-07-09,159,19:10 - 19:15,472,08,result
2026-07-09,160,19:15 - 19:20,940,09,result
2026-07-09,161,19:20 - 19:25,283,13,result
2026-07-09,162,19:25 - 19:30,216,99,result
2026-07-09,163,19:30 - 19:35,855,33,result
2026-07-09,164,19:35 - 19:40,685,81,result
2026-07-09,165,19:40 - 19:45,715,91,result
2026-07-09,166,19:45 - 19:50,053,70,result
2026-07-09,167,19:50 - 19:55,279,64,result
2026-07-09,168,19:55 - 20:00,158,27,result
2026-07-09,169,20:00 - 20:05,975,12,result
2026-07-09,170,20:05 - 20:10,978,08,result
2026-07-09,171,20:10 - 20:15,263,22,result
2026-07-09,172,20:15 - 20:20,262,38,result
2026-07-09,173,20:20 - 20:25,544,44,result
2026-07-09,174,20:25 - 20:30,785,46,result
2026-07-09,175,20:30 - 20:35,681,43,result
2026-07-09,176,20:35 - 20:40,953,64,result
2026-07-09,177,20:40 - 20:45,375,00,result
2026-07-09,178,20:45 - 20:50,581,46,result
2026-07-09,179,20:50 - 20:55,215,63,result
2026-07-09,180,20:55 - 21:00,235,15,result
2026-07-09,181,21:00 - 21:05,722,55,result
2026-07-09,182,21:05 - 21:10,845,53,result
2026-07-09,183,21:10 - 21:15,872,43,result
2026-07-09,184,21:15 - 21:20,520,95,result
2026-07-09,185,21:20 - 21:25,820,14,result
2026-07-09,186,21:25 - 21:30,117,70,result
2026-07-09,187,21:30 - 21:35,655,11,result
2026-07-09,188,21:35 - 21:40,873,90,result
2026-07-09,189,21:40 - 21:45,686,74,result
2026-07-09,190,21:45 - 21:50,925,80,result
2026-07-09,191,21:50 - 21:55,754,85,result
2026-07-09,192,21:55 - 22:00,859,81,result
2026-07-09,193,22:00 - 22:05,184,92,result
2026-07-09,194,22:05 - 22:10,247,73,result
2026-07-09,195,22:10 - 22:15,917,12,result
2026-07-09,196,22:15 - 22:20,715,00,result
2026-07-09,197,22:20 - 22:25,630,66,result
2026-07-09,198,22:25 - 22:30,807,63,result
2026-07-09,199,22:30 - 22:35,085,96,result
2026-07-09,200,22:35 - 22:40,347,43,result
2026-07-09,201,22:40 - 22:45,465,32,result
2026-07-09,202,22:45 - 22:50,198,93,result
2026-07-09,203,22:50 - 22:55,378,73,result
2026-07-09,204,22:55 - 23:00,861,66,result
2026-07-09,205,23:00 - 23:05,114,33,result
2026-07-09,206,23:05 - 23:10,443,97,result
2026-07-09,207,23:10 - 23:15,034,01,result
2026-07-09,208,23:15 - 23:20,307,07,result
2026-07-09,209,23:20 - 23:25,496,58,result
2026-07-09,210,23:25 - 23:30,582,12,result
2026-07-09,211,23:30 - 23:35,230,60,result
2026-07-09,212,23:35 - 23:40,513,61,result
2026-07-09,213,23:40 - 23:45,190,22,result
2026-07-09,214,23:45 - 23:50,763,68,result
2026-07-09,215,23:50 - 23:55,456,87,result
2026-07-09,216,23:55 - 00:00,413,80,result
2026-07-09,217,00:00 - 00:05,304,13,result
2026-07-09,218,00:05 - 00:10,730,14,result
2026-07-09,219,00:10 - 00:15,682,11,result
2026-07-09,220,00:15 - 00:20,335,15,result
2026-07-09,221,00:20 - 00:25,322,89,result
2026-07-09,222,00:25 - 00:30,702,49,result
2026-07-09,223,00:30 - 00:35,407,25,result
2026-07-09,224,00:35 - 00:40,528,62,result
2026-07-09,225,00:40 - 00:45,415,56,result
2026-07-09,226,00:45 - 00:50,116,55,result
2026-07-09,227,00:50 - 00:55,819,48,result
2026-07-09,228,00:55 - 01:00,042,83,result
2026-07-09,229,01:00 - 01:05,673,01,result
2026-07-09,230,01:05 - 01:10,336,56,result
2026-07-09,231,01:10 - 01:15,236,40,result
2026-07-09,232,01:15 - 01:20,626,27,result
2026-07-09,233,01:20 - 01:25,318,27,result
2026-07-09,234,01:25 - 01:30,997,59,result
2026-07-09,235,01:30 - 01:35,770,88,result
2026-07-09,236,01:35 - 01:40,613,84,result
2026-07-09,237,01:40 - 01:45,146,15,result
2026-07-09,238,01:45 - 01:50,006,54,result
2026-07-09,239,01:50 - 01:55,625,72,result
2026-07-09,240,01:55 - 02:00,807,06,result
2026-07-09,241,02:00 - 02:05,102,20,result
2026-07-09,242,02:05 - 02:10,147,06,result
2026-07-09,243,02:10 - 02:15,469,95,result
2026-07-09,244,02:15 - 02:20,427,30,result
2026-07-09,245,02:20 - 02:25,568,79,result
2026-07-09,246,02:25 - 02:30,022,20,result
2026-07-09,247,02:30 - 02:35,905,99,result
2026-07-09,248,02:35 - 02:40,091,68,result
2026-07-09,249,02:40 - 02:45,951,15,result
2026-07-09,250,02:45 - 02:50,396,48,result
2026-07-09,251,02:50 - 02:55,577,20,result
2026-07-09,252,02:55 - 03:00,098,30,result
2026-07-09,253,03:00 - 03:05,239,12,result
2026-07-09,254,03:05 - 03:10,045,73,result
2026-07-09,255,03:10 - 03:15,977,90,result
2026-07-09,256,03:15 - 03:20,600,45,result
2026-07-09,257,03:20 - 03:25,465,92,result
2026-07-09,258,03:25 - 03:30,959,44,result
2026-07-09,259,03:30 - 03:35,476,71,result
2026-07-09,260,03:35 - 03:40,106,32,result
2026-07-09,261,03:40 - 03:45,603,39,result
2026-07-09,262,03:45 - 03:50,870,92,result
2026-07-09,263,03:50 - 03:55,898,18,result
2026-07-09,264,03:55 - 04:00,766,72,result
2026-07-09,265,04:00 - 04:05,205,13,result
2026-07-09,266,04:05 - 04:10,889,73,result
2026-07-09,267,04:10 - 04:15,936,75,result
2026-07-09,268,04:15 - 04:20,175,33,result
2026-07-09,269,04:20 - 04:25,472,74,result
2026-07-09,270,04:25 - 04:30,930,66,result
2026-07-09,271,04:30 - 04:35,813,77,result
2026-07-09,272,04:35 - 04:40,657,38,result
2026-07-09,273,04:40 - 04:45,358,40,result
2026-07-09,274,04:45 - 04:50,915,12,result
2026-07-09,275,04:50 - 04:55,486,41,result
2026-07-09,276,04:55 - 05:00,175,70,result
2026-07-09,277,05:00 - 05:05,869,50,result
2026-07-09,278,05:05 - 05:10,333,92,result
2026-07-09,279,05:10 - 05:15,583,68,result
2026-07-09,280,05:15 - 05:20,694,91,result
2026-07-09,281,05:20 - 05:25,147,96,result
2026-07-09,282,05:25 - 05:30,218,86,result
2026-07-09,283,05:30 - 05:35,803,76,result
2026-07-09,284,05:35 - 05:40,951,18,result
2026-07-09,285,05:40 - 05:45,873,89,result
2026-07-09,286,05:45 - 05:50,738,57,result
2026-07-09,287,05:50 - 05:55,981,47,result
2026-07-09,288,05:55 - 06:00,116,75,result
2026-07-10,1,06:00 - 06:05,753,68,result
2026-07-10,2,06:05 - 06:10,973,74,result
2026-07-10,3,06:10 - 06:15,721,43,result
2026-07-10,4,06:15 - 06:20,790,90,result
2026-07-10,5,06:20 - 06:25,366,37,result
2026-07-10,6,06:25 - 06:30,595,43,result
2026-07-10,7,06:30 - 06:35,590,20,result
2026-07-10,8,06:35 - 06:40,348,32,result
2026-07-10,9,06:40 - 06:45,564,29,result
2026-07-10,10,06:45 - 06:50,446,07,result
2026-07-10,11,06:50 - 06:55,956,79,result
2026-07-10,12,06:55 - 07:00,799,44,result
2026-07-10,13,07:00 - 07:05,244,12,result
2026-07-10,14,07:05 - 07:10,211,99,result
2026-07-10,15,07:10 - 07:15,107,81,result
2026-07-10,16,07:15 - 07:20,090,74,result
2026-07-10,17,07:20 - 07:25,447,11,result
2026-07-10,18,07:25 - 07:30,361,88,result
2026-07-10,19,07:30 - 07:35,501,65,result
2026-07-10,20,07:35 - 07:40,101,05,result
2026-07-10,21,07:40 - 07:45,744,43,result
2026-07-10,22,07:45 - 07:50,593,84,result
2026-07-10,23,07:50 - 07:55,952,88,result
2026-07-10,24,07:55 - 08:00,101,76,result
2026-07-10,25,08:00 - 08:05,890,07,result
2026-07-10,26,08:05 - 08:10,268,30,result
2026-07-10,27,08:10 - 08:15,462,17,result
2026-07-10,28,08:15 - 08:20,065,42,result
2026-07-10,29,08:20 - 08:25,530,11,result
2026-07-10,30,08:25 - 08:30,858,18,result
2026-07-10,31,08:30 - 08:35,481,40,result
2026-07-10,32,08:35 - 08:40,421,64,result
2026-07-10,33,08:40 - 08:45,830,84,result
2026-07-10,34,08:45 - 08:50,755,64,result
2026-07-10,35,08:50 - 08:55,522,59,result
2026-07-10,36,08:55 - 09:00,346,38,result
2026-07-10,37,09:00 - 09:05,319,25,result
2026-07-10,38,09:05 - 09:10,676,13,result
2026-07-10,39,09:10 - 09:15,643,04,result
2026-07-10,40,09:15 - 09:20,246,17,result
2026-07-10,41,09:20 - 09:25,512,33,result
2026-07-10,42,09:25 - 09:30,480,63,result
2026-07-10,43,09:30 - 09:35,105,16,result
2026-07-10,44,09:35 - 09:40,990,18,result
2026-07-10,45,09:40 - 09:45,435,28,result
2026-07-10,46,09:45 - 09:50,100,10,result
2026-07-10,47,09:50 - 09:55,251,60,result
2026-07-10,48,09:55 - 10:00,212,33,result
2026-07-10,49,10:00 - 10:05,837,54,result
2026-07-10,50,10:05 - 10:10,434,21,result
2026-07-10,51,10:10 - 10:15,531,24,result
2026-07-10,52,10:15 - 10:20,831,98,result
2026-07-10,53,10:20 - 10:25,882,18,result
2026-07-10,54,10:25 - 10:30,360,76,result
2026-07-10,55,10:30 - 10:35,119,81,result
2026-07-10,56,10:35 - 10:40,822,69,result
2026-07-10,57,10:40 - 10:45,005,73,result
2026-07-10,58,10:45 - 10:50,527,43,result
2026-07-10,59,10:50 - 10:55,711,46,result
2026-07-10,60,10:55 - 11:00,582,91,result
2026-07-10,61,11:00 - 11:05,779,01,result
2026-07-10,62,11:05 - 11:10,528,07,result
2026-07-10,63,11:10 - 11:15,471,90,result
2026-07-10,64,11:15 - 11:20,983,89,result
2026-07-10,65,11:20 - 11:25,741,86,result
2026-07-10,66,11:25 - 11:30,491,84,result
2026-07-10,67,11:30 - 11:35,103,61,result
2026-07-10,68,11:35 - 11:40,369,57,result
2026-07-10,69,11:40 - 11:45,186,60,result
2026-07-10,70,11:45 - 11:50,131,81,result
2026-07-10,71,11:50 - 11:55,531,60,result
2026-07-10,72,11:55 - 12:00,560,81,result
2026-07-10,73,12:00 - 12:05,130,36,result
2026-07-10,74,12:05 - 12:10,494,36,result
2026-07-10,75,12:10 - 12:15,449,55,result
2026-07-10,76,12:15 - 12:20,313,00,result
2026-07-10,77,12:20 - 12:25,444,43,result
2026-07-10,78,12:25 - 12:30,762,37,result
2026-07-10,79,12:30 - 12:35,570,80,result
2026-07-10,80,12:35 - 12:40,989,00,result
2026-07-10,81,12:40 - 12:45,781,66,result
2026-07-10,82,12:45 - 12:50,603,02,result
2026-07-10,83,12:50 - 12:55,716,06,result
2026-07-10,84,12:55 - 13:00,044,55,result
2026-07-10,85,13:00 - 13:05,548,71,result
2026-07-10,86,13:05 - 13:10,738,58,result
2026-07-10,87,13:10 - 13:15,042,93,result
2026-07-10,88,13:15 - 13:20,227,40,result
2026-07-10,89,13:20 - 13:25,400,96,result
2026-07-10,90,13:25 - 13:30,745,04,result
2026-07-10,91,13:30 - 13:35,276,04,result
2026-07-10,92,13:35 - 13:40,471,28,result
2026-07-10,93,13:40 - 13:45,264,52,result
2026-07-10,94,13:45 - 13:50,656,52,result
2026-07-10,95,13:50 - 13:55,487,41,result
2026-07-10,96,13:55 - 14:00,552,26,result
2026-07-10,97,14:00 - 14:05,460,51,result
2026-07-10,98,14:05 - 14:10,770,14,result
2026-07-10,99,14:10 - 14:15,334,18,result
2026-07-10,100,14:15 - 14:20,004,45,result
2026-07-10,101,14:20 - 14:25,881,85,result
2026-07-10,102,14:25 - 14:30,011,96,result
2026-07-10,103,14:30 - 14:35,326,89,result
2026-07-10,104,14:35 - 14:40,342,01,result
2026-07-10,105,14:40 - 14:45,693,76,result
2026-07-10,106,14:45 - 14:50,442,65,result
2026-07-10,107,14:50 - 14:55,564,93,result
2026-07-10,108,14:55 - 15:00,946,92,result
2026-07-10,109,15:00 - 15:05,830,39,result
2026-07-10,110,15:05 - 15:10,154,11,result
2026-07-10,111,15:10 - 15:15,737,60,result
2026-07-10,112,15:15 - 15:20,458,53,result
2026-07-10,113,15:20 - 15:25,473,03,result
2026-07-10,114,15:25 - 15:30,749,14,result
2026-07-10,115,15:30 - 15:35,989,22,result
2026-07-10,116,15:35 - 15:40,454,42,result
2026-07-10,117,15:40 - 15:45,248,68,result
2026-07-10,118,15:45 - 15:50,818,64,result
2026-07-10,119,15:50 - 15:55,981,61,result
2026-07-10,120,15:55 - 16:00,660,66,result
2026-07-10,121,16:00 - 16:05,070,24,result
2026-07-10,122,16:05 - 16:10,856,09,result
2026-07-10,123,16:10 - 16:15,931,52,result
2026-07-10,124,16:15 - 16:20,080,29,result
2026-07-10,125,16:20 - 16:25,816,53,result
2026-07-10,126,16:25 - 16:30,096,75,result
2026-07-10,127,16:30 - 16:35,816,49,result
2026-07-10,128,16:35 - 16:40,213,65,result
2026-07-10,129,16:40 - 16:45,407,69,result
2026-07-10,130,16:45 - 16:50,124,21,result
2026-07-10,131,16:50 - 16:55,527,86,result
2026-07-10,132,16:55 - 17:00,066,32,result
2026-07-10,133,17:00 - 17:05,929,27,result
2026-07-10,134,17:05 - 17:10,941,01,result
2026-07-10,135,17:10 - 17:15,623,95,result
2026-07-10,136,17:15 - 17:20,536,88,result
2026-07-10,137,17:20 - 17:25,758,96,result
2026-07-10,138,17:25 - 17:30,282,25,result
2026-07-10,139,17:30 - 17:35,986,85,result
2026-07-10,140,17:35 - 17:40,922,44,result
2026-07-10,141,17:40 - 17:45,973,02,result
2026-07-10,142,17:45 - 17:50,730,77,result
2026-07-10,143,17:50 - 17:55,260,16,result
2026-07-10,144,17:55 - 18:00,969,59,result
2026-07-10,145,18:00 - 18:05,539,62,result
2026-07-10,146,18:05 - 18:10,549,66,result
2026-07-10,147,18:10 - 18:15,454,05,result
2026-07-10,148,18:15 - 18:20,563,58,result
2026-07-10,149,18:20 - 18:25,087,92,result
2026-07-10,150,18:25 - 18:30,792,33,result
2026-07-10,151,18:30 - 18:35,072,29,result
2026-07-10,152,18:35 - 18:40,896,19,result
2026-07-10,153,18:40 - 18:45,679,07,result
2026-07-10,154,18:45 - 18:50,012,32,result
2026-07-10,155,18:50 - 18:55,847,44,result
2026-07-10,156,18:55 - 19:00,519,87,result
2026-07-10,157,19:00 - 19:05,531,15,result
2026-07-10,158,19:05 - 19:10,230,15,result
2026-07-10,159,19:10 - 19:15,739,90,result
2026-07-10,160,19:15 - 19:20,463,74,result
2026-07-10,161,19:20 - 19:25,589,53,result
2026-07-10,162,19:25 - 19:30,992,13,result
2026-07-10,163,19:30 - 19:35,369,84,result
2026-07-10,164,19:35 - 19:40,917,87,result
2026-07-10,165,19:40 - 19:45,408,74,result
2026-07-10,166,19:45 - 19:50,618,51,result
2026-07-10,167,19:50 - 19:55,217,40,result
2026-07-10,168,19:55 - 20:00,452,05,result
2026-07-10,169,20:00 - 20:05,447,35,result
2026-07-10,170,20:05 - 20:10,687,92,result
2026-07-10,171,20:10 - 20:15,704,20,result
2026-07-10,172,20:15 - 20:20,778,97,result
2026-07-10,173,20:20 - 20:25,068,02,result
2026-07-10,174,20:25 - 20:30,019,10,result
2026-07-10,175,20:30 - 20:35,215,84,result
2026-07-10,176,20:35 - 20:40,544,09,result
2026-07-10,177,20:40 - 20:45,680,50,result
2026-07-10,178,20:45 - 20:50,326,16,result
2026-07-10,179,20:50 - 20:55,663,68,result
2026-07-10,180,20:55 - 21:00,769,38,result
2026-07-10,181,21:00 - 21:05,856,90,result
2026-07-10,182,21:05 - 21:10,648,22,result
2026-07-10,183,21:10 - 21:15,371,56,result
2026-07-10,184,21:15 - 21:20,224,08,result
2026-07-10,185,21:20 - 21:25,440,35,result
2026-07-10,186,21:25 - 21:30,223,89,result
2026-07-10,187,21:30 - 21:35,216,54,result
2026-07-10,188,21:35 - 21:40,204,64,result
2026-07-10,189,21:40 - 21:45,970,10,result
2026-07-10,190,21:45 - 21:50,926,05,result
2026-07-10,191,21:50 - 21:55,274,29,result
2026-07-10,192,21:55 - 22:00,845,62,result
2026-07-10,193,22:00 - 22:05,907,78,result
2026-07-10,194,22:05 - 22:10,721,40,result
2026-07-10,195,22:10 - 22:15,870,61,result
2026-07-10,196,22:15 - 22:20,740,85,result
2026-07-10,197,22:20 - 22:25,897,28,result
2026-07-10,198,22:25 - 22:30,869,54,result
2026-07-10,199,22:30 - 22:35,066,69,result
2026-07-10,200,22:35 - 22:40,849,46,result
2026-07-10,201,22:40 - 22:45,771,18,result
2026-07-10,202,22:45 - 22:50,846,03,result
2026-07-10,203,22:50 - 22:55,883,57,result
2026-07-10,204,22:55 - 23:00,835,43,result
2026-07-10,205,23:00 - 23:05,316,75,result
2026-07-10,206,23:05 - 23:10,625,34,result
2026-07-10,207,23:10 - 23:15,469,09,result
2026-07-10,208,23:15 - 23:20,258,14,result
2026-07-10,209,23:20 - 23:25,642,38,result
2026-07-10,210,23:25 - 23:30,048,00,result
2026-07-10,211,23:30 - 23:35,354,32,result
2026-07-10,212,23:35 - 23:40,455,88,result
2026-07-10,213,23:40 - 23:45,159,63,result
2026-07-10,214,23:45 - 23:50,383,24,result
2026-07-10,215,23:50 - 23:55,786,51,result
2026-07-10,216,23:55 - 00:00,866,47,result
2026-07-10,217,00:00 - 00:05,890,29,result
2026-07-10,218,00:05 - 00:10,103,73,result
2026-07-10,219,00:10 - 00:15,830,80,result
2026-07-10,220,00:15 - 00:20,387,08,result
2026-07-10,221,00:20 - 00:25,464,08,result
2026-07-10,222,00:25 - 00:30,891,89,result
2026-07-10,223,00:30 - 00:35,633,74,result
2026-07-10,224,00:35 - 00:40,041,08,result
2026-07-10,225,00:40 - 00:45,718,00,result
2026-07-10,226,00:45 - 00:50,804,83,result
2026-07-10,227,00:50 - 00:55,670,85,result
2026-07-10,228,00:55 - 01:00,083,77,result
2026-07-10,229,01:00 - 01:05,181,88,result
2026-07-10,230,01:05 - 01:10,409,95,result
2026-07-10,231,01:10 - 01:15,238,94,result
2026-07-10,232,01:15 - 01:20,612,11,result
2026-07-10,233,01:20 - 01:25,383,64,result
2026-07-10,234,01:25 - 01:30,572,91,result
2026-07-10,235,01:30 - 01:35,497,97,result
2026-07-10,236,01:35 - 01:40,253,29,result
2026-07-10,237,01:40 - 01:45,400,23,result
2026-07-10,238,01:45 - 01:50,739,52,result
2026-07-10,239,01:50 - 01:55,502,08,result
2026-07-10,240,01:55 - 02:00,422,78,result
2026-07-10,241,02:00 - 02:05,687,66,result
2026-07-10,242,02:05 - 02:10,321,22,result
2026-07-10,243,02:10 - 02:15,389,07,result
2026-07-10,244,02:15 - 02:20,302,80,result
2026-07-10,245,02:20 - 02:25,460,08,result
2026-07-10,246,02:25 - 02:30,989,12,result
2026-07-10,247,02:30 - 02:35,627,41,result
2026-07-10,248,02:35 - 02:40,309,79,result
2026-07-10,249,02:40 - 02:45,487,23,result
2026-07-10,250,02:45 - 02:50,420,09,result
2026-07-10,251,02:50 - 02:55,303,31,result
2026-07-10,252,02:55 - 03:00,531,53,result
2026-07-10,253,03:00 - 03:05,292,78,result
2026-07-10,254,03:05 - 03:10,620,51,result
2026-07-10,255,03:10 - 03:15,418,56,result
2026-07-10,256,03:15 - 03:20,134,08,result
2026-07-10,257,03:20 - 03:25,242,04,result
2026-07-10,258,03:25 - 03:30,907,90,result
2026-07-10,259,03:30 - 03:35,857,95,result
2026-07-10,260,03:35 - 03:40,444,60,result
2026-07-10,261,03:40 - 03:45,817,79,result
2026-07-10,262,03:45 - 03:50,360,55,result
2026-07-10,263,03:50 - 03:55,687,97,result
2026-07-10,264,03:55 - 04:00,150,96,result
2026-07-10,265,04:00 - 04:05,519,98,result
2026-07-10,266,04:05 - 04:10,978,14,result
2026-07-10,267,04:10 - 04:15,389,65,result
2026-07-10,268,04:15 - 04:20,428,60,result
2026-07-10,269,04:20 - 04:25,143,79,result
2026-07-10,270,04:25 - 04:30,255,57,result
2026-07-10,271,04:30 - 04:35,311,77,result
2026-07-10,272,04:35 - 04:40,735,03,result
2026-07-10,273,04:40 - 04:45,812,60,result
2026-07-10,274,04:45 - 04:50,619,58,result
2026-07-10,275,04:50 - 04:55,967,47,result
2026-07-10,276,04:55 - 05:00,562,96,result
2026-07-10,277,05:00 - 05:05,138,87,result
2026-07-10,278,05:05 - 05:10,214,27,result
2026-07-10,279,05:10 - 05:15,356,47,result
2026-07-10,280,05:15 - 05:20,478,62,result
2026-07-10,281,05:20 - 05:25,785,48,result
2026-07-10,282,05:25 - 05:30,122,77,result
2026-07-10,283,05:30 - 05:35,935,94,result
2026-07-10,284,05:35 - 05:40,068,03,result
2026-07-10,285,05:40 - 05:45,037,83,result
2026-07-10,286,05:45 - 05:50,025,19,result
2026-07-10,287,05:50 - 05:55,945,22,result
2026-07-10,288,05:55 - 06:00,101,03,result
2026-07-11,1,06:00 - 06:05,359,75,result
2026-07-11,2,06:05 - 06:10,873,28,result
2026-07-11,3,06:10 - 06:15,344,61,result
2026-07-11,4,06:15 - 06:20,373,50,result
2026-07-11,5,06:20 - 06:25,315,16,result
2026-07-11,6,06:25 - 06:30,254,50,result
2026-07-11,7,06:30 - 06:35,398,87,result
2026-07-11,8,06:35 - 06:40,747,54,result
2026-07-11,9,06:40 - 06:45,426,93,result
2026-07-11,10,06:45 - 06:50,248,15,result
2026-07-11,11,06:50 - 06:55,030,39,result
2026-07-11,12,06:55 - 07:00,575,61,result
2026-07-11,13,07:00 - 07:05,973,66,result
2026-07-11,14,07:05 - 07:10,787,45,result
2026-07-11,15,07:10 - 07:15,417,97,result
2026-07-11,16,07:15 - 07:20,296,26,result
2026-07-11,17,07:20 - 07:25,062,49,result
2026-07-11,18,07:25 - 07:30,299,57,result
2026-07-11,19,07:30 - 07:35,662,96,result
2026-07-11,20,07:35 - 07:40,353,60,result
2026-07-11,21,07:40 - 07:45,986,48,result
2026-07-11,22,07:45 - 07:50,730,28,result
2026-07-11,23,07:50 - 07:55,760,78,result
2026-07-11,24,07:55 - 08:00,955,61,result
2026-07-11,25,08:00 - 08:05,971,44,result
2026-07-11,26,08:05 - 08:10,478,28,result
2026-07-11,27,08:10 - 08:15,679,47,result
2026-07-11,28,08:15 - 08:20,482,61,result
2026-07-11,29,08:20 - 08:25,370,13,result
2026-07-11,30,08:25 - 08:30,642,10,result
2026-07-11,31,08:30 - 08:35,221,36,result
2026-07-11,32,08:35 - 08:40,428,62,result
2026-07-11,33,08:40 - 08:45,456,02,result
2026-07-11,34,08:45 - 08:50,153,94,result
2026-07-11,35,08:50 - 08:55,061,42,result
2026-07-11,36,08:55 - 09:00,320,08,result
2026-07-11,37,09:00 - 09:05,926,88,result
2026-07-11,38,09:05 - 09:10,863,95,result
2026-07-11,39,09:10 - 09:15,519,53,result
2026-07-11,40,09:15 - 09:20,832,78,result
2026-07-11,41,09:20 - 09:25,684,13,result
2026-07-11,42,09:25 - 09:30,407,60,result
2026-07-11,43,09:30 - 09:35,166,27,result
2026-07-11,44,09:35 - 09:40,218,79,result
2026-07-11,45,09:40 - 09:45,129,69,result
2026-07-11,46,09:45 - 09:50,160,81,result
2026-07-11,47,09:50 - 09:55,781,52,result
2026-07-11,48,09:55 - 10:00,536,52,result
2026-07-11,49,10:00 - 10:05,944,63,result
2026-07-11,50,10:05 - 10:10,413,65,result
2026-07-11,51,10:10 - 10:15,953,33,result
2026-07-11,52,10:15 - 10:20,196,58,result
2026-07-11,53,10:20 - 10:25,536,07,result
2026-07-11,54,10:25 - 10:30,337,39,result
2026-07-11,55,10:30 - 10:35,868,86,result
2026-07-11,56,10:35 - 10:40,343,26,result
2026-07-11,57,10:40 - 10:45,755,96,result
2026-07-11,58,10:45 - 10:50,201,37,result
2026-07-11,59,10:50 - 10:55,269,68,result
2026-07-11,60,10:55 - 11:00,005,41,result
2026-07-11,61,11:00 - 11:05,599,31,result
2026-07-11,62,11:05 - 11:10,773,08,result
2026-07-11,63,11:10 - 11:15,866,49,result
2026-07-11,64,11:15 - 11:20,287,71,result
2026-07-11,65,11:20 - 11:25,924,02,result
2026-07-11,66,11:25 - 11:30,254,90,result
2026-07-11,67,11:30 - 11:35,319,04,result
2026-07-11,68,11:35 - 11:40,529,50,result
2026-07-11,69,11:40 - 11:45,903,48,result
2026-07-11,70,11:45 - 11:50,794,69,result
2026-07-11,71,11:50 - 11:55,875,19,result
2026-07-11,72,11:55 - 12:00,849,12,result
2026-07-11,73,12:00 - 12:05,090,13,result
2026-07-11,74,12:05 - 12:10,338,95,result
2026-07-11,75,12:10 - 12:15,708,58,result
2026-07-11,76,12:15 - 12:20,967,07,result
2026-07-11,77,12:20 - 12:25,136,09,result
2026-07-11,78,12:25 - 12:30,925,77,result
2026-07-11,79,12:30 - 12:35,780,15,result
2026-07-11,80,12:35 - 12:40,876,13,result
2026-07-11,81,12:40 - 12:45,599,93,result
2026-07-11,82,12:45 - 12:50,244,71,result
2026-07-11,83,12:50 - 12:55,475,67,result
2026-07-11,84,12:55 - 13:00,448,30,result
2026-07-11,85,13:00 - 13:05,149,67,result
2026-07-11,86,13:05 - 13:10,347,54,result
2026-07-11,87,13:10 - 13:15,070,88,result
2026-07-11,88,13:15 - 13:20,915,01,result
2026-07-11,89,13:20 - 13:25,931,35,result
2026-07-11,90,13:25 - 13:30,903,04,result
2026-07-11,91,13:30 - 13:35,455,84,result
2026-07-11,92,13:35 - 13:40,434,35,result
2026-07-11,93,13:40 - 13:45,463,91,result
2026-07-11,94,13:45 - 13:50,619,02,result
2026-07-11,95,13:50 - 13:55,007,82,result
2026-07-11,96,13:55 - 14:00,815,83,result
2026-07-11,97,14:00 - 14:05,139,98,result
2026-07-11,98,14:05 - 14:10,370,73,result
2026-07-11,99,14:10 - 14:15,745,76,result
2026-07-11,100,14:15 - 14:20,035,18,result
2026-07-11,101,14:20 - 14:25,497,01,result
2026-07-11,102,14:25 - 14:30,828,81,result
2026-07-11,103,14:30 - 14:35,426,95,result
2026-07-11,104,14:35 - 14:40,859,48,result
2026-07-11,105,14:40 - 14:45,855,45,result
2026-07-11,106,14:45 - 14:50,902,83,result
2026-07-11,107,14:50 - 14:55,595,26,result
2026-07-11,108,14:55 - 15:00,723,88,result
2026-07-11,109,15:00 - 15:05,969,24,result
2026-07-11,110,15:05 - 15:10,772,70,result
2026-07-11,111,15:10 - 15:15,754,07,result
2026-07-11,112,15:15 - 15:20,037,08,result
2026-07-11,113,15:20 - 15:25,137,03,result
2026-07-11,114,15:25 - 15:30,275,15,result
2026-07-11,115,15:30 - 15:35,284,68,result
2026-07-11,117,15:40 - 15:45,627,60,result
2026-07-11,118,15:45 - 15:50,596,63,result
2026-07-11,119,15:50 - 15:55,603,41,result
2026-07-11,120,15:55 - 16:00,267,04,result
2026-07-11,121,16:00 - 16:05,101,01,result
2026-07-11,122,16:05 - 16:10,251,27,result
2026-07-11,123,16:10 - 16:15,177,95,result
2026-07-11,124,16:15 - 16:20,302,70,result
2026-07-11,125,16:20 - 16:25,943,61,result
2026-07-11,126,16:25 - 16:30,723,53,result
2026-07-11,128,16:35 - 16:40,105,65,result
2026-07-11,129,16:40 - 16:45,090,65,result
2026-07-11,130,16:45 - 16:50,741,29,result
2026-07-11,131,16:50 - 16:55,710,26,result
2026-07-11,132,16:55 - 17:00,730,06,result
2026-07-11,133,17:00 - 17:05,058,00,result
2026-07-11,134,17:05 - 17:10,294,50,result
2026-07-11,135,17:10 - 17:15,029,21,result
2026-07-11,136,17:15 - 17:20,090,79,result
2026-07-11,137,17:20 - 17:25,935,28,result
2026-07-11,138,17:25 - 17:30,805,29,result
2026-07-11,139,17:30 - 17:35,142,79,result
2026-07-11,140,17:35 - 17:40,372,40,result
2026-07-11,141,17:40 - 17:45,209,44,result
2026-07-11,142,17:45 - 17:50,330,10,result
2026-07-11,143,17:50 - 17:55,842,97,result
2026-07-11,144,17:55 - 18:00,538,06,result
2026-07-11,145,18:00 - 18:05,106,27,result
2026-07-11,146,18:05 - 18:10,534,06,result
2026-07-11,147,18:10 - 18:15,766,32,result
2026-07-11,148,18:15 - 18:20,116,25,result
2026-07-11,149,18:20 - 18:25,601,58,result
2026-07-11,150,18:25 - 18:30,348,00,result
2026-07-11,151,18:30 - 18:35,706,27,result
2026-07-11,152,18:35 - 18:40,351,81,result
2026-07-11,153,18:40 - 18:45,745,88,result
2026-07-11,154,18:45 - 18:50,518,94,result
2026-07-11,155,18:50 - 18:55,261,32,result
2026-07-11,156,18:55 - 19:00,810,93,result
2026-07-11,157,19:00 - 19:05,687,64,result
2026-07-11,158,19:05 - 19:10,224,08,result
2026-07-11,159,19:10 - 19:15,720,43,result
2026-07-11,160,19:15 - 19:20,974,69,result
2026-07-11,161,19:20 - 19:25,318,56,result
2026-07-11,162,19:25 - 19:30,375,78,result
2026-07-11,163,19:30 - 19:35,781,44,result
2026-07-11,164,19:35 - 19:40,288,70,result
2026-07-11,165,19:40 - 19:45,847,06,result
2026-07-11,166,19:45 - 19:50,292,44,result
2026-07-11,167,19:50 - 19:55,965,66,result
2026-07-11,168,19:55 - 20:00,168,45,result
2026-07-11,169,20:00 - 20:05,760,76,result
2026-07-11,170,20:05 - 20:10,179,96,result
2026-07-11,171,20:10 - 20:15,799,48,result
2026-07-11,172,20:15 - 20:20,665,12,result
2026-07-11,173,20:20 - 20:25,844,32,result
2026-07-11,174,20:25 - 20:30,761,71,result
2026-07-11,175,20:30 - 20:35,924,48,result
2026-07-11,176,20:35 - 20:40,550,38,result
2026-07-11,177,20:40 - 20:45,266,40,result
2026-07-11,178,20:45 - 20:50,789,53,result
2026-07-11,179,20:50 - 20:55,497,89,result
2026-07-11,180,20:55 - 21:00,732,82,result
2026-07-11,181,21:00 - 21:05,577,11,result
2026-07-11,182,21:05 - 21:10,497,81,result
2026-07-11,183,21:10 - 21:15,631,21,result
2026-07-11,184,21:15 - 21:20,292,60,result
2026-07-11,185,21:20 - 21:25,490,49,result
2026-07-11,186,21:25 - 21:30,506,84,result
2026-07-11,187,21:30 - 21:35,191,89,result
2026-07-11,188,21:35 - 21:40,848,35,result
2026-07-11,189,21:40 - 21:45,146,31,result
2026-07-11,190,21:45 - 21:50,662,76,result
2026-07-11,191,21:50 - 21:55,381,28,result
2026-07-11,192,21:55 - 22:00,025,23,result
2026-07-11,193,22:00 - 22:05,756,91,result
2026-07-11,194,22:05 - 22:10,292,20,result
2026-07-11,195,22:10 - 22:15,033,33,result
2026-07-11,196,22:15 - 22:20,270,78,result
2026-07-11,197,22:20 - 22:25,376,50,result
2026-07-11,198,22:25 - 22:30,347,83,result
2026-07-11,199,22:30 - 22:35,322,13,result
2026-07-11,200,22:35 - 22:40,631,33,result
2026-07-11,201,22:40 - 22:45,791,37,result
2026-07-11,202,22:45 - 22:50,568,02,result
2026-07-11,203,22:50 - 22:55,837,00,result
2026-07-11,204,22:55 - 23:00,360,45,result
2026-07-11,205,23:00 - 23:05,830,97,result
2026-07-11,206,23:05 - 23:10,714,40,result
2026-07-11,207,23:10 - 23:15,592,55,result
2026-07-11,208,23:15 - 23:20,888,29,result
2026-07-11,209,23:20 - 23:25,138,18,result
2026-07-11,210,23:25 - 23:30,612,93,result
2026-07-11,211,23:30 - 23:35,768,08,result
2026-07-11,212,23:35 - 23:40,352,34,result
2026-07-11,213,23:40 - 23:45,119,93,result
2026-07-11,214,23:45 - 23:50,059,13,result
2026-07-11,215,23:50 - 23:55,272,25,result
2026-07-11,216,23:55 - 00:00,001,06,result
2026-07-11,217,00:00 - 00:05,115,27,result
2026-07-11,218,00:05 - 00:10,290,42,result
2026-07-11,219,00:10 - 00:15,006,69,result
2026-07-11,220,00:15 - 00:20,891,83,result
2026-07-11,221,00:20 - 00:25,759,35,result
2026-07-11,222,00:25 - 00:30,339,47,result
2026-07-11,223,00:30 - 00:35,850,15,result
2026-07-11,224,00:35 - 00:40,697,79,result
2026-07-11,225,00:40 - 00:45,176,34,result
2026-07-11,226,00:45 - 00:50,269,38,result
2026-07-11,227,00:50 - 00:55,931,00,result
2026-07-11,228,00:55 - 01:00,233,74,result
2026-07-11,229,01:00 - 01:05,069,19,result
2026-07-11,230,01:05 - 01:10,696,73,result
2026-07-11,231,01:10 - 01:15,293,34,result
2026-07-11,232,01:15 - 01:20,104,66,result
2026-07-11,233,01:20 - 01:25,640,71,result
2026-07-11,234,01:25 - 01:30,216,42,result
2026-07-11,235,01:30 - 01:35,851,66,result
2026-07-11,236,01:35 - 01:40,135,15,result
2026-07-11,237,01:40 - 01:45,317,86,result
2026-07-11,238,01:45 - 01:50,121,52,result
2026-07-11,239,01:50 - 01:55,245,90,result
2026-07-11,240,01:55 - 02:00,784,90,result
2026-07-11,241,02:00 - 02:05,835,05,result
2026-07-11,242,02:05 - 02:10,830,89,result
2026-07-11,243,02:10 - 02:15,572,99,result
2026-07-11,244,02:15 - 02:20,040,73,result
2026-07-11,245,02:20 - 02:25,842,63,result
2026-07-11,246,02:25 - 02:30,208,83,result
2026-07-11,247,02:30 - 02:35,710,84,result
2026-07-11,248,02:35 - 02:40,530,95,result
2026-07-11,249,02:40 - 02:45,877,56,result
2026-07-11,250,02:45 - 02:50,514,62,result
2026-07-11,251,02:50 - 02:55,660,34,result
2026-07-11,252,02:55 - 03:00,138,69,result
2026-07-11,253,03:00 - 03:05,427,48,result
2026-07-11,254,03:05 - 03:10,787,28,result
2026-07-11,255,03:10 - 03:15,766,51,result
2026-07-11,256,03:15 - 03:20,576,98,result
2026-07-11,257,03:20 - 03:25,347,00,result
2026-07-11,258,03:25 - 03:30,975,90,result
2026-07-11,259,03:30 - 03:35,978,91,result
2026-07-11,260,03:35 - 03:40,171,14,result
2026-07-11,261,03:40 - 03:45,484,59,result
2026-07-11,262,03:45 - 03:50,628,12,result
2026-07-11,263,03:50 - 03:55,289,65,result
2026-07-11,264,03:55 - 04:00,843,01,result
2026-07-11,265,04:00 - 04:05,984,82,result
2026-07-11,266,04:05 - 04:10,575,08,result
2026-07-11,267,04:10 - 04:15,959,96,result
2026-07-11,268,04:15 - 04:20,929,14,result
2026-07-11,269,04:20 - 04:25,555,71,result
2026-07-11,270,04:25 - 04:30,618,01,result
2026-07-11,271,04:30 - 04:35,068,42,result
2026-07-11,272,04:35 - 04:40,421,40,result
2026-07-11,273,04:40 - 04:45,619,63,result
2026-07-11,274,04:45 - 04:50,465,19,result
2026-07-11,275,04:50 - 04:55,306,32,result
2026-07-11,276,04:55 - 05:00,052,12,result
2026-07-11,277,05:00 - 05:05,228,18,result
2026-07-11,278,05:05 - 05:10,322,41,result
2026-07-11,279,05:10 - 05:15,022,86,result
2026-07-11,280,05:15 - 05:20,171,79,result
2026-07-11,281,05:20 - 05:25,246,05,result
2026-07-11,282,05:25 - 05:30,585,74,result
2026-07-11,283,05:30 - 05:35,980,22,result
2026-07-11,284,05:35 - 05:40,006,15,result
2026-07-11,285,05:40 - 05:45,558,36,result
2026-07-11,286,05:45 - 05:50,460,47,result
2026-07-11,287,05:50 - 05:55,637,84,result
2026-07-11,288,05:55 - 06:00,323,69,result
2026-07-12,1,06:00 - 06:05,761,98,result
2026-07-12,2,06:05 - 06:10,990,25,result
2026-07-12,3,06:10 - 06:15,737,56,result
2026-07-12,4,06:15 - 06:20,397,93,result
2026-07-12,5,06:20 - 06:25,757,76,result
2026-07-12,6,06:25 - 06:30,142,32,result
2026-07-12,7,06:30 - 06:35,394,94,result
2026-07-12,8,06:35 - 06:40,908,22,result
2026-07-12,9,06:40 - 06:45,467,89,result
2026-07-12,10,06:45 - 06:50,760,40,result
2026-07-12,11,06:50 - 06:55,892,42,result
2026-07-12,12,06:55 - 07:00,353,20,result
2026-07-12,13,07:00 - 07:05,953,31,result
2026-07-12,14,07:05 - 07:10,584,55,result
2026-07-12,15,07:10 - 07:15,454,69,result
2026-07-12,16,07:15 - 07:20,313,19,result
2026-07-12,17,07:20 - 07:25,709,94,result
2026-07-12,18,07:25 - 07:30,992,58,result
2026-07-12,19,07:30 - 07:35,245,93,result
2026-07-12,20,07:35 - 07:40,663,61,result
2026-07-12,21,07:40 - 07:45,457,43,result
2026-07-12,22,07:45 - 07:50,903,30,result
2026-07-12,23,07:50 - 07:55,453,28,result
2026-07-12,24,07:55 - 08:00,756,48,result
2026-07-12,25,08:00 - 08:05,557,44,result
2026-07-12,26,08:05 - 08:10,908,96,result
2026-07-12,27,08:10 - 08:15,442,24,result
2026-07-12,28,08:15 - 08:20,392,63,result
2026-07-12,29,08:20 - 08:25,083,75,result
2026-07-12,30,08:25 - 08:30,800,12,result
2026-07-12,31,08:30 - 08:35,825,47,result
2026-07-12,32,08:35 - 08:40,472,28,result
2026-07-12,33,08:40 - 08:45,358,36,result
2026-07-12,34,08:45 - 08:50,288,25,result
2026-07-12,35,08:50 - 08:55,382,35,result
2026-07-12,36,08:55 - 09:00,796,93,result
2026-07-12,37,09:00 - 09:05,330,93,result
2026-07-12,38,09:05 - 09:10,074,19,result
2026-07-12,39,09:10 - 09:15,043,78,result
2026-07-12,40,09:15 - 09:20,113,37,result
2026-07-12,41,09:20 - 09:25,954,70,result
2026-07-12,42,09:25 - 09:30,426,43,result
2026-07-12,43,09:30 - 09:35,383,63,result
2026-07-12,44,09:35 - 09:40,325,37,result
2026-07-12,45,09:40 - 09:45,488,28,result
2026-07-12,46,09:45 - 09:50,709,97,result
2026-07-12,47,09:50 - 09:55,698,25,result
2026-07-12,48,09:55 - 10:00,229,07,result
2026-07-12,49,10:00 - 10:05,484,59,result
2026-07-12,50,10:05 - 10:10,312,95,result
2026-07-12,51,10:10 - 10:15,466,35,result
2026-07-12,52,10:15 - 10:20,930,68,result
2026-07-12,53,10:20 - 10:25,232,82,result
2026-07-12,54,10:25 - 10:30,394,26,result
2026-07-12,55,10:30 - 10:35,483,53,result
2026-07-12,56,10:35 - 10:40,176,30,result
2026-07-12,57,10:40 - 10:45,106,52,result
2026-07-12,58,10:45 - 10:50,133,05,result
2026-07-12,59,10:50 - 10:55,934,70,result
2026-07-12,60,10:55 - 11:00,120,32,result
2026-07-12,61,11:00 - 11:05,188,51,result
2026-07-12,62,11:05 - 11:10,124,81,result
2026-07-12,63,11:10 - 11:15,851,03,result
2026-07-12,64,11:15 - 11:20,821,43,result
2026-07-12,65,11:20 - 11:25,683,83,result
2026-07-12,66,11:25 - 11:30,259,37,result
2026-07-12,67,11:30 - 11:35,102,67,result
2026-07-12,68,11:35 - 11:40,442,68,result
2026-07-12,69,11:40 - 11:45,615,63,result
2026-07-12,70,11:45 - 11:50,623,65,result
2026-07-12,71,11:50 - 11:55,145,44,result
2026-07-12,72,11:55 - 12:00,499,84,result
2026-07-12,73,12:00 - 12:05,460,37,result
2026-07-12,74,12:05 - 12:10,619,05,result
2026-07-12,75,12:10 - 12:15,419,79,result
2026-07-12,76,12:15 - 12:20,533,73,result
2026-07-12,77,12:20 - 12:25,086,66,result
2026-07-12,78,12:25 - 12:30,516,78,result
2026-07-12,79,12:30 - 12:35,447,01,result
2026-07-12,80,12:35 - 12:40,006,58,result
2026-07-12,81,12:40 - 12:45,857,17,result
2026-07-12,82,12:45 - 12:50,625,11,result
2026-07-12,83,12:50 - 12:55,254,12,result
2026-07-12,84,12:55 - 13:00,634,02,result
2026-07-12,85,13:00 - 13:05,443,77,result
2026-07-12,86,13:05 - 13:10,657,56,result
2026-07-12,87,13:10 - 13:15,474,88,result
2026-07-12,88,13:15 - 13:20,714,26,result
2026-07-12,89,13:20 - 13:25,077,60,result
2026-07-12,90,13:25 - 13:30,626,87,result
2026-07-12,91,13:30 - 13:35,713,47,result
2026-07-12,92,13:35 - 13:40,234,07,result
2026-07-12,93,13:40 - 13:45,590,45,result
2026-07-12,94,13:45 - 13:50,589,54,result
2026-07-12,95,13:50 - 13:55,065,87,result
2026-07-12,96,13:55 - 14:00,894,60,result
2026-07-12,97,14:00 - 14:05,495,78,result
2026-07-12,98,14:05 - 14:10,330,42,result
2026-07-12,99,14:10 - 14:15,791,75,result
2026-07-12,100,14:15 - 14:20,243,14,result
2026-07-12,101,14:20 - 14:25,098,43,result
2026-07-12,102,14:25 - 14:30,922,80,result
2026-07-12,103,14:30 - 14:35,331,99,result
2026-07-12,104,14:35 - 14:40,603,65,result
2026-07-12,105,14:40 - 14:45,414,18,result
2026-07-12,106,14:45 - 14:50,233,98,result
2026-07-12,107,14:50 - 14:55,962,56,result
2026-07-12,108,14:55 - 15:00,170,07,result
2026-07-12,109,15:00 - 15:05,718,36,result
2026-07-12,110,15:05 - 15:10,733,56,result
2026-07-12,111,15:10 - 15:15,767,69,result
2026-07-12,112,15:15 - 15:20,169,54,result
2026-07-12,113,15:20 - 15:25,448,79,result
2026-07-12,114,15:25 - 15:30,175,67,result
2026-07-12,115,15:30 - 15:35,107,67,result
2026-07-12,116,15:35 - 15:40,284,44,result
2026-07-12,117,15:40 - 15:45,258,85,result
2026-07-12,118,15:45 - 15:50,118,81,result
2026-07-12,119,15:50 - 15:55,200,24,result
2026-07-12,120,15:55 - 16:00,749,62,result
2026-07-12,121,16:00 - 16:05,319,90,result
2026-07-12,122,16:05 - 16:10,398,18,result
2026-07-12,123,16:10 - 16:15,562,83,result
2026-07-12,124,16:15 - 16:20,579,08,result
2026-07-12,125,16:20 - 16:25,687,51,result
2026-07-12,126,16:25 - 16:30,974,28,result
2026-07-12,127,16:30 - 16:35,123,94,result
2026-07-12,128,16:35 - 16:40,060,28,result
2026-07-12,129,16:40 - 16:45,488,15,result
2026-07-12,130,16:45 - 16:50,350,67,result
2026-07-12,131,16:50 - 16:55,635,24,result
2026-07-12,132,16:55 - 17:00,960,61,result
2026-07-12,133,17:00 - 17:05,966,41,result
2026-07-12,134,17:05 - 17:10,925,67,result
2026-07-12,135,17:10 - 17:15,097,69,result
2026-07-12,136,17:15 - 17:20,803,96,result
2026-07-12,137,17:20 - 17:25,799,63,result
2026-07-12,138,17:25 - 17:30,599,52,result
2026-07-12,139,17:30 - 17:35,515,60,result
2026-07-12,140,17:35 - 17:40,735,40,result
2026-07-12,141,17:40 - 17:45,422,21,result
2026-07-12,142,17:45 - 17:50,802,33,result
2026-07-12,143,17:50 - 17:55,547,52,result
2026-07-12,144,17:55 - 18:00,317,19,result
2026-07-12,145,18:00 - 18:05,574,43,result
2026-07-12,146,18:05 - 18:10,244,48,result
2026-07-12,147,18:10 - 18:15,621,54,result
2026-07-12,148,18:15 - 18:20,001,62,result
2026-07-12,149,18:20 - 18:25,424,00,result
2026-07-12,150,18:25 - 18:30,305,20,result
2026-07-12,151,18:30 - 18:35,590,80,result
2026-07-12,152,18:35 - 18:40,684,96,result
2026-07-12,153,18:40 - 18:45,874,25,result
2026-07-12,154,18:45 - 18:50,746,41,result
2026-07-12,155,18:50 - 18:55,110,95,result
2026-07-12,156,18:55 - 19:00,429,03,result
2026-07-12,157,19:00 - 19:05,359,09,result
2026-07-12,158,19:05 - 19:10,110,07,result
2026-07-12,159,19:10 - 19:15,964,98,result
2026-07-12,160,19:15 - 19:20,800,01,result
2026-07-12,161,19:20 - 19:25,531,12,result
2026-07-12,162,19:25 - 19:30,767,59,result
2026-07-12,163,19:30 - 19:35,293,96,result
2026-07-12,164,19:35 - 19:40,423,40,result
2026-07-12,165,19:40 - 19:45,582,53,result
2026-07-12,166,19:45 - 19:50,351,74,result
2026-07-12,167,19:50 - 19:55,303,73,result
2026-07-12,168,19:55 - 20:00,586,23,result
2026-07-12,169,20:00 - 20:05,356,75,result
2026-07-12,170,20:05 - 20:10,712,20,result
2026-07-12,171,20:10 - 20:15,960,75,result
2026-07-12,172,20:15 - 20:20,773,12,result
2026-07-12,173,20:20 - 20:25,071,71,result
2026-07-12,174,20:25 - 20:30,868,27,result
2026-07-12,175,20:30 - 20:35,471,27,result
2026-07-12,176,20:35 - 20:40,597,26,result
2026-07-12,177,20:40 - 20:45,181,63,result
2026-07-12,178,20:45 - 20:50,052,22,result
2026-07-12,179,20:50 - 20:55,152,73,result
2026-07-12,180,20:55 - 21:00,218,03,result
2026-07-12,181,21:00 - 21:05,260,18,result
2026-07-12,182,21:05 - 21:10,346,02,result
2026-07-12,183,21:10 - 21:15,071,07,result
2026-07-12,184,21:15 - 21:20,938,70,result
2026-07-12,185,21:20 - 21:25,782,51,result
2026-07-12,186,21:25 - 21:30,126,48,result
2026-07-12,187,21:30 - 21:35,051,59,result
2026-07-12,188,21:35 - 21:40,010,90,result
2026-07-12,189,21:40 - 21:45,156,45,result
2026-07-12,190,21:45 - 21:50,897,63,result
2026-07-12,191,21:50 - 21:55,447,72,result
2026-07-12,192,21:55 - 22:00,343,66,result
2026-07-12,193,22:00 - 22:05,454,00,result
2026-07-12,194,22:05 - 22:10,368,01,result
2026-07-12,195,22:10 - 22:15,436,89,result
2026-07-12,196,22:15 - 22:20,312,68,result
2026-07-12,197,22:20 - 22:25,982,13,result
2026-07-12,198,22:25 - 22:30,022,28,result
2026-07-12,199,22:30 - 22:35,080,52,result
2026-07-12,200,22:35 - 22:40,439,37,result
2026-07-12,201,22:40 - 22:45,339,85,result
2026-07-12,202,22:45 - 22:50,883,76,result
2026-07-12,203,22:50 - 22:55,949,63,result
2026-07-12,204,22:55 - 23:00,359,44,result
2026-07-12,205,23:00 - 23:05,785,72,result
2026-07-12,206,23:05 - 23:10,967,99,result
2026-07-12,207,23:10 - 23:15,503,43,result
2026-07-12,208,23:15 - 23:20,857,79,result
2026-07-12,209,23:20 - 23:25,287,77,result
2026-07-12,210,23:25 - 23:30,569,59,result
2026-07-12,211,23:30 - 23:35,224,31,result
2026-07-12,212,23:35 - 23:40,911,83,result
2026-07-12,213,23:40 - 23:45,562,78,result
2026-07-12,214,23:45 - 23:50,271,83,result
2026-07-12,215,23:50 - 23:55,472,28,result
2026-07-12,216,23:55 - 00:00,348,20,result
2026-07-12,217,00:00 - 00:05,965,90,result
2026-07-12,218,00:05 - 00:10,864,83,result
2026-07-12,219,00:10 - 00:15,767,42,result
2026-07-12,220,00:15 - 00:20,679,51,result
2026-07-12,221,00:20 - 00:25,844,63,result
2026-07-12,222,00:25 - 00:30,904,36,result
2026-07-12,223,00:30 - 00:35,963,68,result
2026-07-12,224,00:35 - 00:40,313,75,result
2026-07-12,225,00:40 - 00:45,366,35,result
2026-07-12,226,00:45 - 00:50,861,80,result
2026-07-12,227,00:50 - 00:55,942,95,result
2026-07-12,228,00:55 - 01:00,572,68,result
2026-07-12,229,01:00 - 01:05,846,16,result
2026-07-12,230,01:05 - 01:10,057,31,result
2026-07-12,231,01:10 - 01:15,131,52,result
2026-07-12,232,01:15 - 01:20,183,41,result
2026-07-12,233,01:20 - 01:25,684,97,result
2026-07-12,234,01:25 - 01:30,472,61,result
2026-07-12,235,01:30 - 01:35,494,30,result
2026-07-12,236,01:35 - 01:40,874,08,result
2026-07-12,237,01:40 - 01:45,447,67,result
2026-07-12,238,01:45 - 01:50,775,37,result
2026-07-12,239,01:50 - 01:55,996,89,result
2026-07-12,240,01:55 - 02:00,922,26,result
2026-07-12,241,02:00 - 02:05,679,91,result
2026-07-12,242,02:05 - 02:10,241,52,result
2026-07-12,243,02:10 - 02:15,240,76,result
2026-07-12,244,02:15 - 02:20,631,54,result
2026-07-12,245,02:20 - 02:25,555,23,result
2026-07-12,246,02:25 - 02:30,918,52,result
2026-07-12,247,02:30 - 02:35,080,61,result
2026-07-12,248,02:35 - 02:40,325,59,result
2026-07-12,249,02:40 - 02:45,883,07,result
2026-07-12,250,02:45 - 02:50,032,03,result
2026-07-12,251,02:50 - 02:55,033,60,result
2026-07-12,252,02:55 - 03:00,813,92,result
2026-07-12,253,03:00 - 03:05,379,28,result
2026-07-12,254,03:05 - 03:10,502,94,result
2026-07-12,255,03:10 - 03:15,098,02,result
2026-07-12,256,03:15 - 03:20,851,12,result
2026-07-12,257,03:20 - 03:25,511,92,result
2026-07-12,258,03:25 - 03:30,979,66,result
2026-07-12,259,03:30 - 03:35,494,25,result
2026-07-12,260,03:35 - 03:40,124,67,result
2026-07-12,261,03:40 - 03:45,029,51,result
2026-07-12,262,03:45 - 03:50,930,65,result
2026-07-12,263,03:50 - 03:55,778,70,result
2026-07-12,264,03:55 - 04:00,201,39,result
2026-07-12,265,04:00 - 04:05,280,45,result
2026-07-12,266,04:05 - 04:10,789,50,result
2026-07-12,267,04:10 - 04:15,874,31,result
2026-07-12,268,04:15 - 04:20,093,01,result
2026-07-12,269,04:20 - 04:25,161,56,result
2026-07-12,270,04:25 - 04:30,027,40,result
2026-07-12,271,04:30 - 04:35,365,80,result
2026-07-12,272,04:35 - 04:40,631,50,result
2026-07-12,273,04:40 - 04:45,214,16,result
2026-07-12,274,04:45 - 04:50,171,88,result
2026-07-12,275,04:50 - 04:55,066,56,result
2026-07-12,276,04:55 - 05:00,578,80,result
2026-07-12,277,05:00 - 05:05,354,75,result
2026-07-12,278,05:05 - 05:10,961,71,result
2026-07-12,279,05:10 - 05:15,675,87,result
2026-07-12,280,05:15 - 05:20,817,91,result
2026-07-12,281,05:20 - 05:25,193,09,result
2026-07-12,282,05:25 - 05:30,256,18,result
2026-07-12,283,05:30 - 05:35,424,41,result
2026-07-12,284,05:35 - 05:40,626,20,result
2026-07-12,285,05:40 - 05:45,963,67,result
2026-07-12,286,05:45 - 05:50,589,24,result
2026-07-12,287,05:50 - 05:55,575,34,result
2026-07-12,288,05:55 - 06:00,374,49,result
2026-07-13,1,06:00 - 06:05,372,43,result
2026-07-13,2,06:05 - 06:10,044,25,result
2026-07-13,3,06:10 - 06:15,768,10,result
2026-07-13,4,06:15 - 06:20,083,72,result
2026-07-13,5,06:20 - 06:25,635,08,result
2026-07-13,6,06:25 - 06:30,349,29,result
2026-07-13,7,06:30 - 06:35,717,24,result
2026-07-13,8,06:35 - 06:40,636,79,result
2026-07-13,9,06:40 - 06:45,289,47,result
2026-07-13,10,06:45 - 06:50,778,29,result
2026-07-13,11,06:50 - 06:55,186,31,result
2026-07-13,12,06:55 - 07:00,735,37,result
2026-07-13,13,07:00 - 07:05,532,39,result
2026-07-13,14,07:05 - 07:10,291,95,result
2026-07-13,15,07:10 - 07:15,402,27,result
2026-07-13,16,07:15 - 07:20,683,71,result
2026-07-13,17,07:20 - 07:25,753,04,result
2026-07-13,18,07:25 - 07:30,055,32,result
2026-07-13,19,07:30 - 07:35,539,33,result
2026-07-13,20,07:35 - 07:40,680,45,result
2026-07-13,21,07:40 - 07:45,299,14,result
2026-07-13,22,07:45 - 07:50,329,13,result
2026-07-13,23,07:50 - 07:55,541,22,result
2026-07-13,24,07:55 - 08:00,836,19,result
2026-07-13,25,08:00 - 08:05,427,05,result
2026-07-13,26,08:05 - 08:10,246,53,result
2026-07-13,27,08:10 - 08:15,562,61,result
2026-07-13,28,08:15 - 08:20,725,97,result
2026-07-13,29,08:20 - 08:25,592,45,result
2026-07-13,30,08:25 - 08:30,281,45,result
2026-07-13,31,08:30 - 08:35,954,67,result
2026-07-13,32,08:35 - 08:40,953,83,result
2026-07-13,33,08:40 - 08:45,487,69,result
2026-07-13,34,08:45 - 08:50,376,22,result
2026-07-13,35,08:50 - 08:55,937,68,result
2026-07-13,36,08:55 - 09:00,828,81,result
2026-07-13,37,09:00 - 09:05,862,14,result
2026-07-13,38,09:05 - 09:10,402,33,result
2026-07-13,39,09:10 - 09:15,714,34,result
2026-07-13,40,09:15 - 09:20,614,85,result
2026-07-13,41,09:20 - 09:25,912,52,result
2026-07-13,42,09:25 - 09:30,188,75,result
2026-07-13,43,09:30 - 09:35,184,75,result
2026-07-13,44,09:35 - 09:40,960,47,result
2026-07-13,45,09:40 - 09:45,430,37,result
2026-07-13,46,09:45 - 09:50,644,93,result
2026-07-13,47,09:50 - 09:55,879,52,result
2026-07-13,48,09:55 - 10:00,447,37,result
2026-07-13,49,10:00 - 10:05,073,97,result
2026-07-13,50,10:05 - 10:10,448,41,result
2026-07-13,51,10:10 - 10:15,699,00,result
2026-07-13,52,10:15 - 10:20,572,26,result
2026-07-13,53,10:20 - 10:25,049,13,result
2026-07-13,54,10:25 - 10:30,474,68,result
2026-07-13,55,10:30 - 10:35,404,17,result
2026-07-13,56,10:35 - 10:40,302,99,result
2026-07-13,57,10:40 - 10:45,633,62,result
2026-07-13,58,10:45 - 10:50,406,22,result
2026-07-13,59,10:50 - 10:55,007,74,result
2026-07-13,60,10:55 - 11:00,587,98,result
2026-07-13,61,11:00 - 11:05,946,40,result
2026-07-13,62,11:05 - 11:10,490,97,result
2026-07-13,63,11:10 - 11:15,627,33,result
2026-07-13,64,11:15 - 11:20,709,21,result
2026-07-13,65,11:20 - 11:25,370,01,result
2026-07-13,66,11:25 - 11:30,820,26,result
2026-07-13,67,11:30 - 11:35,962,84,result
2026-07-13,68,11:35 - 11:40,439,32,result
2026-07-13,69,11:40 - 11:45,039,69,result
2026-07-13,70,11:45 - 11:50,461,90,result
2026-07-13,71,11:50 - 11:55,504,37,result
2026-07-13,72,11:55 - 12:00,239,17,result
2026-07-13,73,12:00 - 12:05,633,12,result
2026-07-13,74,12:05 - 12:10,800,94,result
2026-07-13,75,12:10 - 12:15,518,17,result
2026-07-13,76,12:15 - 12:20,347,91,result
2026-07-13,77,12:20 - 12:25,671,43,result
2026-07-13,78,12:25 - 12:30,396,31,result
2026-07-13,79,12:30 - 12:35,936,83,result
2026-07-13,80,12:35 - 12:40,113,94,result
2026-07-13,81,12:40 - 12:45,376,38,result
2026-07-13,82,12:45 - 12:50,105,49,result
2026-07-13,83,12:50 - 12:55,921,96,result
2026-07-13,84,12:55 - 13:00,651,68,result
2026-07-13,85,13:00 - 13:05,161,84,result
2026-07-13,86,13:05 - 13:10,746,80,result
2026-07-13,87,13:10 - 13:15,375,04,result
2026-07-13,88,13:15 - 13:20,273,44,result
2026-07-13,89,13:20 - 13:25,620,36,result
2026-07-13,90,13:25 - 13:30,582,21,result
2026-07-13,91,13:30 - 13:35,511,05,result
2026-07-13,92,13:35 - 13:40,675,54,result
2026-07-13,93,13:40 - 13:45,325,62,result
2026-07-13,94,13:45 - 13:50,494,25,result
2026-07-13,95,13:50 - 13:55,008,88,result
2026-07-13,96,13:55 - 14:00,691,89,result
2026-07-13,97,14:00 - 14:05,375,17,result
2026-07-13,98,14:05 - 14:10,709,07,result
2026-07-13,99,14:10 - 14:15,651,48,result
2026-07-13,100,14:15 - 14:20,601,01,result
2026-07-13,101,14:20 - 14:25,703,27,result
2026-07-13,102,14:25 - 14:30,625,71,result
2026-07-13,103,14:30 - 14:35,254,92,result
2026-07-13,104,14:35 - 14:40,447,04,result
2026-07-13,105,14:40 - 14:45,704,24,result
2026-07-13,106,14:45 - 14:50,885,55,result
2026-07-13,107,14:50 - 14:55,669,17,result
2026-07-13,108,14:55 - 15:00,533,01,result
2026-07-13,109,15:00 - 15:05,091,35,result
2026-07-13,110,15:05 - 15:10,701,78,result
2026-07-13,111,15:10 - 15:15,440,30,result
2026-07-13,112,15:15 - 15:20,800,70,result
2026-07-13,113,15:20 - 15:25,104,71,result
2026-07-13,114,15:25 - 15:30,273,04,result
2026-07-13,115,15:30 - 15:35,137,57,result
2026-07-13,116,15:35 - 15:40,605,37,result
2026-07-13,117,15:40 - 15:45,401,18,result
2026-07-13,118,15:45 - 15:50,574,53,result
2026-07-13,119,15:50 - 15:55,881,97,result
2026-07-13,120,15:55 - 16:00,397,22,result
2026-07-13,121,16:00 - 16:05,281,18,result
2026-07-13,122,16:05 - 16:10,692,03,result
2026-07-13,123,16:10 - 16:15,843,10,result
2026-07-13,124,16:15 - 16:20,791,67,result
2026-07-13,125,16:20 - 16:25,041,65,result
2026-07-13,126,16:25 - 16:30,896,70,result
2026-07-13,127,16:30 - 16:35,675,51,result
2026-07-13,128,16:35 - 16:40,247,29,result
2026-07-13,129,16:40 - 16:45,888,06,result
2026-07-13,130,16:45 - 16:50,411,28,result
2026-07-13,131,16:50 - 16:55,400,96,result
2026-07-13,132,16:55 - 17:00,023,22,result
2026-07-13,133,17:00 - 17:05,733,53,result
2026-07-13,134,17:05 - 17:10,919,91,result
2026-07-13,135,17:10 - 17:15,647,54,result
2026-07-13,136,17:15 - 17:20,626,82,result
2026-07-13,137,17:20 - 17:25,929,53,result
2026-07-13,138,17:25 - 17:30,028,62,result
2026-07-13,139,17:30 - 17:35,495,68,result
2026-07-13,140,17:35 - 17:40,106,34,result
2026-07-13,141,17:40 - 17:45,399,79,result
2026-07-13,142,17:45 - 17:50,863,75,result
2026-07-13,143,17:50 - 17:55,091,13,result
2026-07-13,144,17:55 - 18:00,618,25,result
2026-07-13,145,18:00 - 18:05,590,34,result
2026-07-13,146,18:05 - 18:10,238,16,result
2026-07-13,147,18:10 - 18:15,981,62,result
2026-07-13,148,18:15 - 18:20,771,08,result
2026-07-13,149,18:20 - 18:25,274,87,result
2026-07-13,150,18:25 - 18:30,881,86,result
2026-07-13,151,18:30 - 18:35,333,21,result
2026-07-13,152,18:35 - 18:40,238,32,result
2026-07-13,153,18:40 - 18:45,537,93,result
2026-07-13,154,18:45 - 18:50,258,05,result
2026-07-13,155,18:50 - 18:55,546,88,result
2026-07-13,156,18:55 - 19:00,343,38,result
2026-07-13,157,19:00 - 19:05,808,00,result
2026-07-13,158,19:05 - 19:10,524,06,result
2026-07-13,159,19:10 - 19:15,478,02,result
2026-07-13,160,19:15 - 19:20,650,22,result
2026-07-13,161,19:20 - 19:25,673,85,result
2026-07-13,162,19:25 - 19:30,217,70,result
2026-07-13,163,19:30 - 19:35,435,93,result
2026-07-13,164,19:35 - 19:40,378,21,result
2026-07-13,165,19:40 - 19:45,371,57,result
2026-07-13,166,19:45 - 19:50,877,85,result
2026-07-13,167,19:50 - 19:55,440,11,result
2026-07-13,168,19:55 - 20:00,785,14,result
2026-07-13,169,20:00 - 20:05,364,43,result
2026-07-13,170,20:05 - 20:10,555,36,result
2026-07-13,171,20:10 - 20:15,311,56,result
2026-07-13,172,20:15 - 20:20,729,00,result
2026-07-13,173,20:20 - 20:25,334,70,result
2026-07-13,174,20:25 - 20:30,063,87,result
2026-07-13,175,20:30 - 20:35,805,44,result
2026-07-13,176,20:35 - 20:40,194,59,result
2026-07-13,177,20:40 - 20:45,042,61,result
2026-07-13,178,20:45 - 20:50,816,87,result
2026-07-13,179,20:50 - 20:55,154,29,result
2026-07-13,180,20:55 - 21:00,873,18,result
2026-07-13,181,21:00 - 21:05,479,37,result
2026-07-13,182,21:05 - 21:10,046,34,result
2026-07-13,183,21:10 - 21:15,551,01,result
2026-07-13,184,21:15 - 21:20,597,82,result
2026-07-13,185,21:20 - 21:25,501,94,result
2026-07-13,186,21:25 - 21:30,776,36,result
2026-07-13,187,21:30 - 21:35,259,53,result
2026-07-13,188,21:35 - 21:40,728,51,result
2026-07-13,189,21:40 - 21:45,335,54,result
2026-07-13,190,21:45 - 21:50,326,27,result
2026-07-13,191,21:50 - 21:55,075,71,result
2026-07-13,192,21:55 - 22:00,776,13,result
2026-07-13,193,22:00 - 22:05,140,55,result
2026-07-13,194,22:05 - 22:10,844,36,result
2026-07-13,195,22:10 - 22:15,205,26,result
2026-07-13,196,22:15 - 22:20,396,78,result
2026-07-13,197,22:20 - 22:25,414,51,result
2026-07-13,198,22:25 - 22:30,510,50,result
2026-07-13,199,22:30 - 22:35,064,39,result
2026-07-13,200,22:35 - 22:40,922,54,result
2026-07-13,201,22:40 - 22:45,370,94,result
2026-07-13,202,22:45 - 22:50,585,24,result
2026-07-13,203,22:50 - 22:55,511,24,result
2026-07-13,204,22:55 - 23:00,879,87,result
2026-07-13,205,23:00 - 23:05,108,18,result
2026-07-13,206,23:05 - 23:10,671,53,result
2026-07-13,207,23:10 - 23:15,789,36,result
2026-07-13,208,23:15 - 23:20,597,48,result
2026-07-13,209,23:20 - 23:25,131,10,result
2026-07-13,210,23:25 - 23:30,343,36,result
2026-07-13,211,23:30 - 23:35,819,10,result
2026-07-13,212,23:35 - 23:40,205,71,result
2026-07-13,213,23:40 - 23:45,135,49,result
2026-07-13,214,23:45 - 23:50,946,60,result
2026-07-13,215,23:50 - 23:55,191,88,result
2026-07-13,216,23:55 - 00:00,301,32,result
2026-07-13,217,00:00 - 00:05,945,41,result
2026-07-13,218,00:05 - 00:10,354,20,result
2026-07-13,219,00:10 - 00:15,007,70,result
2026-07-13,220,00:15 - 00:20,527,41,result
2026-07-13,221,00:20 - 00:25,644,58,result
2026-07-13,222,00:25 - 00:30,523,43,result
2026-07-13,223,00:30 - 00:35,979,56,result
2026-07-13,224,00:35 - 00:40,065,44,result
2026-07-13,225,00:40 - 00:45,497,75,result
2026-07-13,226,00:45 - 00:50,982,66,result
2026-07-13,227,00:50 - 00:55,548,65,result
2026-07-13,228,00:55 - 01:00,939,94,result
2026-07-13,229,01:00 - 01:05,317,70,result
2026-07-13,230,01:05 - 01:10,232,74,result
2026-07-13,231,01:10 - 01:15,510,15,result
2026-07-13,232,01:15 - 01:20,548,21,result
2026-07-13,233,01:20 - 01:25,996,96,result
2026-07-13,234,01:25 - 01:30,615,33,result
2026-07-13,235,01:30 - 01:35,936,25,result
2026-07-13,236,01:35 - 01:40,571,74,result
2026-07-13,237,01:40 - 01:45,281,79,result
2026-07-13,238,01:45 - 01:50,668,74,result
2026-07-13,239,01:50 - 01:55,606,21,result
2026-07-13,240,01:55 - 02:00,089,66,result
2026-07-13,241,02:00 - 02:05,361,08,result
2026-07-13,242,02:05 - 02:10,497,03,result
2026-07-13,243,02:10 - 02:15,696,81,result
2026-07-13,244,02:15 - 02:20,780,69,result
2026-07-13,245,02:20 - 02:25,479,47,result
2026-07-13,246,02:25 - 02:30,053,87,result
2026-07-13,247,02:30 - 02:35,106,14,result
2026-07-13,248,02:35 - 02:40,548,24,result
2026-07-13,249,02:40 - 02:45,884,09,result
2026-07-13,250,02:45 - 02:50,624,82,result
2026-07-13,251,02:50 - 02:55,130,24,result
2026-07-13,252,02:55 - 03:00,538,79,result
2026-07-13,253,03:00 - 03:05,736,63,result
2026-07-13,254,03:05 - 03:10,448,62,result
2026-07-13,255,03:10 - 03:15,445,28,result
2026-07-13,256,03:15 - 03:20,600,62,result
2026-07-13,257,03:20 - 03:25,198,63,result
2026-07-13,258,03:25 - 03:30,682,40,result
2026-07-13,259,03:30 - 03:35,458,07,result
2026-07-13,260,03:35 - 03:40,751,16,result
2026-07-13,261,03:40 - 03:45,443,68,result
2026-07-13,262,03:45 - 03:50,907,13,result
2026-07-13,263,03:50 - 03:55,875,13,result
2026-07-13,264,03:55 - 04:00,261,92,result
2026-07-13,265,04:00 - 04:05,136,13,result
2026-07-13,266,04:05 - 04:10,154,44,result
2026-07-13,267,04:10 - 04:15,432,62,result
2026-07-13,268,04:15 - 04:20,601,63,result
2026-07-13,269,04:20 - 04:25,872,93,result
2026-07-13,270,04:25 - 04:30,925,29,result
2026-07-13,271,04:30 - 04:35,218,79,result
2026-07-13,272,04:35 - 04:40,500,20,result
2026-07-13,273,04:40 - 04:45,407,74,result
2026-07-13,274,04:45 - 04:50,144,96,result
2026-07-13,275,04:50 - 04:55,670,06,result
2026-07-13,276,04:55 - 05:00,087,72,result
2026-07-13,277,05:00 - 05:05,457,63,result
2026-07-13,278,05:05 - 05:10,941,55,result
2026-07-13,279,05:10 - 05:15,567,76,result
2026-07-13,280,05:15 - 05:20,937,84,result
2026-07-13,281,05:20 - 05:25,244,62,result
2026-07-13,282,05:25 - 05:30,979,86,result
2026-07-13,283,05:30 - 05:35,548,98,result
2026-07-13,284,05:35 - 05:40,525,05,result
2026-07-13,285,05:40 - 05:45,765,63,result
2026-07-13,286,05:45 - 05:50,159,43,result
2026-07-13,287,05:50 - 05:55,232,26,result
2026-07-13,288,05:55 - 06:00,657,58,result
2026-07-14,1,06:00 - 06:05,007,97,result
2026-07-14,2,06:05 - 06:10,406,77,result
2026-07-14,3,06:10 - 06:15,734,40,result
2026-07-14,4,06:15 - 06:20,635,78,result
2026-07-14,5,06:20 - 06:25,450,19,result
2026-07-14,6,06:25 - 06:30,290,81,result
2026-07-14,7,06:30 - 06:35,511,08,result
2026-07-14,8,06:35 - 06:40,311,64,result
2026-07-14,9,06:40 - 06:45,090,53,result
2026-07-14,10,06:45 - 06:50,865,71,result
2026-07-14,11,06:50 - 06:55,844,08,result
2026-07-14,12,06:55 - 07:00,104,25,result
2026-07-14,13,07:00 - 07:05,765,25,result
2026-07-14,14,07:05 - 07:10,984,88,result
2026-07-14,15,07:10 - 07:15,169,32,result
2026-07-14,16,07:15 - 07:20,552,19,result
2026-07-14,17,07:20 - 07:25,367,88,result
2026-07-14,18,07:25 - 07:30,732,59,result
2026-07-14,19,07:30 - 07:35,736,53,result
2026-07-14,20,07:35 - 07:40,239,29,result
2026-07-14,21,07:40 - 07:45,892,66,result
2026-07-14,22,07:45 - 07:50,028,27,result
2026-07-14,23,07:50 - 07:55,573,02,result
2026-07-14,24,07:55 - 08:00,497,18,result
2026-07-14,25,08:00 - 08:05,443,05,result
2026-07-14,26,08:05 - 08:10,522,37,result
2026-07-14,27,08:10 - 08:15,294,30,result
2026-07-14,28,08:15 - 08:20,185,82,result
2026-07-14,29,08:20 - 08:25,887,36,result
2026-07-14,30,08:25 - 08:30,296,97,result
2026-07-14,31,08:30 - 08:35,389,11,result
2026-07-14,32,08:35 - 08:40,898,49,result
2026-07-14,33,08:40 - 08:45,710,57,result
2026-07-14,34,08:45 - 08:50,428,92,result
2026-07-14,35,08:50 - 08:55,649,80,result
2026-07-14,36,08:55 - 09:00,180,66,result
2026-07-14,37,09:00 - 09:05,470,39,result
2026-07-14,38,09:05 - 09:10,362,98,result
2026-07-14,39,09:10 - 09:15,441,32,result
2026-07-14,40,09:15 - 09:20,144,24,result
2026-07-14,41,09:20 - 09:25,905,42,result
2026-07-14,42,09:25 - 09:30,601,55,result
2026-07-14,43,09:30 - 09:35,202,88,result
2026-07-14,44,09:35 - 09:40,942,06,result
2026-07-14,45,09:40 - 09:45,785,45,result
2026-07-14,46,09:45 - 09:50,127,53,result
2026-07-14,47,09:50 - 09:55,860,83,result
2026-07-14,48,09:55 - 10:00,366,22,result
2026-07-14,49,10:00 - 10:05,338,45,result
2026-07-14,50,10:05 - 10:10,212,65,result
2026-07-14,51,10:10 - 10:15,022,15,result
2026-07-14,52,10:15 - 10:20,020,33,result
2026-07-14,53,10:20 - 10:25,048,85,result
2026-07-14,54,10:25 - 10:30,825,48,result
2026-07-14,55,10:30 - 10:35,741,06,result
2026-07-14,56,10:35 - 10:40,703,67,result
2026-07-14,57,10:40 - 10:45,069,54,result
2026-07-14,58,10:45 - 10:50,894,62,result
2026-07-14,59,10:50 - 10:55,132,76,result
2026-07-14,60,10:55 - 11:00,673,94,result
2026-07-14,61,11:00 - 11:05,069,18,result
2026-07-14,62,11:05 - 11:10,976,67,result
2026-07-14,63,11:10 - 11:15,079,48,result
2026-07-14,64,11:15 - 11:20,015,30,result
2026-07-14,65,11:20 - 11:25,501,68,result
2026-07-14,66,11:25 - 11:30,419,16,result
2026-07-14,67,11:30 - 11:35,270,72,result
2026-07-14,68,11:35 - 11:40,080,43,result
2026-07-14,69,11:40 - 11:45,971,97,result
2026-07-14,70,11:45 - 11:50,829,60,result
2026-07-14,71,11:50 - 11:55,629,28,result
2026-07-14,72,11:55 - 12:00,695,48,result
2026-07-14,73,12:00 - 12:05,090,18,result
2026-07-14,74,12:05 - 12:10,773,00,result
2026-07-14,75,12:10 - 12:15,559,00,result
2026-07-14,76,12:15 - 12:20,421,84,result
2026-07-14,77,12:20 - 12:25,549,73,result
2026-07-14,78,12:25 - 12:30,605,64,result
2026-07-14,79,12:30 - 12:35,252,87,result
2026-07-14,80,12:35 - 12:40,261,70,result
2026-07-14,81,12:40 - 12:45,181,64,result
2026-07-14,82,12:45 - 12:50,348,17,result
2026-07-14,83,12:50 - 12:55,055,22,result
2026-07-14,84,12:55 - 13:00,932,56,result
2026-07-14,85,13:00 - 13:05,295,31,result
2026-07-14,86,13:05 - 13:10,336,91,result
2026-07-14,87,13:10 - 13:15,546,18,result
2026-07-14,88,13:15 - 13:20,527,57,result
2026-07-14,89,13:20 - 13:25,002,96,result
2026-07-14,90,13:25 - 13:30,017,02,result
2026-07-14,91,13:30 - 13:35,703,91,result
2026-07-14,92,13:35 - 13:40,579,50,result
2026-07-14,93,13:40 - 13:45,372,80,result
2026-07-14,94,13:45 - 13:50,051,62,result
2026-07-14,95,13:50 - 13:55,612,60,result
2026-07-14,96,13:55 - 14:00,432,73,result
2026-07-14,97,14:00 - 14:05,264,66,result
2026-07-14,98,14:05 - 14:10,963,56,result
2026-07-14,99,14:10 - 14:15,727,18,result
2026-07-14,100,14:15 - 14:20,820,85,result
2026-07-14,101,14:20 - 14:25,855,89,result
2026-07-14,102,14:25 - 14:30,816,30,result
2026-07-14,103,14:30 - 14:35,104,69,result
2026-07-14,104,14:35 - 14:40,375,57,result
2026-07-14,105,14:40 - 14:45,933,01,result
2026-07-14,106,14:45 - 14:50,193,76,result
2026-07-14,107,14:50 - 14:55,536,38,result
2026-07-14,108,14:55 - 15:00,367,86,result
2026-07-14,109,15:00 - 15:05,853,42,result
2026-07-14,110,15:05 - 15:10,468,02,result
2026-07-14,111,15:10 - 15:15,477,27,result
2026-07-14,112,15:15 - 15:20,642,54,result
2026-07-14,113,15:20 - 15:25,330,47,result
2026-07-14,114,15:25 - 15:30,477,68,result
2026-07-14,115,15:30 - 15:35,849,66,result
2026-07-14,116,15:35 - 15:40,287,49,result
2026-07-14,117,15:40 - 15:45,071,00,result
2026-07-14,118,15:45 - 15:50,548,66,result
2026-07-14,119,15:50 - 15:55,817,01,result
2026-07-14,120,15:55 - 16:00,871,84,result
2026-07-14,121,16:00 - 16:05,196,16,result
2026-07-14,122,16:05 - 16:10,127,82,result
2026-07-14,123,16:10 - 16:15,205,58,result
2026-07-14,124,16:15 - 16:20,035,85,result
2026-07-14,125,16:20 - 16:25,987,52,result
2026-07-14,126,16:25 - 16:30,395,73,result
2026-07-14,127,16:30 - 16:35,932,53,result
2026-07-14,128,16:35 - 16:40,591,99,result
2026-07-14,129,16:40 - 16:45,445,76,result
2026-07-14,130,16:45 - 16:50,340,38,result
2026-07-14,131,16:50 - 16:55,516,82,result
2026-07-14,132,16:55 - 17:00,720,41,result
2026-07-14,133,17:00 - 17:05,207,14,result
2026-07-14,134,17:05 - 17:10,035,50,result
2026-07-14,135,17:10 - 17:15,870,79,result
2026-07-14,136,17:15 - 17:20,342,51,result
2026-07-14,137,17:20 - 17:25,465,80,result
2026-07-14,138,17:25 - 17:30,020,99,result
2026-07-14,139,17:30 - 17:35,858,45,result
2026-07-14,140,17:35 - 17:40,843,88,result
2026-07-14,141,17:40 - 17:45,590,92,result
2026-07-14,142,17:45 - 17:50,966,98,result
2026-07-14,143,17:50 - 17:55,626,31,result
2026-07-14,144,17:55 - 18:00,866,30,result
2026-07-14,145,18:00 - 18:05,494,27,result
2026-07-14,146,18:05 - 18:10,917,05,result
2026-07-14,147,18:10 - 18:15,802,63,result
2026-07-14,148,18:15 - 18:20,175,69,result
2026-07-14,149,18:20 - 18:25,087,69,result
2026-07-14,150,18:25 - 18:30,184,28,result
2026-07-14,151,18:30 - 18:35,072,37,result
2026-07-14,152,18:35 - 18:40,153,39,result
2026-07-14,153,18:40 - 18:45,331,46,result
2026-07-14,154,18:45 - 18:50,136,69,result
2026-07-14,155,18:50 - 18:55,431,03,result
2026-07-14,156,18:55 - 19:00,027,42,result
2026-07-14,157,19:00 - 19:05,306,31,result
2026-07-14,158,19:05 - 19:10,533,61,result
2026-07-14,159,19:10 - 19:15,451,51,result
2026-07-14,160,19:15 - 19:20,800,47,result
2026-07-14,161,19:20 - 19:25,811,73,result
2026-07-14,162,19:25 - 19:30,624,27,result
2026-07-14,163,19:30 - 19:35,108,08,result
2026-07-14,164,19:35 - 19:40,956,99,result
2026-07-14,165,19:40 - 19:45,039,10,result
2026-07-14,166,19:45 - 19:50,501,21,result
2026-07-14,167,19:50 - 19:55,271,99,result
2026-07-14,168,19:55 - 20:00,279,01,result
2026-07-14,169,20:00 - 20:05,748,64,result
2026-07-14,170,20:05 - 20:10,671,33,result
2026-07-14,171,20:10 - 20:15,268,41,result
2026-07-14,172,20:15 - 20:20,329,62,result
2026-07-14,173,20:20 - 20:25,311,70,result
2026-07-14,174,20:25 - 20:30,511,60,result
2026-07-14,175,20:30 - 20:35,591,70,result
2026-07-14,176,20:35 - 20:40,373,25,result
2026-07-14,177,20:40 - 20:45,548,40,result
2026-07-14,178,20:45 - 20:50,906,78,result
2026-07-14,179,20:50 - 20:55,761,52,result
2026-07-14,180,20:55 - 21:00,416,23,result
2026-07-14,181,21:00 - 21:05,506,99,result
2026-07-14,182,21:05 - 21:10,623,05,result
2026-07-14,183,21:10 - 21:15,561,66,result
2026-07-14,184,21:15 - 21:20,975,77,result
2026-07-14,185,21:20 - 21:25,865,63,result
2026-07-14,186,21:25 - 21:30,657,80,result
2026-07-14,187,21:30 - 21:35,414,70,result
2026-07-14,188,21:35 - 21:40,894,79,result
2026-07-14,189,21:40 - 21:45,644,97,result
2026-07-14,190,21:45 - 21:50,982,83,result
2026-07-14,191,21:50 - 21:55,864,61,result
2026-07-14,192,21:55 - 22:00,112,98,result
2026-07-14,193,22:00 - 22:05,950,39,result
2026-07-14,194,22:05 - 22:10,369,71,result
2026-07-14,195,22:10 - 22:15,756,02,result
2026-07-14,196,22:15 - 22:20,144,11,result
2026-07-14,197,22:20 - 22:25,911,82,result
2026-07-14,198,22:25 - 22:30,400,02,result
2026-07-14,199,22:30 - 22:35,659,70,result
2026-07-14,200,22:35 - 22:40,861,75,result
2026-07-14,201,22:40 - 22:45,669,49,result
2026-07-14,202,22:45 - 22:50,475,36,result
2026-07-14,203,22:50 - 22:55,880,08,result
2026-07-14,204,22:55 - 23:00,077,98,result
2026-07-14,205,23:00 - 23:05,686,23,result
2026-07-14,206,23:05 - 23:10,109,98,result
2026-07-14,207,23:10 - 23:15,152,92,result
2026-07-14,208,23:15 - 23:20,771,14,result
2026-07-14,209,23:20 - 23:25,270,96,result
2026-07-14,210,23:25 - 23:30,589,25,result
2026-07-14,211,23:30 - 23:35,539,14,result
2026-07-14,212,23:35 - 23:40,696,35,result
2026-07-14,213,23:40 - 23:45,165,07,result
2026-07-14,214,23:45 - 23:50,805,74,result
2026-07-14,215,23:50 - 23:55,923,98,result
2026-07-14,216,23:55 - 00:00,201,10,result
2026-07-14,217,00:00 - 00:05,277,71,result
2026-07-14,218,00:05 - 00:10,255,37,result
2026-07-14,219,00:10 - 00:15,634,81,result
2026-07-14,220,00:15 - 00:20,720,45,result
2026-07-14,221,00:20 - 00:25,836,05,result
2026-07-14,222,00:25 - 00:30,291,48,result
2026-07-14,223,00:30 - 00:35,817,95,result
2026-07-14,224,00:35 - 00:40,159,35,result
2026-07-14,225,00:40 - 00:45,061,75,result
2026-07-14,226,00:45 - 00:50,191,68,result
2026-07-14,227,00:50 - 00:55,926,49,result
2026-07-14,228,00:55 - 01:00,402,41,result
2026-07-14,229,01:00 - 01:05,697,04,result
2026-07-14,230,01:05 - 01:10,916,44,result
2026-07-14,231,01:10 - 01:15,337,52,result
2026-07-14,232,01:15 - 01:20,712,46,result
2026-07-14,233,01:20 - 01:25,598,27,result
2026-07-14,234,01:25 - 01:30,603,20,result
2026-07-14,235,01:30 - 01:35,254,29,result
2026-07-14,236,01:35 - 01:40,277,63,result
2026-07-14,237,01:40 - 01:45,068,99,result
2026-07-14,238,01:45 - 01:50,721,71,result
2026-07-14,239,01:50 - 01:55,047,66,result
2026-07-14,240,01:55 - 02:00,811,11,result
2026-07-14,241,02:00 - 02:05,806,94,result
2026-07-14,242,02:05 - 02:10,891,55,result
2026-07-14,243,02:10 - 02:15,824,57,result
2026-07-14,244,02:15 - 02:20,672,08,result
2026-07-14,245,02:20 - 02:25,455,76,result
2026-07-14,246,02:25 - 02:30,533,68,result
2026-07-14,247,02:30 - 02:35,950,97,result
2026-07-14,248,02:35 - 02:40,078,45,result
2026-07-14,249,02:40 - 02:45,729,24,result
2026-07-14,250,02:45 - 02:50,124,60,result
2026-07-14,251,02:50 - 02:55,805,19,result
2026-07-14,252,02:55 - 03:00,481,61,result
2026-07-14,253,03:00 - 03:05,744,35,result
2026-07-14,254,03:05 - 03:10,475,01,result
2026-07-14,255,03:10 - 03:15,671,74,result
2026-07-14,256,03:15 - 03:20,994,90,result
2026-07-14,257,03:20 - 03:25,174,04,result
2026-07-14,258,03:25 - 03:30,245,71,result
2026-07-14,259,03:30 - 03:35,220,01,result
2026-07-14,260,03:35 - 03:40,356,78,result
2026-07-14,261,03:40 - 03:45,135,18,result
2026-07-14,262,03:45 - 03:50,069,47,result
2026-07-14,263,03:50 - 03:55,500,64,result
2026-07-14,264,03:55 - 04:00,907,51,result
2026-07-14,265,04:00 - 04:05,758,15,result
2026-07-14,266,04:05 - 04:10,847,55,result
2026-07-14,267,04:10 - 04:15,648,43,result
2026-07-14,268,04:15 - 04:20,005,84,result
2026-07-14,269,04:20 - 04:25,599,48,result
2026-07-14,270,04:25 - 04:30,820,66,result
2026-07-14,271,04:30 - 04:35,291,60,result
2026-07-14,272,04:35 - 04:40,699,97,result
2026-07-14,273,04:40 - 04:45,222,69,result
2026-07-14,274,04:45 - 04:50,864,55,result
2026-07-14,275,04:50 - 04:55,007,27,result
2026-07-14,276,04:55 - 05:00,585,06,result
2026-07-14,277,05:00 - 05:05,427,02,result
2026-07-14,278,05:05 - 05:10,755,96,result
2026-07-14,279,05:10 - 05:15,688,36,result
2026-07-14,280,05:15 - 05:20,226,24,result
2026-07-14,281,05:20 - 05:25,853,29,result
2026-07-14,282,05:25 - 05:30,758,92,result
2026-07-14,283,05:30 - 05:35,730,14,result
2026-07-14,284,05:35 - 05:40,814,83,result
2026-07-14,285,05:40 - 05:45,027,63,result
2026-07-14,286,05:45 - 05:50,438,98,result
2026-07-14,287,05:50 - 05:55,258,45,result
2026-07-14,288,05:55 - 06:00,709,35,result
2026-07-15,1,06:00 - 06:05,554,55,result
2026-07-15,2,06:05 - 06:10,685,94,result
2026-07-15,3,06:10 - 06:15,121,16,result
2026-07-15,4,06:15 - 06:20,481,55,result
2026-07-15,5,06:20 - 06:25,419,49,result
2026-07-15,6,06:25 - 06:30,741,96,result
2026-07-15,7,06:30 - 06:35,011,26,result
2026-07-15,8,06:35 - 06:40,969,83,result
2026-07-15,9,06:40 - 06:45,229,56,result
2026-07-15,10,06:45 - 06:50,278,16,result
2026-07-15,11,06:50 - 06:55,766,36,result
2026-07-15,12,06:55 - 07:00,260,89,result
2026-07-15,13,07:00 - 07:05,408,21,result
2026-07-15,14,07:05 - 07:10,812,73,result
2026-07-15,15,07:10 - 07:15,318,09,result
2026-07-15,16,07:15 - 07:20,678,73,result
2026-07-15,17,07:20 - 07:25,933,84,result
2026-07-15,18,07:25 - 07:30,493,48,result
2026-07-15,19,07:30 - 07:35,367,18,result
2026-07-15,20,07:35 - 07:40,341,30,result
2026-07-15,21,07:40 - 07:45,948,47,result
2026-07-15,22,07:45 - 07:50,450,90,result
2026-07-15,23,07:50 - 07:55,912,98,result
2026-07-15,24,07:55 - 08:00,612,20,result
2026-07-15,25,08:00 - 08:05,463,03,result
2026-07-15,26,08:05 - 08:10,009,03,result
2026-07-15,27,08:10 - 08:15,867,89,result
2026-07-15,28,08:15 - 08:20,641,35,result
2026-07-15,29,08:20 - 08:25,575,74,result
2026-07-15,30,08:25 - 08:30,328,04,result
2026-07-15,31,08:30 - 08:35,271,80,result
2026-07-15,32,08:35 - 08:40,349,75,result
2026-07-15,33,08:40 - 08:45,628,60,result
2026-07-15,34,08:45 - 08:50,706,70,result
2026-07-15,35,08:50 - 08:55,294,08,result
2026-07-15,36,08:55 - 09:00,035,04,result
2026-07-15,37,09:00 - 09:05,554,02,result
2026-07-15,38,09:05 - 09:10,004,40,result
2026-07-15,39,09:10 - 09:15,738,25,result
2026-07-15,40,09:15 - 09:20,419,25,result
2026-07-15,41,09:20 - 09:25,922,76,result
2026-07-15,42,09:25 - 09:30,322,76,result
2026-07-15,43,09:30 - 09:35,899,48,result
2026-07-15,44,09:35 - 09:40,216,39,result
2026-07-15,45,09:40 - 09:45,363,25,result
2026-07-15,46,09:45 - 09:50,610,53,result
2026-07-15,47,09:50 - 09:55,258,78,result
2026-07-15,48,09:55 - 10:00,468,88,result
2026-07-15,49,10:00 - 10:05,519,32,result
2026-07-15,50,10:05 - 10:10,023,13,result
2026-07-15,51,10:10 - 10:15,624,98,result
2026-07-15,52,10:15 - 10:20,943,50,result
2026-07-15,53,10:20 - 10:25,586,31,result
2026-07-15,54,10:25 - 10:30,450,45,result
2026-07-15,55,10:30 - 10:35,571,29,result
2026-07-15,56,10:35 - 10:40,798,14,result
2026-07-15,57,10:40 - 10:45,024,19,result
2026-07-15,58,10:45 - 10:50,929,61,result
2026-07-15,59,10:50 - 10:55,751,10,result
2026-07-15,60,10:55 - 11:00,947,42,result
2026-07-15,61,11:00 - 11:05,087,12,result
2026-07-15,62,11:05 - 11:10,955,49,result
2026-07-15,63,11:10 - 11:15,809,94,result
2026-07-15,64,11:15 - 11:20,598,99,result
2026-07-15,65,11:20 - 11:25,880,03,result
2026-07-15,66,11:25 - 11:30,905,55,result
2026-07-15,67,11:30 - 11:35,339,84,result
2026-07-15,68,11:35 - 11:40,508,45,result
2026-07-15,69,11:40 - 11:45,438,05,result
2026-07-15,70,11:45 - 11:50,846,91,result
2026-07-15,71,11:50 - 11:55,883,88,result
2026-07-15,72,11:55 - 12:00,250,09,result
2026-07-15,73,12:00 - 12:05,071,76,result
2026-07-15,74,12:05 - 12:10,186,48,result
2026-07-15,75,12:10 - 12:15,646,70,result
2026-07-15,76,12:15 - 12:20,582,57,result
2026-07-15,77,12:20 - 12:25,322,16,result
2026-07-15,78,12:25 - 12:30,184,10,result
2026-07-15,79,12:30 - 12:35,932,24,result
2026-07-15,80,12:35 - 12:40,340,00,result
2026-07-15,81,12:40 - 12:45,030,24,result
2026-07-15,82,12:45 - 12:50,647,65,result
2026-07-15,83,12:50 - 12:55,430,06,result
2026-07-15,84,12:55 - 13:00,786,99,result
2026-07-15,85,13:00 - 13:05,450,15,result
2026-07-15,86,13:05 - 13:10,055,33,result
2026-07-15,87,13:10 - 13:15,192,79,result
2026-07-15,88,13:15 - 13:20,044,52,result
2026-07-15,89,13:20 - 13:25,337,07,result
2026-07-15,90,13:25 - 13:30,686,44,result
2026-07-15,91,13:30 - 13:35,373,16,result
2026-07-15,92,13:35 - 13:40,217,21,result
2026-07-15,93,13:40 - 13:45,259,76,result
2026-07-15,94,13:45 - 13:50,621,25,result
2026-07-15,95,13:50 - 13:55,496,27,result
2026-07-15,96,13:55 - 14:00,361,71,result
2026-07-15,97,14:00 - 14:05,324,34,result
2026-07-15,98,14:05 - 14:10,076,72,result
2026-07-15,99,14:10 - 14:15,352,68,result
2026-07-15,100,14:15 - 14:20,510,36,result
2026-07-15,101,14:20 - 14:25,441,56,result
2026-07-15,102,14:25 - 14:30,817,41,result
2026-07-15,103,14:30 - 14:35,072,28,result
2026-07-15,104,14:35 - 14:40,214,10,result
2026-07-15,105,14:40 - 14:45,463,07,result
2026-07-15,106,14:45 - 14:50,449,87,result
2026-07-15,107,14:50 - 14:55,842,55,result
2026-07-15,108,14:55 - 15:00,067,48,result
2026-07-15,109,15:00 - 15:05,072,45,result
2026-07-15,110,15:05 - 15:10,421,12,result
2026-07-15,111,15:10 - 15:15,010,11,result
2026-07-15,112,15:15 - 15:20,841,50,result
2026-07-15,113,15:20 - 15:25,041,62,result
2026-07-15,114,15:25 - 15:30,501,50,result
2026-07-15,115,15:30 - 15:35,399,19,result
2026-07-15,116,15:35 - 15:40,556,94,result
2026-07-15,117,15:40 - 15:45,251,95,result
2026-07-15,118,15:45 - 15:50,270,26,result
2026-07-15,119,15:50 - 15:55,454,77,result
2026-07-15,120,15:55 - 16:00,698,66,result
2026-07-15,121,16:00 - 16:05,917,95,result
2026-07-15,122,16:05 - 16:10,281,21,result
2026-07-15,123,16:10 - 16:15,941,96,result
2026-07-15,124,16:15 - 16:20,964,46,result
2026-07-15,125,16:20 - 16:25,668,86,result
2026-07-15,126,16:25 - 16:30,178,46,result
2026-07-15,127,16:30 - 16:35,855,12,result
2026-07-15,128,16:35 - 16:40,457,06,result
2026-07-15,129,16:40 - 16:45,927,60,result
2026-07-15,130,16:45 - 16:50,962,38,result
2026-07-15,131,16:50 - 16:55,004,59,result
2026-07-15,132,16:55 - 17:00,093,57,result
2026-07-15,133,17:00 - 17:05,514,52,result
2026-07-15,134,17:05 - 17:10,069,95,result
2026-07-15,135,17:10 - 17:15,814,68,result
2026-07-15,136,17:15 - 17:20,458,59,result
2026-07-15,137,17:20 - 17:25,362,85,result
2026-07-15,138,17:25 - 17:30,216,90,result
2026-07-15,139,17:30 - 17:35,261,84,result
2026-07-15,140,17:35 - 17:40,743,77,result
2026-07-15,141,17:40 - 17:45,692,59,result
2026-07-15,142,17:45 - 17:50,732,90,result
2026-07-15,143,17:50 - 17:55,394,63,result
2026-07-15,144,17:55 - 18:00,977,96,result
2026-07-15,145,18:00 - 18:05,990,23,result
2026-07-15,146,18:05 - 18:10,026,33,result
2026-07-15,147,18:10 - 18:15,024,54,result
2026-07-15,148,18:15 - 18:20,844,19,result
2026-07-15,149,18:20 - 18:25,395,50,result
2026-07-15,150,18:25 - 18:30,504,02,result
2026-07-15,151,18:30 - 18:35,913,30,result
2026-07-15,152,18:35 - 18:40,773,17,result
2026-07-15,153,18:40 - 18:45,014,51,result
2026-07-15,154,18:45 - 18:50,140,97,result
2026-07-15,155,18:50 - 18:55,996,82,result
2026-07-15,156,18:55 - 19:00,764,13,result
2026-07-15,157,19:00 - 19:05,296,30,result
2026-07-15,158,19:05 - 19:10,321,05,result
2026-07-15,159,19:10 - 19:15,250,52,result
2026-07-15,160,19:15 - 19:20,035,30,result
2026-07-15,161,19:20 - 19:25,735,43,result
2026-07-15,162,19:25 - 19:30,714,62,result
2026-07-15,163,19:30 - 19:35,582,31,result
2026-07-15,164,19:35 - 19:40,263,78,result
2026-07-15,165,19:40 - 19:45,910,74,result
2026-07-15,166,19:45 - 19:50,320,92,result
2026-07-15,167,19:50 - 19:55,536,75,result
2026-07-15,168,19:55 - 20:00,164,94,result
2026-07-15,169,20:00 - 20:05,608,62,result
2026-07-15,170,20:05 - 20:10,896,40,result
2026-07-15,171,20:10 - 20:15,141,52,result
2026-07-15,172,20:15 - 20:20,043,35,result
2026-07-15,173,20:20 - 20:25,125,49,result
2026-07-15,174,20:25 - 20:30,888,00,result
2026-07-15,175,20:30 - 20:35,883,82,result
2026-07-15,176,20:35 - 20:40,834,74,result
2026-07-15,177,20:40 - 20:45,139,22,result
2026-07-15,178,20:45 - 20:50,422,72,result
2026-07-15,179,20:50 - 20:55,664,78,result
2026-07-15,180,20:55 - 21:00,123,27,result
2026-07-15,181,21:00 - 21:05,956,83,result
2026-07-15,182,21:05 - 21:10,018,81,result
2026-07-15,183,21:10 - 21:15,899,16,result
2026-07-15,184,21:15 - 21:20,687,83,result
2026-07-15,185,21:20 - 21:25,827,56,result
2026-07-15,186,21:25 - 21:30,963,40,result
2026-07-15,187,21:30 - 21:35,925,44,result
2026-07-15,188,21:35 - 21:40,778,25,result
2026-07-15,189,21:40 - 21:45,232,15,result
2026-07-15,190,21:45 - 21:50,525,84,result
2026-07-15,191,21:50 - 21:55,321,72,result
2026-07-15,192,21:55 - 22:00,767,81,result
2026-07-15,193,22:00 - 22:05,426,01,result
2026-07-15,194,22:05 - 22:10,988,62,result
2026-07-15,195,22:10 - 22:15,368,23,result
2026-07-15,196,22:15 - 22:20,493,92,result
2026-07-15,197,22:20 - 22:25,632,57,result
2026-07-15,198,22:25 - 22:30,262,05,result
2026-07-15,199,22:30 - 22:35,021,64,result
2026-07-15,200,22:35 - 22:40,969,76,result
2026-07-15,201,22:40 - 22:45,042,68,result
2026-07-15,202,22:45 - 22:50,300,23,result
2026-07-15,203,22:50 - 22:55,002,61,result
2026-07-15,204,22:55 - 23:00,181,73,result
2026-07-15,205,23:00 - 23:05,692,27,result
2026-07-15,207,23:10 - 23:15,798,39,result
2026-07-15,208,23:15 - 23:20,373,01,result
2026-07-15,209,23:20 - 23:25,253,73,result
2026-07-15,210,23:25 - 23:30,469,41,result
2026-07-15,211,23:30 - 23:35,172,97,result
2026-07-15,212,23:35 - 23:40,087,13,result
2026-07-15,213,23:40 - 23:45,623,86,result
2026-07-15,214,23:45 - 23:50,008,69,result
2026-07-15,215,23:50 - 23:55,436,96,result
2026-07-15,216,23:55 - 00:00,630,80,result
2026-07-15,217,00:00 - 00:05,245,49,result
2026-07-15,218,00:05 - 00:10,943,36,result
2026-07-15,219,00:10 - 00:15,474,62,result
2026-07-15,220,00:15 - 00:20,849,09,result
2026-07-15,221,00:20 - 00:25,378,61,result
2026-07-15,222,00:25 - 00:30,867,00,result
2026-07-15,223,00:30 - 00:35,567,74,result
2026-07-15,224,00:35 - 00:40,118,81,result
2026-07-15,225,00:40 - 00:45,508,03,result
2026-07-15,226,00:45 - 00:50,165,86,result
2026-07-15,227,00:50 - 00:55,661,07,result
2026-07-15,228,00:55 - 01:00,976,79,result
2026-07-15,229,01:00 - 01:05,029,96,result
2026-07-15,230,01:05 - 01:10,211,35,result
2026-07-15,231,01:10 - 01:15,348,27,result
2026-07-15,232,01:15 - 01:20,498,23,result
2026-07-15,233,01:20 - 01:25,235,67,result
2026-07-15,234,01:25 - 01:30,731,24,result
2026-07-15,235,01:30 - 01:35,028,52,result
2026-07-15,236,01:35 - 01:40,319,98,result
2026-07-15,237,01:40 - 01:45,916,12,result
2026-07-15,238,01:45 - 01:50,218,60,result
2026-07-15,239,01:50 - 01:55,610,88,result
2026-07-15,240,01:55 - 02:00,801,15,result
2026-07-15,241,02:00 - 02:05,610,46,result
2026-07-15,242,02:05 - 02:10,635,00,result
2026-07-15,243,02:10 - 02:15,650,56,result
2026-07-15,244,02:15 - 02:20,251,56,result
2026-07-15,245,02:20 - 02:25,021,46,result
2026-07-15,246,02:25 - 02:30,964,40,result
2026-07-15,247,02:30 - 02:35,188,05,result
2026-07-15,248,02:35 - 02:40,379,44,result
2026-07-15,249,02:40 - 02:45,385,45,result
2026-07-15,250,02:45 - 02:50,910,00,result
2026-07-15,251,02:50 - 02:55,233,97,result
2026-07-15,252,02:55 - 03:00,643,91,result
2026-07-15,253,03:00 - 03:05,087,94,result
2026-07-15,254,03:05 - 03:10,540,24,result
2026-07-15,255,03:10 - 03:15,956,03,result
2026-07-15,256,03:15 - 03:20,041,61,result
2026-07-15,257,03:20 - 03:25,971,96,result
2026-07-15,258,03:25 - 03:30,552,23,result
2026-07-15,259,03:30 - 03:35,632,77,result
2026-07-15,260,03:35 - 03:40,993,51,result
2026-07-15,261,03:40 - 03:45,578,94,result
2026-07-15,262,03:45 - 03:50,842,22,result
2026-07-15,263,03:50 - 03:55,598,96,result
2026-07-15,264,03:55 - 04:00,899,78,result
2026-07-15,265,04:00 - 04:05,907,18,result
2026-07-15,266,04:05 - 04:10,340,85,result
2026-07-15,267,04:10 - 04:15,426,59,result
2026-07-15,268,04:15 - 04:20,371,70,result
2026-07-15,269,04:20 - 04:25,577,49,result
2026-07-15,270,04:25 - 04:30,563,48,result
2026-07-15,271,04:30 - 04:35,983,94,result
2026-07-15,272,04:35 - 04:40,637,39,result
2026-07-15,273,04:40 - 04:45,550,07,result
2026-07-15,274,04:45 - 04:50,673,95,result
2026-07-15,275,04:50 - 04:55,579,65,result
2026-07-15,276,04:55 - 05:00,890,89,result
2026-07-15,277,05:00 - 05:05,106,39,result
2026-07-15,278,05:05 - 05:10,592,35,result
2026-07-15,279,05:10 - 05:15,588,34,result
2026-07-15,280,05:15 - 05:20,912,18,result
2026-07-15,281,05:20 - 05:25,529,43,result
2026-07-15,282,05:25 - 05:30,836,78,result
2026-07-15,283,05:30 - 05:35,515,52,result
2026-07-15,284,05:35 - 05:40,253,29,result
2026-07-15,285,05:40 - 05:45,788,35,result
2026-07-15,286,05:45 - 05:50,228,26,result
2026-07-15,287,05:50 - 05:55,824,90,result
2026-07-15,288,05:55 - 06:00,163,12,result
2026-07-16,1,06:00 - 06:05,696,68,result
2026-07-16,2,06:05 - 06:10,681,08,result
2026-07-16,3,06:10 - 06:15,211,14,result
2026-07-16,4,06:15 - 06:20,759,61,result
2026-07-16,5,06:20 - 06:25,808,59,result
2026-07-16,6,06:25 - 06:30,856,42,result
2026-07-16,7,06:30 - 06:35,610,42,result
2026-07-16,8,06:35 - 06:40,361,45,result
2026-07-16,9,06:40 - 06:45,333,44,result
2026-07-16,10,06:45 - 06:50,354,24,result
2026-07-16,11,06:50 - 06:55,292,42,result
2026-07-16,12,06:55 - 07:00,023,48,result
2026-07-16,13,07:00 - 07:05,111,46,result
2026-07-16,14,07:05 - 07:10,567,76,result
2026-07-16,15,07:10 - 07:15,410,28,result
2026-07-16,16,07:15 - 07:20,299,56,result
2026-07-16,17,07:20 - 07:25,833,89,result
2026-07-16,18,07:25 - 07:30,514,93,result
2026-07-16,19,07:30 - 07:35,543,52,result
2026-07-16,20,07:35 - 07:40,657,12,result
2026-07-16,21,07:40 - 07:45,108,70,result
2026-07-16,22,07:45 - 07:50,169,13,result
2026-07-16,23,07:50 - 07:55,924,99,result
2026-07-16,24,07:55 - 08:00,800,62,result
2026-07-16,25,08:00 - 08:05,438,08,result
2026-07-16,26,08:05 - 08:10,354,54,result
2026-07-16,27,08:10 - 08:15,884,63,result
2026-07-16,28,08:15 - 08:20,959,81,result
2026-07-16,29,08:20 - 08:25,633,45,result
2026-07-16,30,08:25 - 08:30,799,98,result
2026-07-16,31,08:30 - 08:35,960,21,result
2026-07-16,32,08:35 - 08:40,465,39,result
2026-07-16,33,08:40 - 08:45,795,38,result
2026-07-16,34,08:45 - 08:50,891,73,result
2026-07-16,35,08:50 - 08:55,050,79,result
2026-07-16,36,08:55 - 09:00,683,89,result
2026-07-16,37,09:00 - 09:05,095,83,result
2026-07-16,38,09:05 - 09:10,238,41,result
2026-07-16,39,09:10 - 09:15,693,96,result
2026-07-16,40,09:15 - 09:20,332,23,result
2026-07-16,41,09:20 - 09:25,534,22,result
2026-07-16,42,09:25 - 09:30,631,42,result
2026-07-16,43,09:30 - 09:35,536,58,result
2026-07-16,44,09:35 - 09:40,172,59,result
2026-07-16,45,09:40 - 09:45,457,14,result
2026-07-16,46,09:45 - 09:50,599,47,result
2026-07-16,47,09:50 - 09:55,077,18,result
2026-07-16,48,09:55 - 10:00,250,46,result
2026-07-16,49,10:00 - 10:05,589,45,result
2026-07-16,50,10:05 - 10:10,076,20,result
2026-07-16,51,10:10 - 10:15,714,75,result
2026-07-16,52,10:15 - 10:20,500,25,result
2026-07-16,53,10:20 - 10:25,277,23,result
2026-07-16,54,10:25 - 10:30,093,89,result
2026-07-16,55,10:30 - 10:35,477,72,result
2026-07-16,56,10:35 - 10:40,674,36,result
2026-07-16,57,10:40 - 10:45,967,45,result
2026-07-16,58,10:45 - 10:50,388,58,result
2026-07-16,59,10:50 - 10:55,970,35,result
2026-07-16,60,10:55 - 11:00,175,35,result
2026-07-16,61,11:00 - 11:05,257,36,result
2026-07-16,62,11:05 - 11:10,373,68,result
2026-07-16,63,11:10 - 11:15,815,61,result
2026-07-16,64,11:15 - 11:20,359,27,result
2026-07-16,65,11:20 - 11:25,864,97,result
2026-07-16,66,11:25 - 11:30,500,44,result
2026-07-16,67,11:30 - 11:35,369,86,result
2026-07-16,68,11:35 - 11:40,509,41,result
2026-07-16,69,11:40 - 11:45,934,68,result
2026-07-16,70,11:45 - 11:50,070,98,result
2026-07-16,71,11:50 - 11:55,976,10,result
2026-07-16,72,11:55 - 12:00,615,32,result
2026-07-16,73,12:00 - 12:05,541,80,result
2026-07-16,74,12:05 - 12:10,172,90,result
2026-07-16,75,12:10 - 12:15,778,73,result
2026-07-16,76,12:15 - 12:20,083,27,result
2026-07-16,77,12:20 - 12:25,672,82,result
2026-07-16,78,12:25 - 12:30,814,47,result
2026-07-16,79,12:30 - 12:35,213,49,result
2026-07-16,80,12:35 - 12:40,916,56,result
2026-07-16,81,12:40 - 12:45,540,09,result
2026-07-16,82,12:45 - 12:50,228,57,result
2026-07-16,83,12:50 - 12:55,127,61,result
2026-07-16,84,12:55 - 13:00,262,96,result
2026-07-16,85,13:00 - 13:05,844,32,result
2026-07-16,86,13:05 - 13:10,629,03,result
2026-07-16,87,13:10 - 13:15,282,82,result
2026-07-16,88,13:15 - 13:20,409,51,result
2026-07-16,89,13:20 - 13:25,252,14,result
2026-07-16,90,13:25 - 13:30,242,16,result
2026-07-16,91,13:30 - 13:35,938,89,result
2026-07-16,92,13:35 - 13:40,489,51,result
2026-07-16,93,13:40 - 13:45,863,69,result
2026-07-16,94,13:45 - 13:50,205,58,result
2026-07-16,95,13:50 - 13:55,458,01,result
2026-07-16,96,13:55 - 14:00,767,21,result
2026-07-16,97,14:00 - 14:05,838,80,result
2026-07-16,98,14:05 - 14:10,170,25,result
2026-07-16,99,14:10 - 14:15,661,39,result
2026-07-16,100,14:15 - 14:20,849,14,result
2026-07-16,101,14:20 - 14:25,344,57,result
2026-07-16,102,14:25 - 14:30,917,24,result
2026-07-16,103,14:30 - 14:35,640,30,result
2026-07-16,104,14:35 - 14:40,340,84,result
2026-07-16,105,14:40 - 14:45,497,32,result
2026-07-16,106,14:45 - 14:50,406,63,result
2026-07-16,107,14:50 - 14:55,875,20,result
2026-07-16,108,14:55 - 15:00,015,84,result
2026-07-16,109,15:00 - 15:05,231,99,result
2026-07-16,110,15:05 - 15:10,369,69,result
2026-07-16,111,15:10 - 15:15,669,12,result
2026-07-16,112,15:15 - 15:20,810,82,result
2026-07-16,113,15:20 - 15:25,726,96,result
2026-07-16,114,15:25 - 15:30,012,31,result
2026-07-16,115,15:30 - 15:35,350,74,result
2026-07-16,116,15:35 - 15:40,885,22,result
2026-07-16,117,15:40 - 15:45,556,68,result
2026-07-16,118,15:45 - 15:50,387,79,result
2026-07-16,119,15:50 - 15:55,552,57,result
2026-07-16,120,15:55 - 16:00,476,36,result
2026-07-16,121,16:00 - 16:05,616,05,result
2026-07-16,122,16:05 - 16:10,629,69,result
2026-07-16,123,16:10 - 16:15,920,20,result
2026-07-16,124,16:15 - 16:20,067,61,result
2026-07-16,125,16:20 - 16:25,444,92,result
2026-07-16,126,16:25 - 16:30,057,98,result
2026-07-16,127,16:30 - 16:35,611,98,result
2026-07-16,128,16:35 - 16:40,547,57,result
2026-07-16,129,16:40 - 16:45,657,98,result
2026-07-16,130,16:45 - 16:50,910,21,result
2026-07-16,131,16:50 - 16:55,606,75,result
2026-07-16,132,16:55 - 17:00,300,03,result
2026-07-16,133,17:00 - 17:05,874,83,result
2026-07-16,134,17:05 - 17:10,491,09,result
2026-07-16,135,17:10 - 17:15,702,82,result
2026-07-16,136,17:15 - 17:20,080,53,result
2026-07-16,137,17:20 - 17:25,901,62,result
2026-07-16,138,17:25 - 17:30,682,99,result
2026-07-16,139,17:30 - 17:35,224,47,result
2026-07-16,140,17:35 - 17:40,453,01,result
2026-07-16,141,17:40 - 17:45,578,01,result
2026-07-16,142,17:45 - 17:50,816,94,result
2026-07-16,143,17:50 - 17:55,938,25,result
2026-07-16,144,17:55 - 18:00,795,68,result
2026-07-16,145,18:00 - 18:05,404,06,result
2026-07-16,146,18:05 - 18:10,037,13,result
2026-07-16,147,18:10 - 18:15,155,63,result
2026-07-16,148,18:15 - 18:20,631,69,result
2026-07-16,149,18:20 - 18:25,862,43,result
2026-07-16,150,18:25 - 18:30,453,28,result
2026-07-16,151,18:30 - 18:35,511,17,result
2026-07-16,152,18:35 - 18:40,900,37,result
2026-07-16,153,18:40 - 18:45,445,51,result
2026-07-16,154,18:45 - 18:50,302,15,result
2026-07-16,155,18:50 - 18:55,072,54,result
2026-07-16,156,18:55 - 19:00,019,30,result
2026-07-16,157,19:00 - 19:05,189,78,result
2026-07-16,158,19:05 - 19:10,625,79,result
2026-07-16,159,19:10 - 19:15,651,13,result
2026-07-16,160,19:15 - 19:20,923,87,result
2026-07-16,161,19:20 - 19:25,805,18,result
2026-07-16,162,19:25 - 19:30,096,06,result
2026-07-16,163,19:30 - 19:35,092,38,result
2026-07-16,164,19:35 - 19:40,196,60,result
2026-07-16,165,19:40 - 19:45,809,87,result
2026-07-16,166,19:45 - 19:50,424,76,result
2026-07-16,167,19:50 - 19:55,601,87,result
2026-07-16,168,19:55 - 20:00,055,62,result
2026-07-16,169,20:00 - 20:05,808,33,result
2026-07-16,170,20:05 - 20:10,678,70,result
2026-07-16,171,20:10 - 20:15,398,18,result
2026-07-16,172,20:15 - 20:20,394,61,result
2026-07-16,173,20:20 - 20:25,011,68,result
2026-07-16,174,20:25 - 20:30,782,18,result
2026-07-16,175,20:30 - 20:35,429,90,result
2026-07-16,176,20:35 - 20:40,092,39,result
2026-07-16,177,20:40 - 20:45,859,75,result
2026-07-16,178,20:45 - 20:50,875,63,result
2026-07-16,179,20:50 - 20:55,899,26,result
2026-07-16,180,20:55 - 21:00,104,97,result
2026-07-16,181,21:00 - 21:05,307,08,result
2026-07-16,182,21:05 - 21:10,247,82,result
2026-07-16,183,21:10 - 21:15,132,49,result
2026-07-16,184,21:15 - 21:20,065,20,result
2026-07-16,185,21:20 - 21:25,483,12,result
2026-07-16,186,21:25 - 21:30,819,00,result
2026-07-16,187,21:30 - 21:35,759,42,result
2026-07-16,188,21:35 - 21:40,370,93,result
2026-07-16,189,21:40 - 21:45,227,18,result
2026-07-16,190,21:45 - 21:50,530,89,result
2026-07-16,191,21:50 - 21:55,972,16,result
2026-07-16,192,21:55 - 22:00,526,26,result
2026-07-16,193,22:00 - 22:05,353,08,result
2026-07-16,194,22:05 - 22:10,746,34,result
2026-07-16,195,22:10 - 22:15,946,36,result
2026-07-16,196,22:15 - 22:20,516,30,result
2026-07-16,197,22:20 - 22:25,051,01,result
2026-07-16,198,22:25 - 22:30,472,98,result
2026-07-16,199,22:30 - 22:35,070,91,result
2026-07-16,200,22:35 - 22:40,676,81,result
2026-07-16,201,22:40 - 22:45,733,57,result
2026-07-16,202,22:45 - 22:50,125,12,result
2026-07-16,203,22:50 - 22:55,935,88,result
2026-07-16,204,22:55 - 23:00,267,04,result
2026-07-16,205,23:00 - 23:05,975,17,result
2026-07-16,206,23:05 - 23:10,212,94,result
2026-07-16,207,23:10 - 23:15,957,83,result
2026-07-16,208,23:15 - 23:20,395,46,result
2026-07-16,209,23:20 - 23:25,401,51,result
2026-07-16,210,23:25 - 23:30,147,53,result
2026-07-16,211,23:30 - 23:35,143,07,result
2026-07-16,212,23:35 - 23:40,298,02,result
2026-07-16,213,23:40 - 23:45,629,97,result
2026-07-16,214,23:45 - 23:50,905,48,result
2026-07-16,215,23:50 - 23:55,974,24,result
2026-07-16,216,23:55 - 00:00,713,01,result
2026-07-16,217,00:00 - 00:05,074,38,result
2026-07-16,218,00:05 - 00:10,746,76,result
2026-07-16,219,00:10 - 00:15,705,01,result
2026-07-16,220,00:15 - 00:20,715,52,result
2026-07-16,221,00:20 - 00:25,580,08,result
2026-07-16,222,00:25 - 00:30,405,95,result
2026-07-16,223,00:30 - 00:35,947,47,result
2026-07-16,224,00:35 - 00:40,753,45,result
2026-07-16,225,00:40 - 00:45,395,14,result
2026-07-16,226,00:45 - 00:50,996,48,result
2026-07-16,227,00:50 - 00:55,514,90,result
2026-07-16,228,00:55 - 01:00,798,53,result
2026-07-16,229,01:00 - 01:05,140,61,result
2026-07-16,230,01:05 - 01:10,218,72,result
2026-07-16,231,01:10 - 01:15,185,00,result
2026-07-16,232,01:15 - 01:20,773,06,result
2026-07-16,233,01:20 - 01:25,066,55,result
2026-07-16,234,01:25 - 01:30,461,97,result
2026-07-16,235,01:30 - 01:35,637,57,result
2026-07-16,236,01:35 - 01:40,260,57,result
2026-07-16,237,01:40 - 01:45,927,76,result
2026-07-16,238,01:45 - 01:50,718,36,result
2026-07-16,239,01:50 - 01:55,049,09,result
2026-07-16,240,01:55 - 02:00,780,24,result
2026-07-16,241,02:00 - 02:05,140,37,result
2026-07-16,242,02:05 - 02:10,820,63,result
2026-07-16,243,02:10 - 02:15,302,72,result
2026-07-16,244,02:15 - 02:20,846,81,result
2026-07-16,245,02:20 - 02:25,966,63,result
2026-07-16,246,02:25 - 02:30,276,18,result
2026-07-16,247,02:30 - 02:35,331,81,result
2026-07-16,248,02:35 - 02:40,603,76,result
2026-07-16,249,02:40 - 02:45,972,28,result
2026-07-16,250,02:45 - 02:50,894,42,result
2026-07-16,251,02:50 - 02:55,295,86,result
2026-07-16,252,02:55 - 03:00,425,32,result
2026-07-16,253,03:00 - 03:05,852,15,result
2026-07-16,254,03:05 - 03:10,155,73,result
2026-07-16,255,03:10 - 03:15,879,36,result
2026-07-16,256,03:15 - 03:20,645,53,result
2026-07-16,257,03:20 - 03:25,932,53,result
2026-07-16,258,03:25 - 03:30,492,63,result
2026-07-16,259,03:30 - 03:35,354,44,result
2026-07-16,260,03:35 - 03:40,924,04,result
2026-07-16,261,03:40 - 03:45,837,09,result
2026-07-16,262,03:45 - 03:50,898,35,result
2026-07-16,263,03:50 - 03:55,552,45,result
2026-07-16,264,03:55 - 04:00,290,96,result
2026-07-16,265,04:00 - 04:05,883,09,result
2026-07-16,266,04:05 - 04:10,845,18,result
2026-07-16,267,04:10 - 04:15,564,44,result
2026-07-16,268,04:15 - 04:20,960,39,result
2026-07-16,269,04:20 - 04:25,317,04,result
2026-07-16,270,04:25 - 04:30,275,64,result
2026-07-16,271,04:30 - 04:35,965,32,result
2026-07-16,272,04:35 - 04:40,044,51,result
2026-07-16,273,04:40 - 04:45,534,74,result
2026-07-16,274,04:45 - 04:50,219,38,result
2026-07-16,275,04:50 - 04:55,067,82,result
2026-07-16,276,04:55 - 05:00,881,52,result
2026-07-16,277,05:00 - 05:05,204,66,result
2026-07-16,278,05:05 - 05:10,397,21,result
2026-07-16,280,05:15 - 05:20,956,55,result
2026-07-16,281,05:20 - 05:25,203,65,result
2026-07-16,282,05:25 - 05:30,059,27,result
2026-07-16,283,05:30 - 05:35,771,30,result
2026-07-16,284,05:35 - 05:40,271,44,result
2026-07-16,285,05:40 - 05:45,264,65,result
2026-07-16,286,05:45 - 05:50,907,14,result
2026-07-16,287,05:50 - 05:55,310,69,result
2026-07-16,288,05:55 - 06:00,065,87,result
2026-07-17,1,06:00 - 06:05,282,83,result
2026-07-17,2,06:05 - 06:10,980,44,result
2026-07-17,3,06:10 - 06:15,164,23,result
2026-07-17,4,06:15 - 06:20,405,32,result
2026-07-17,5,06:20 - 06:25,840,98,result
2026-07-17,6,06:25 - 06:30,033,38,result
2026-07-17,7,06:30 - 06:35,995,16,result
2026-07-17,8,06:35 - 06:40,316,19,result
2026-07-17,9,06:40 - 06:45,231,38,result
2026-07-17,10,06:45 - 06:50,160,96,result
2026-07-17,11,06:50 - 06:55,125,70,result
2026-07-17,12,06:55 - 07:00,989,65,result
2026-07-17,13,07:00 - 07:05,252,30,result
2026-07-17,14,07:05 - 07:10,118,65,result
2026-07-17,15,07:10 - 07:15,618,29,result
2026-07-17,16,07:15 - 07:20,006,01,result
2026-07-17,17,07:20 - 07:25,953,33,result
2026-07-17,18,07:25 - 07:30,422,97,result
2026-07-17,19,07:30 - 07:35,032,79,result
2026-07-17,20,07:35 - 07:40,056,45,result
2026-07-17,21,07:40 - 07:45,709,54,result
2026-07-17,22,07:45 - 07:50,646,36,result
2026-07-17,23,07:50 - 07:55,410,82,result
2026-07-17,24,07:55 - 08:00,027,94,result
2026-07-17,25,08:00 - 08:05,752,00,result
2026-07-17,26,08:05 - 08:10,529,18,result
2026-07-17,27,08:10 - 08:15,397,08,result
2026-07-17,28,08:15 - 08:20,731,29,result
2026-07-17,29,08:20 - 08:25,684,44,result
2026-07-17,30,08:25 - 08:30,523,35,result
2026-07-17,31,08:30 - 08:35,742,96,result
2026-07-17,32,08:35 - 08:40,615,87,result
2026-07-17,33,08:40 - 08:45,233,31,result
2026-07-17,34,08:45 - 08:50,233,95,result
2026-07-17,35,08:50 - 08:55,486,00,result
2026-07-17,36,08:55 - 09:00,713,33,result
2026-07-17,37,09:00 - 09:05,623,05,result
2026-07-17,38,09:05 - 09:10,350,46,result
2026-07-17,39,09:10 - 09:15,389,80,result
2026-07-17,40,09:15 - 09:20,284,10,result
2026-07-17,41,09:20 - 09:25,431,33,result
2026-07-17,42,09:25 - 09:30,246,32,result
2026-07-17,43,09:30 - 09:35,050,92,result
2026-07-17,44,09:35 - 09:40,786,76,result
2026-07-17,45,09:40 - 09:45,485,24,result
2026-07-17,46,09:45 - 09:50,832,45,result
2026-07-17,47,09:50 - 09:55,314,66,result
2026-07-17,48,09:55 - 10:00,134,65,result
2026-07-17,49,10:00 - 10:05,877,78,result
2026-07-17,50,10:05 - 10:10,144,68,result
2026-07-17,51,10:10 - 10:15,966,07,result
2026-07-17,52,10:15 - 10:20,251,89,result
2026-07-17,53,10:20 - 10:25,465,16,result
2026-07-17,54,10:25 - 10:30,678,53,result
2026-07-17,55,10:30 - 10:35,188,54,result
2026-07-17,56,10:35 - 10:40,798,33,result
2026-07-17,57,10:40 - 10:45,838,24,result
2026-07-17,58,10:45 - 10:50,544,14,result
2026-07-17,59,10:50 - 10:55,328,22,result
2026-07-17,60,10:55 - 11:00,002,77,result
2026-07-17,61,11:00 - 11:05,802,06,result
2026-07-17,62,11:05 - 11:10,123,07,result
2026-07-17,63,11:10 - 11:15,683,36,result
2026-07-17,64,11:15 - 11:20,459,95,result
2026-07-17,65,11:20 - 11:25,587,45,result
2026-07-17,66,11:25 - 11:30,422,43,result
2026-07-17,67,11:30 - 11:35,036,51,result
2026-07-17,68,11:35 - 11:40,589,99,result
2026-07-17,69,11:40 - 11:45,725,79,result
2026-07-17,70,11:45 - 11:50,792,28,result
2026-07-17,71,11:50 - 11:55,390,28,result
2026-07-17,72,11:55 - 12:00,640,90,result
2026-07-17,73,12:00 - 12:05,542,84,result
2026-07-17,74,12:05 - 12:10,352,46,result
2026-07-17,75,12:10 - 12:15,796,39,result
2026-07-17,76,12:15 - 12:20,314,54,result
2026-07-17,77,12:20 - 12:25,691,34,result
2026-07-17,78,12:25 - 12:30,576,97,result
2026-07-17,79,12:30 - 12:35,592,30,result
2026-07-17,80,12:35 - 12:40,631,77,result
2026-07-17,81,12:40 - 12:45,105,39,result
2026-07-17,82,12:45 - 12:50,805,83,result
2026-07-17,83,12:50 - 12:55,727,18,result
2026-07-17,84,12:55 - 13:00,514,54,result
2026-07-17,85,13:00 - 13:05,974,22,result
2026-07-17,86,13:05 - 13:10,804,98,result
2026-07-17,87,13:10 - 13:15,785,69,result
2026-07-17,88,13:15 - 13:20,990,83,result
2026-07-17,89,13:20 - 13:25,265,52,result
2026-07-17,90,13:25 - 13:30,134,24,result
2026-07-17,91,13:30 - 13:35,990,09,result
2026-07-17,92,13:35 - 13:40,303,12,result
2026-07-17,93,13:40 - 13:45,855,76,result
2026-07-17,94,13:45 - 13:50,523,28,result
2026-07-17,95,13:50 - 13:55,159,73,result
2026-07-17,96,13:55 - 14:00,222,25,result
2026-07-17,97,14:00 - 14:05,390,20,result
2026-07-17,98,14:05 - 14:10,533,47,result
2026-07-17,99,14:10 - 14:15,494,25,result
2026-07-17,100,14:15 - 14:20,577,51,result
2026-07-17,101,14:20 - 14:25,181,34,result
2026-07-17,102,14:25 - 14:30,400,71,result
2026-07-17,103,14:30 - 14:35,733,13,result
2026-07-17,104,14:35 - 14:40,413,88,result
2026-07-17,105,14:40 - 14:45,298,24,result
2026-07-17,106,14:45 - 14:50,503,35,result
2026-07-17,107,14:50 - 14:55,575,44,result
2026-07-17,108,14:55 - 15:00,836,59,result
2026-07-17,109,15:00 - 15:05,181,00,result
2026-07-17,110,15:05 - 15:10,232,09,result
2026-07-17,111,15:10 - 15:15,620,38,result
2026-07-17,112,15:15 - 15:20,573,56,result
2026-07-17,113,15:20 - 15:25,439,04,result
2026-07-17,114,15:25 - 15:30,466,13,result
2026-07-17,115,15:30 - 15:35,084,45,result
2026-07-17,116,15:35 - 15:40,818,55,result
2026-07-17,117,15:40 - 15:45,839,51,result
2026-07-17,118,15:45 - 15:50,230,15,result
2026-07-17,119,15:50 - 15:55,438,92,result
2026-07-17,120,15:55 - 16:00,977,35,result
2026-07-17,121,16:00 - 16:05,171,44,result
2026-07-17,122,16:05 - 16:10,550,45,result
2026-07-17,123,16:10 - 16:15,020,74,result
2026-07-17,124,16:15 - 16:20,128,64,result
2026-07-17,125,16:20 - 16:25,818,68,result
2026-07-17,126,16:25 - 16:30,125,64,result
2026-07-17,127,16:30 - 16:35,980,58,result
2026-07-17,128,16:35 - 16:40,031,24,result
2026-07-17,129,16:40 - 16:45,653,70,result
2026-07-17,130,16:45 - 16:50,197,44,result
2026-07-17,131,16:50 - 16:55,977,83,result
2026-07-17,132,16:55 - 17:00,659,25,result
2026-07-17,133,17:00 - 17:05,484,49,result
2026-07-17,134,17:05 - 17:10,751,85,result
2026-07-17,135,17:10 - 17:15,904,16,result
2026-07-17,136,17:15 - 17:20,256,96,result
2026-07-17,137,17:20 - 17:25,802,26,result
2026-07-17,138,17:25 - 17:30,789,50,result
2026-07-17,139,17:30 - 17:35,390,90,result
2026-07-17,140,17:35 - 17:40,456,96,result
2026-07-17,141,17:40 - 17:45,696,37,result
2026-07-17,142,17:45 - 17:50,158,93,result
2026-07-17,143,17:50 - 17:55,130,74,result
2026-07-17,144,17:55 - 18:00,742,38,result
2026-07-17,145,18:00 - 18:05,022,35,result
2026-07-17,146,18:05 - 18:10,870,34,result
2026-07-17,147,18:10 - 18:15,830,66,result
2026-07-17,148,18:15 - 18:20,884,17,result
2026-07-17,149,18:20 - 18:25,713,44,result
2026-07-17,150,18:25 - 18:30,026,76,result
2026-07-17,151,18:30 - 18:35,287,53,result
2026-07-17,152,18:35 - 18:40,300,06,result
2026-07-17,153,18:40 - 18:45,283,44,result
2026-07-17,154,18:45 - 18:50,541,50,result
2026-07-17,155,18:50 - 18:55,371,57,result
2026-07-17,156,18:55 - 19:00,854,44,result
2026-07-17,157,19:00 - 19:05,433,00,result
2026-07-17,158,19:05 - 19:10,794,55,result
2026-07-17,159,19:10 - 19:15,460,96,result
2026-07-17,160,19:15 - 19:20,424,96,result
2026-07-17,161,19:20 - 19:25,588,07,result
2026-07-17,162,19:25 - 19:30,119,73,result
2026-07-17,163,19:30 - 19:35,373,77,result
2026-07-17,164,19:35 - 19:40,370,99,result
2026-07-17,165,19:40 - 19:45,702,34,result
2026-07-17,166,19:45 - 19:50,311,98,result
2026-07-17,167,19:50 - 19:55,976,80,result
2026-07-17,168,19:55 - 20:00,232,39,result
2026-07-17,169,20:00 - 20:05,531,04,result
2026-07-17,170,20:05 - 20:10,530,91,result
2026-07-17,171,20:10 - 20:15,868,87,result
2026-07-17,172,20:15 - 20:20,053,72,result
2026-07-17,173,20:20 - 20:25,491,32,result
2026-07-17,174,20:25 - 20:30,054,66,result
2026-07-17,175,20:30 - 20:35,632,59,result
2026-07-17,176,20:35 - 20:40,164,84,result
2026-07-17,177,20:40 - 20:45,351,35,result
2026-07-17,178,20:45 - 20:50,051,78,result
2026-07-17,179,20:50 - 20:55,921,16,result
2026-07-17,180,20:55 - 21:00,989,61,result
2026-07-17,181,21:00 - 21:05,777,74,result
2026-07-17,182,21:05 - 21:10,202,72,result
2026-07-17,183,21:10 - 21:15,417,85,result
2026-07-17,184,21:15 - 21:20,517,12,result
2026-07-17,185,21:20 - 21:25,184,60,result
2026-07-17,186,21:25 - 21:30,681,53,result
2026-07-17,187,21:30 - 21:35,775,22,result
2026-07-17,188,21:35 - 21:40,693,82,result
2026-07-17,189,21:40 - 21:45,854,56,result
2026-07-17,190,21:45 - 21:50,488,27,result
2026-07-17,191,21:50 - 21:55,507,32,result
2026-07-17,192,21:55 - 22:00,454,05,result
2026-07-17,193,22:00 - 22:05,348,52,result
2026-07-17,194,22:05 - 22:10,473,03,result
2026-07-17,195,22:10 - 22:15,925,36,result
2026-07-17,196,22:15 - 22:20,490,18,result
2026-07-17,197,22:20 - 22:25,449,92,result
2026-07-17,198,22:25 - 22:30,558,49,result
2026-07-17,199,22:30 - 22:35,197,99,result
2026-07-17,200,22:35 - 22:40,597,34,result
2026-07-17,201,22:40 - 22:45,199,65,result
2026-07-17,202,22:45 - 22:50,321,30,result
2026-07-17,203,22:50 - 22:55,269,83,result
2026-07-17,204,22:55 - 23:00,196,25,result
2026-07-17,205,23:00 - 23:05,596,61,result
2026-07-17,206,23:05 - 23:10,933,86,result
2026-07-17,207,23:10 - 23:15,151,72,result
2026-07-17,208,23:15 - 23:20,136,57,result
2026-07-17,209,23:20 - 23:25,503,71,result
2026-07-17,210,23:25 - 23:30,268,99,result
2026-07-17,211,23:30 - 23:35,437,90,result
2026-07-17,212,23:35 - 23:40,875,39,result
2026-07-17,213,23:40 - 23:45,845,64,result
2026-07-17,214,23:45 - 23:50,199,41,result
2026-07-17,215,23:50 - 23:55,491,75,result
2026-07-17,216,23:55 - 00:00,146,27,result
2026-07-17,217,00:00 - 00:05,702,51,result
2026-07-17,218,00:05 - 00:10,619,59,result
2026-07-17,219,00:10 - 00:15,731,86,result
2026-07-17,220,00:15 - 00:20,212,38,result
2026-07-17,221,00:20 - 00:25,619,14,result
2026-07-17,222,00:25 - 00:30,955,99,result
2026-07-17,223,00:30 - 00:35,448,84,result
2026-07-17,224,00:35 - 00:40,558,58,result
2026-07-17,225,00:40 - 00:45,809,26,result
2026-07-17,226,00:45 - 00:50,168,65,result
2026-07-17,227,00:50 - 00:55,846,84,result
2026-07-17,228,00:55 - 01:00,745,08,result
2026-07-17,229,01:00 - 01:05,399,19,result
2026-07-17,230,01:05 - 01:10,700,55,result
2026-07-17,231,01:10 - 01:15,151,49,result
2026-07-17,232,01:15 - 01:20,238,34,result
2026-07-17,233,01:20 - 01:25,212,55,result
2026-07-17,234,01:25 - 01:30,290,55,result
2026-07-17,235,01:30 - 01:35,057,89,result
2026-07-17,236,01:35 - 01:40,876,18,result
2026-07-17,237,01:40 - 01:45,378,63,result
2026-07-17,238,01:45 - 01:50,517,64,result
2026-07-17,239,01:50 - 01:55,814,69,result
2026-07-17,240,01:55 - 02:00,799,30,result
2026-07-17,241,02:00 - 02:05,540,36,result
2026-07-17,242,02:05 - 02:10,071,48,result
2026-07-17,243,02:10 - 02:15,886,68,result
2026-07-17,244,02:15 - 02:20,922,69,result
2026-07-17,245,02:20 - 02:25,880,49,result
2026-07-17,246,02:25 - 02:30,384,49,result
2026-07-17,247,02:30 - 02:35,723,60,result
2026-07-17,248,02:35 - 02:40,176,86,result
2026-07-17,249,02:40 - 02:45,211,99,result
2026-07-17,250,02:45 - 02:50,872,72,result
2026-07-17,251,02:50 - 02:55,530,57,result
2026-07-17,252,02:55 - 03:00,851,21,result
2026-07-17,253,03:00 - 03:05,858,29,result
2026-07-17,254,03:05 - 03:10,305,31,result
2026-07-17,255,03:10 - 03:15,110,89,result
2026-07-17,256,03:15 - 03:20,059,40,result
2026-07-17,257,03:20 - 03:25,298,46,result
2026-07-17,258,03:25 - 03:30,698,23,result
2026-07-17,259,03:30 - 03:35,703,97,result
2026-07-17,260,03:35 - 03:40,827,03,result
2026-07-17,261,03:40 - 03:45,438,82,result
2026-07-17,262,03:45 - 03:50,940,75,result
2026-07-17,263,03:50 - 03:55,006,27,result
2026-07-17,264,03:55 - 04:00,298,21,result
2026-07-17,265,04:00 - 04:05,755,31,result
2026-07-17,266,04:05 - 04:10,724,94,result
2026-07-17,267,04:10 - 04:15,773,77,result
2026-07-17,268,04:15 - 04:20,966,91,result
2026-07-17,269,04:20 - 04:25,879,21,result
2026-07-17,270,04:25 - 04:30,105,86,result
2026-07-17,271,04:30 - 04:35,433,60,result
2026-07-17,272,04:35 - 04:40,458,67,result
2026-07-17,273,04:40 - 04:45,773,10,result
2026-07-17,274,04:45 - 04:50,275,32,result
2026-07-17,275,04:50 - 04:55,104,32,result
2026-07-17,276,04:55 - 05:00,874,75,result
2026-07-17,277,05:00 - 05:05,645,72,result
2026-07-17,278,05:05 - 05:10,079,69,result
2026-07-17,279,05:10 - 05:15,693,96,result
2026-07-17,280,05:15 - 05:20,552,92,result
2026-07-17,281,05:20 - 05:25,681,82,result
2026-07-17,282,05:25 - 05:30,265,47,result
2026-07-17,283,05:30 - 05:35,477,39,result
2026-07-17,284,05:35 - 05:40,996,40,result
2026-07-17,285,05:40 - 05:45,904,62,result
2026-07-17,286,05:45 - 05:50,719,81,result
2026-07-17,287,05:50 - 05:55,697,44,result
2026-07-17,288,05:55 - 06:00,238,40,result
2026-07-18,1,06:00 - 06:05,537,68,result
2026-07-18,2,06:05 - 06:10,016,68,result
2026-07-18,3,06:10 - 06:15,054,93,result
2026-07-18,4,06:15 - 06:20,613,99,result
2026-07-18,5,06:20 - 06:25,557,20,result
2026-07-18,6,06:25 - 06:30,362,39,result
2026-07-18,7,06:30 - 06:35,001,55,result
2026-07-18,8,06:35 - 06:40,543,26,result
2026-07-18,9,06:40 - 06:45,853,69,result
2026-07-18,10,06:45 - 06:50,839,50,result
2026-07-18,11,06:50 - 06:55,770,93,result
2026-07-18,12,06:55 - 07:00,529,11,result
2026-07-18,13,07:00 - 07:05,875,24,result
2026-07-18,14,07:05 - 07:10,105,54,result
2026-07-18,15,07:10 - 07:15,526,91,result
2026-07-18,16,07:15 - 07:20,977,92,result
2026-07-18,17,07:20 - 07:25,683,69,result
2026-07-18,18,07:25 - 07:30,538,55,result
2026-07-18,19,07:30 - 07:35,684,85,result
2026-07-18,20,07:35 - 07:40,241,91,result
2026-07-18,21,07:40 - 07:45,539,11,result
2026-07-18,22,07:45 - 07:50,821,98,result
2026-07-18,23,07:50 - 07:55,860,06,result
2026-07-18,24,07:55 - 08:00,813,18,result
2026-07-18,25,08:00 - 08:05,944,70,result
2026-07-18,26,08:05 - 08:10,474,58,result
2026-07-18,27,08:10 - 08:15,309,93,result
2026-07-18,28,08:15 - 08:20,655,27,result
2026-07-18,29,08:20 - 08:25,641,09,result
2026-07-18,30,08:25 - 08:30,030,22,result
2026-07-18,31,08:30 - 08:35,059,18,result
2026-07-18,32,08:35 - 08:40,681,44,result
2026-07-18,33,08:40 - 08:45,682,90,result
2026-07-18,34,08:45 - 08:50,758,31,result
2026-07-18,35,08:50 - 08:55,594,62,result
2026-07-18,36,08:55 - 09:00,358,16,result
2026-07-18,37,09:00 - 09:05,241,25,result
2026-07-18,38,09:05 - 09:10,521,53,result
2026-07-18,39,09:10 - 09:15,259,07,result
2026-07-18,40,09:15 - 09:20,340,40,result
2026-07-18,41,09:20 - 09:25,154,53,result
2026-07-18,42,09:25 - 09:30,084,05,result
2026-07-18,43,09:30 - 09:35,385,44,result
2026-07-18,44,09:35 - 09:40,945,01,result
2026-07-18,45,09:40 - 09:45,087,72,result
2026-07-18,46,09:45 - 09:50,353,59,result
2026-07-18,47,09:50 - 09:55,677,22,result
2026-07-18,48,09:55 - 10:00,362,39,result
2026-07-18,49,10:00 - 10:05,458,49,result
2026-07-18,50,10:05 - 10:10,522,21,result
2026-07-18,51,10:10 - 10:15,381,71,result
2026-07-18,52,10:15 - 10:20,995,06,result
2026-07-18,53,10:20 - 10:25,518,07,result
2026-07-18,54,10:25 - 10:30,934,51,result
2026-07-18,55,10:30 - 10:35,726,21,result
2026-07-18,56,10:35 - 10:40,895,95,result
2026-07-18,57,10:40 - 10:45,957,36,result
2026-07-18,58,10:45 - 10:50,264,55,result
2026-07-18,59,10:50 - 10:55,862,91,result
2026-07-18,60,10:55 - 11:00,159,01,result
2026-07-18,61,11:00 - 11:05,198,76,result
2026-07-18,62,11:05 - 11:10,335,18,result
2026-07-18,63,11:10 - 11:15,337,45,result
2026-07-18,64,11:15 - 11:20,108,77,result
2026-07-18,65,11:20 - 11:25,261,20,result
2026-07-18,66,11:25 - 11:30,015,47,result
2026-07-18,67,11:30 - 11:35,075,66,result
2026-07-18,68,11:35 - 11:40,975,30,result
2026-07-18,69,11:40 - 11:45,844,64,result
2026-07-18,70,11:45 - 11:50,425,93,result
2026-07-18,71,11:50 - 11:55,929,51,result
2026-07-18,72,11:55 - 12:00,411,78,result
2026-07-18,73,12:00 - 12:05,902,74,result
2026-07-18,74,12:05 - 12:10,745,18,result
2026-07-18,75,12:10 - 12:15,877,21,result
2026-07-18,76,12:15 - 12:20,998,16,result
2026-07-18,77,12:20 - 12:25,361,73,result
2026-07-18,78,12:25 - 12:30,302,00,result
2026-07-18,79,12:30 - 12:35,912,97,result
2026-07-18,80,12:35 - 12:40,439,69,result
2026-07-18,81,12:40 - 12:45,761,54,result
2026-07-18,82,12:45 - 12:50,961,66,result
2026-07-18,83,12:50 - 12:55,177,42,result
2026-07-18,84,12:55 - 13:00,363,14,result
2026-07-18,85,13:00 - 13:05,752,51,result
2026-07-18,86,13:05 - 13:10,175,83,result
2026-07-18,87,13:10 - 13:15,561,36,result
2026-07-18,88,13:15 - 13:20,020,84,result
2026-07-18,89,13:20 - 13:25,590,49,result
2026-07-18,90,13:25 - 13:30,276,51,result
2026-07-18,91,13:30 - 13:35,493,84,result
2026-07-18,92,13:35 - 13:40,092,25,result
2026-07-18,93,13:40 - 13:45,448,49,result
2026-07-18,94,13:45 - 13:50,424,01,result
2026-07-18,95,13:50 - 13:55,585,47,result
2026-07-18,96,13:55 - 14:00,423,39,result
2026-07-18,97,14:00 - 14:05,004,01,result
2026-07-18,98,14:05 - 14:10,596,13,result
2026-07-18,99,14:10 - 14:15,434,12,result
2026-07-18,100,14:15 - 14:20,775,70,result
2026-07-18,101,14:20 - 14:25,619,25,result
2026-07-18,102,14:25 - 14:30,246,10,result
2026-07-18,103,14:30 - 14:35,513,42,result
2026-07-18,104,14:35 - 14:40,537,67,result
2026-07-18,105,14:40 - 14:45,346,43,result
2026-07-18,106,14:45 - 14:50,409,27,result
2026-07-18,107,14:50 - 14:55,877,00,result
2026-07-18,108,14:55 - 15:00,707,34,result
2026-07-18,109,15:00 - 15:05,230,01,result
2026-07-18,110,15:05 - 15:10,513,97,result
2026-07-18,111,15:10 - 15:15,442,81,result
2026-07-18,112,15:15 - 15:20,025,57,result
2026-07-18,113,15:20 - 15:25,751,10,result
2026-07-18,114,15:25 - 15:30,712,76,result
2026-07-18,115,15:30 - 15:35,708,87,result
2026-07-18,116,15:35 - 15:40,545,59,result
2026-07-18,117,15:40 - 15:45,402,65,result
2026-07-18,118,15:45 - 15:50,774,00,result
2026-07-18,119,15:50 - 15:55,569,48,result
2026-07-18,120,15:55 - 16:00,690,22,result
2026-07-18,121,16:00 - 16:05,466,48,result
2026-07-18,122,16:05 - 16:10,113,53,result
2026-07-18,123,16:10 - 16:15,044,57,result
2026-07-18,124,16:15 - 16:20,043,78,result
2026-07-18,125,16:20 - 16:25,053,75,result
2026-07-18,126,16:25 - 16:30,988,39,result
2026-07-18,127,16:30 - 16:35,505,54,result
2026-07-18,128,16:35 - 16:40,733,90,result
2026-07-18,129,16:40 - 16:45,886,59,result
2026-07-18,130,16:45 - 16:50,531,09,result
2026-07-18,131,16:50 - 16:55,340,88,result
2026-07-18,132,16:55 - 17:00,041,52,result
2026-07-18,133,17:00 - 17:05,299,45,result
2026-07-18,134,17:05 - 17:10,401,96,result
2026-07-18,135,17:10 - 17:15,362,57,result
2026-07-18,136,17:15 - 17:20,785,46,result
2026-07-18,137,17:20 - 17:25,049,42,result
2026-07-18,138,17:25 - 17:30,090,38,result
2026-07-18,139,17:30 - 17:35,079,70,result
2026-07-18,140,17:35 - 17:40,945,99,result
2026-07-18,141,17:40 - 17:45,693,07,result
2026-07-18,142,17:45 - 17:50,652,87,result
2026-07-18,143,17:50 - 17:55,288,50,result
2026-07-18,144,17:55 - 18:00,913,93,result
2026-07-18,145,18:00 - 18:05,243,12,result
2026-07-18,146,18:05 - 18:10,072,36,result
2026-07-18,147,18:10 - 18:15,151,62,result
2026-07-18,148,18:15 - 18:20,471,44,result
2026-07-18,149,18:20 - 18:25,752,22,result
2026-07-18,150,18:25 - 18:30,256,07,result
2026-07-18,151,18:30 - 18:35,484,35,result
2026-07-18,152,18:35 - 18:40,852,94,result
2026-07-18,153,18:40 - 18:45,631,82,result
2026-07-18,154,18:45 - 18:50,678,43,result
2026-07-18,155,18:50 - 18:55,169,70,result
2026-07-18,156,18:55 - 19:00,998,67,result
2026-07-18,157,19:00 - 19:05,897,42,result
2026-07-18,158,19:05 - 19:10,885,08,result
2026-07-18,159,19:10 - 19:15,241,73,result
2026-07-18,160,19:15 - 19:20,578,99,result
2026-07-18,161,19:20 - 19:25,771,32,result
2026-07-18,162,19:25 - 19:30,062,83,result
2026-07-18,163,19:30 - 19:35,458,51,result
2026-07-18,164,19:35 - 19:40,540,01,result
2026-07-18,165,19:40 - 19:45,282,27,result
2026-07-18,166,19:45 - 19:50,927,22,result
2026-07-18,167,19:50 - 19:55,012,59,result
2026-07-18,168,19:55 - 20:00,619,41,result
2026-07-18,169,20:00 - 20:05,924,88,result
2026-07-18,170,20:05 - 20:10,083,63,result
2026-07-18,171,20:10 - 20:15,434,04,result
2026-07-18,172,20:15 - 20:20,497,24,result
2026-07-18,173,20:20 - 20:25,848,96,result
2026-07-18,174,20:25 - 20:30,613,91,result
2026-07-18,175,20:30 - 20:35,587,08,result
2026-07-18,176,20:35 - 20:40,350,77,result
2026-07-18,177,20:40 - 20:45,212,63,result
2026-07-18,178,20:45 - 20:50,449,14,result
2026-07-18,179,20:50 - 20:55,183,94,result
2026-07-18,180,20:55 - 21:00,246,63,result
2026-07-18,181,21:00 - 21:05,769,25,result
2026-07-18,182,21:05 - 21:10,032,49,result
2026-07-18,183,21:10 - 21:15,307,45,result
2026-07-18,184,21:15 - 21:20,293,26,result
2026-07-18,185,21:20 - 21:25,592,29,result
2026-07-18,186,21:25 - 21:30,383,82,result
2026-07-18,187,21:30 - 21:35,165,75,result
2026-07-18,188,21:35 - 21:40,327,14,result
2026-07-18,189,21:40 - 21:45,353,83,result
2026-07-18,190,21:45 - 21:50,610,67,result
2026-07-18,191,21:50 - 21:55,174,42,result
2026-07-18,192,21:55 - 22:00,026,27,result
2026-07-18,193,22:00 - 22:05,071,63,result
2026-07-18,194,22:05 - 22:10,146,44,result
2026-07-18,195,22:10 - 22:15,172,62,result
2026-07-18,196,22:15 - 22:20,636,00,result
2026-07-18,197,22:20 - 22:25,406,29,result
2026-07-18,198,22:25 - 22:30,852,97,result
2026-07-18,199,22:30 - 22:35,926,13,result
2026-07-18,200,22:35 - 22:40,188,58,result
2026-07-18,201,22:40 - 22:45,678,55,result
2026-07-18,202,22:45 - 22:50,010,61,result
2026-07-18,203,22:50 - 22:55,394,89,result
2026-07-18,204,22:55 - 23:00,620,96,result
2026-07-18,205,23:00 - 23:05,445,20,result
2026-07-18,206,23:05 - 23:10,320,64,result
2026-07-18,207,23:10 - 23:15,461,12,result
2026-07-18,208,23:15 - 23:20,072,79,result
2026-07-18,209,23:20 - 23:25,452,07,result
2026-07-18,210,23:25 - 23:30,595,81,result
2026-07-18,211,23:30 - 23:35,834,13,result
2026-07-18,212,23:35 - 23:40,253,40,result
2026-07-18,213,23:40 - 23:45,436,54,result
2026-07-18,214,23:45 - 23:50,254,89,result
2026-07-18,215,23:50 - 23:55,187,91,result
2026-07-18,216,23:55 - 00:00,297,26,result
2026-07-18,217,00:00 - 00:05,190,03,result
2026-07-18,218,00:05 - 00:10,640,24,result
2026-07-18,219,00:10 - 00:15,582,73,result
2026-07-18,220,00:15 - 00:20,896,29,result
2026-07-18,221,00:20 - 00:25,114,36,result
2026-07-18,222,00:25 - 00:30,496,35,result
2026-07-18,223,00:30 - 00:35,754,54,result
2026-07-18,224,00:35 - 00:40,893,21,result
2026-07-18,225,00:40 - 00:45,711,28,result
2026-07-18,226,00:45 - 00:50,510,67,result
2026-07-18,227,00:50 - 00:55,653,87,result
2026-07-18,228,00:55 - 01:00,170,61,result
2026-07-18,229,01:00 - 01:05,437,89,result
2026-07-18,230,01:05 - 01:10,889,40,result
2026-07-18,231,01:10 - 01:15,313,57,result
2026-07-18,232,01:15 - 01:20,397,64,result
2026-07-18,233,01:20 - 01:25,618,74,result
2026-07-18,234,01:25 - 01:30,258,48,result
2026-07-18,235,01:30 - 01:35,700,67,result
2026-07-18,236,01:35 - 01:40,828,37,result
2026-07-18,237,01:40 - 01:45,429,38,result
2026-07-18,238,01:45 - 01:50,993,68,result
2026-07-18,239,01:50 - 01:55,560,10,result
2026-07-18,240,01:55 - 02:00,233,52,result
2026-07-18,241,02:00 - 02:05,727,50,result
2026-07-18,242,02:05 - 02:10,214,61,result
2026-07-18,243,02:10 - 02:15,357,35,result
2026-07-18,244,02:15 - 02:20,556,31,result
2026-07-18,245,02:20 - 02:25,918,03,result
2026-07-18,246,02:25 - 02:30,662,38,result
2026-07-18,247,02:30 - 02:35,210,84,result
2026-07-18,248,02:35 - 02:40,157,82,result
2026-07-18,249,02:40 - 02:45,271,51,result
2026-07-18,250,02:45 - 02:50,368,29,result
2026-07-18,251,02:50 - 02:55,720,49,result
2026-07-18,252,02:55 - 03:00,899,39,result
2026-07-18,253,03:00 - 03:05,165,01,result
2026-07-18,254,03:05 - 03:10,312,22,result
2026-07-18,255,03:10 - 03:15,336,96,result
2026-07-18,256,03:15 - 03:20,587,24,result
2026-07-18,257,03:20 - 03:25,861,90,result
2026-07-18,258,03:25 - 03:30,265,66,result
2026-07-18,259,03:30 - 03:35,223,95,result
2026-07-18,260,03:35 - 03:40,031,76,result
2026-07-18,261,03:40 - 03:45,561,79,result
2026-07-18,262,03:45 - 03:50,254,22,result
2026-07-18,263,03:50 - 03:55,856,21,result
2026-07-18,264,03:55 - 04:00,010,10,result
2026-07-18,265,04:00 - 04:05,120,07,result
2026-07-18,266,04:05 - 04:10,706,58,result
2026-07-18,267,04:10 - 04:15,770,03,result
2026-07-18,268,04:15 - 04:20,020,58,result
2026-07-18,269,04:20 - 04:25,669,01,result
2026-07-18,270,04:25 - 04:30,233,61,result
2026-07-18,271,04:30 - 04:35,962,55,result
2026-07-18,272,04:35 - 04:40,862,44,result
2026-07-18,273,04:40 - 04:45,822,96,result
2026-07-18,274,04:45 - 04:50,061,76,result
2026-07-18,275,04:50 - 04:55,879,88,result
2026-07-18,276,04:55 - 05:00,128,69,result
2026-07-18,277,05:00 - 05:05,621,79,result
2026-07-18,278,05:05 - 05:10,156,47,result
2026-07-18,279,05:10 - 05:15,864,32,result
2026-07-18,280,05:15 - 05:20,568,78,result
2026-07-18,281,05:20 - 05:25,859,44,result
2026-07-18,282,05:25 - 05:30,504,98,result
2026-07-18,283,05:30 - 05:35,604,28,result
2026-07-18,284,05:35 - 05:40,029,52,result
2026-07-18,285,05:40 - 05:45,799,69,result
2026-07-18,286,05:45 - 05:50,447,01,result
2026-07-18,287,05:50 - 05:55,683,50,result
2026-07-18,288,05:55 - 06:00,466,43,result
2026-07-19,1,06:00 - 06:05,457,59,result
2026-07-19,2,06:05 - 06:10,277,34,result
2026-07-19,3,06:10 - 06:15,490,42,result
2026-07-19,4,06:15 - 06:20,490,21,result
2026-07-19,5,06:20 - 06:25,841,22,result
2026-07-19,6,06:25 - 06:30,194,84,result
2026-07-19,7,06:30 - 06:35,987,10,result
2026-07-19,8,06:35 - 06:40,405,79,result
2026-07-19,9,06:40 - 06:45,090,52,result
2026-07-19,10,06:45 - 06:50,588,64,result
2026-07-19,11,06:50 - 06:55,390,56,result
2026-07-19,12,06:55 - 07:00,135,13,result
2026-07-19,13,07:00 - 07:05,513,13,result
2026-07-19,14,07:05 - 07:10,463,34,result
2026-07-19,15,07:10 - 07:15,432,17,result
2026-07-19,16,07:15 - 07:20,654,06,result
2026-07-19,17,07:20 - 07:25,527,53,result
2026-07-19,18,07:25 - 07:30,622,84,result
2026-07-19,19,07:30 - 07:35,516,00,result
2026-07-19,20,07:35 - 07:40,499,11,result
2026-07-19,21,07:40 - 07:45,127,77,result
2026-07-19,22,07:45 - 07:50,223,55,result
2026-07-19,23,07:50 - 07:55,439,14,result
2026-07-19,24,07:55 - 08:00,665,82,result
2026-07-19,25,08:00 - 08:05,371,77,result
2026-07-19,26,08:05 - 08:10,125,91,result
2026-07-19,27,08:10 - 08:15,233,64,result
2026-07-19,28,08:15 - 08:20,939,03,result
2026-07-19,29,08:20 - 08:25,702,98,result
2026-07-19,30,08:25 - 08:30,889,00,result
2026-07-19,31,08:30 - 08:35,065,10,result
2026-07-19,32,08:35 - 08:40,854,78,result
2026-07-19,33,08:40 - 08:45,414,94,result
2026-07-19,34,08:45 - 08:50,814,86,result
2026-07-19,35,08:50 - 08:55,466,95,result
2026-07-19,36,08:55 - 09:00,655,77,result
2026-07-19,37,09:00 - 09:05,998,16,result
2026-07-19,38,09:05 - 09:10,311,04,result
2026-07-19,39,09:10 - 09:15,035,18,result
2026-07-19,40,09:15 - 09:20,820,26,result
2026-07-19,41,09:20 - 09:25,269,11,result
2026-07-19,42,09:25 - 09:30,944,14,result
2026-07-19,43,09:30 - 09:35,169,52,result
2026-07-19,44,09:35 - 09:40,520,04,result
2026-07-19,45,09:40 - 09:45,808,02,result
2026-07-19,46,09:45 - 09:50,388,22,result
2026-07-19,47,09:50 - 09:55,252,40,result
2026-07-19,48,09:55 - 10:00,273,38,result
2026-07-19,49,10:00 - 10:05,362,79,result
2026-07-19,50,10:05 - 10:10,735,33,result
2026-07-19,51,10:10 - 10:15,165,12,result
2026-07-19,52,10:15 - 10:20,770,11,result
2026-07-19,53,10:20 - 10:25,815,98,result
2026-07-19,54,10:25 - 10:30,064,57,result
2026-07-19,55,10:30 - 10:35,771,98,result
2026-07-19,56,10:35 - 10:40,304,47,result
2026-07-19,57,10:40 - 10:45,101,61,result
2026-07-19,58,10:45 - 10:50,070,17,result
2026-07-19,59,10:50 - 10:55,313,75,result
2026-07-19,60,10:55 - 11:00,691,11,result
2026-07-19,61,11:00 - 11:05,094,34,result
2026-07-19,62,11:05 - 11:10,162,07,result
2026-07-19,63,11:10 - 11:15,477,77,result
2026-07-19,64,11:15 - 11:20,182,09,result
2026-07-19,65,11:20 - 11:25,049,31,result
2026-07-19,66,11:25 - 11:30,552,77,result
2026-07-19,67,11:30 - 11:35,855,19,result
2026-07-19,68,11:35 - 11:40,025,69,result
2026-07-19,69,11:40 - 11:45,355,40,result
2026-07-19,70,11:45 - 11:50,215,44,result
2026-07-19,71,11:50 - 11:55,561,07,result
2026-07-19,72,11:55 - 12:00,073,12,result
2026-07-19,73,12:00 - 12:05,469,38,result
2026-07-19,74,12:05 - 12:10,767,95,result
2026-07-19,75,12:10 - 12:15,479,75,result
2026-07-19,76,12:15 - 12:20,615,44,result
2026-07-19,77,12:20 - 12:25,590,95,result
2026-07-19,78,12:25 - 12:30,608,92,result
2026-07-19,79,12:30 - 12:35,413,40,result
2026-07-19,80,12:35 - 12:40,926,16,result
2026-07-19,81,12:40 - 12:45,078,48,result
2026-07-19,82,12:45 - 12:50,314,43,result
2026-07-19,83,12:50 - 12:55,451,81,result
2026-07-19,84,12:55 - 13:00,586,11,result
2026-07-19,85,13:00 - 13:05,401,10,result
2026-07-19,86,13:05 - 13:10,591,35,result
2026-07-19,87,13:10 - 13:15,888,58,result
2026-07-19,88,13:15 - 13:20,417,32,result
2026-07-19,89,13:20 - 13:25,174,46,result
2026-07-19,90,13:25 - 13:30,751,91,result
2026-07-19,91,13:30 - 13:35,955,08,result
2026-07-19,92,13:35 - 13:40,073,32,result
2026-07-19,93,13:40 - 13:45,566,91,result
2026-07-19,94,13:45 - 13:50,569,21,result
2026-07-19,95,13:50 - 13:55,068,34,result
2026-07-19,96,13:55 - 14:00,361,76,result
2026-07-19,97,14:00 - 14:05,727,24,result
2026-07-19,98,14:05 - 14:10,188,89,result
2026-07-19,99,14:10 - 14:15,945,94,result
2026-07-19,100,14:15 - 14:20,112,38,result
2026-07-19,101,14:20 - 14:25,548,45,result
2026-07-19,102,14:25 - 14:30,431,90,result
2026-07-19,103,14:30 - 14:35,224,97,result
2026-07-19,104,14:35 - 14:40,020,52,result
2026-07-19,105,14:40 - 14:45,900,99,result
2026-07-19,106,14:45 - 14:50,052,09,result
2026-07-19,107,14:50 - 14:55,062,50,result
2026-07-19,108,14:55 - 15:00,002,02,result
2026-07-19,109,15:00 - 15:05,646,57,result
2026-07-19,110,15:05 - 15:10,375,86,result
2026-07-19,111,15:10 - 15:15,961,63,result
2026-07-19,112,15:15 - 15:20,471,58,result
2026-07-19,113,15:20 - 15:25,957,41,result
2026-07-19,114,15:25 - 15:30,729,86,result
2026-07-19,115,15:30 - 15:35,168,27,result
2026-07-19,116,15:35 - 15:40,754,57,result
2026-07-19,117,15:40 - 15:45,517,91,result
2026-07-19,118,15:45 - 15:50,435,76,result
2026-07-19,119,15:50 - 15:55,524,38,result
2026-07-19,120,15:55 - 16:00,516,27,result
2026-07-19,121,16:00 - 16:05,539,06,result
2026-07-19,122,16:05 - 16:10,233,33,result
2026-07-19,123,16:10 - 16:15,015,46,result
2026-07-19,124,16:15 - 16:20,547,27,result
2026-07-19,125,16:20 - 16:25,534,80,result
2026-07-19,126,16:25 - 16:30,192,02,result
2026-07-19,127,16:30 - 16:35,624,64,result
2026-07-19,128,16:35 - 16:40,455,78,result
2026-07-19,129,16:40 - 16:45,162,86,result
2026-07-19,130,16:45 - 16:50,324,61,result
2026-07-19,131,16:50 - 16:55,722,23,result
2026-07-19,132,16:55 - 17:00,399,07,result
2026-07-19,133,17:00 - 17:05,420,26,result
2026-07-19,134,17:05 - 17:10,717,94,result
2026-07-19,135,17:10 - 17:15,214,97,result
2026-07-19,136,17:15 - 17:20,250,02,result
2026-07-19,137,17:20 - 17:25,166,20,result
2026-07-19,138,17:25 - 17:30,114,60,result
2026-07-19,139,17:30 - 17:35,631,35,result
2026-07-19,140,17:35 - 17:40,306,81,result
2026-07-19,141,17:40 - 17:45,053,24,result
2026-07-19,142,17:45 - 17:50,938,60,result
2026-07-19,143,17:50 - 17:55,924,83,result
2026-07-19,144,17:55 - 18:00,416,63,result
2026-07-19,145,18:00 - 18:05,756,40,result
2026-07-19,146,18:05 - 18:10,004,45,result
2026-07-19,147,18:10 - 18:15,835,86,result
2026-07-19,148,18:15 - 18:20,680,78,result
2026-07-19,149,18:20 - 18:25,379,58,result
2026-07-19,150,18:25 - 18:30,236,12,result
2026-07-19,151,18:30 - 18:35,169,49,result
2026-07-19,152,18:35 - 18:40,021,70,result
2026-07-19,153,18:40 - 18:45,309,01,result
2026-07-19,154,18:45 - 18:50,509,02,result
2026-07-19,155,18:50 - 18:55,978,65,result
2026-07-19,156,18:55 - 19:00,986,73,result
2026-07-19,157,19:00 - 19:05,617,87,result
2026-07-19,158,19:05 - 19:10,399,42,result
2026-07-19,159,19:10 - 19:15,585,63,result
2026-07-19,160,19:15 - 19:20,661,33,result
2026-07-19,161,19:20 - 19:25,166,09,result
2026-07-19,162,19:25 - 19:30,039,85,result
2026-07-19,163,19:30 - 19:35,586,64,result
2026-07-19,164,19:35 - 19:40,693,60,result
2026-07-19,165,19:40 - 19:45,787,27,result
2026-07-19,166,19:45 - 19:50,196,02,result
2026-07-19,167,19:50 - 19:55,468,62,result
2026-07-19,168,19:55 - 20:00,405,34,result
2026-07-19,169,20:00 - 20:05,612,02,result
2026-07-19,170,20:05 - 20:10,756,98,result
2026-07-19,171,20:10 - 20:15,647,70,result
2026-07-19,172,20:15 - 20:20,597,33,result
2026-07-19,173,20:20 - 20:25,502,79,result
2026-07-19,174,20:25 - 20:30,906,17,result
2026-07-19,175,20:30 - 20:35,739,26,result
2026-07-19,176,20:35 - 20:40,924,04,result
2026-07-19,177,20:40 - 20:45,556,45,result
2026-07-19,178,20:45 - 20:50,175,84,result
2026-07-19,179,20:50 - 20:55,682,63,result
2026-07-19,180,20:55 - 21:00,866,51,result
2026-07-19,181,21:00 - 21:05,893,28,result
2026-07-19,182,21:05 - 21:10,058,14,result
2026-07-19,183,21:10 - 21:15,006,85,result
2026-07-19,184,21:15 - 21:20,807,65,result
2026-07-19,185,21:20 - 21:25,532,89,result
2026-07-19,186,21:25 - 21:30,254,65,result
2026-07-19,187,21:30 - 21:35,462,10,result
2026-07-19,188,21:35 - 21:40,302,55,result
2026-07-19,189,21:40 - 21:45,223,21,result
2026-07-19,190,21:45 - 21:50,579,91,result
2026-07-19,191,21:50 - 21:55,641,27,result
2026-07-19,192,21:55 - 22:00,782,80,result
2026-07-19,193,22:00 - 22:05,685,71,result
2026-07-19,194,22:05 - 22:10,719,63,result
2026-07-19,195,22:10 - 22:15,061,12,result
2026-07-19,196,22:15 - 22:20,530,58,result
2026-07-19,197,22:20 - 22:25,426,72,result
2026-07-19,198,22:25 - 22:30,053,51,result
2026-07-19,199,22:30 - 22:35,185,04,result
2026-07-19,200,22:35 - 22:40,714,38,result
2026-07-19,201,22:40 - 22:45,992,06,result
2026-07-19,202,22:45 - 22:50,466,06,result
2026-07-19,203,22:50 - 22:55,130,74,result
2026-07-19,204,22:55 - 23:00,844,13,result
2026-07-19,205,23:00 - 23:05,991,28,result
2026-07-19,206,23:05 - 23:10,353,95,result
2026-07-19,207,23:10 - 23:15,582,72,result
2026-07-19,208,23:15 - 23:20,794,69,result
2026-07-19,209,23:20 - 23:25,473,10,result
2026-07-19,210,23:25 - 23:30,236,01,result
2026-07-19,211,23:30 - 23:35,680,53,result
2026-07-19,212,23:35 - 23:40,162,12,result
2026-07-19,213,23:40 - 23:45,153,84,result
2026-07-19,214,23:45 - 23:50,977,27,result
2026-07-19,215,23:50 - 23:55,623,75,result
2026-07-19,216,23:55 - 00:00,981,63,result
2026-07-19,217,00:00 - 00:05,823,40,result
2026-07-19,218,00:05 - 00:10,457,43,result
2026-07-19,219,00:10 - 00:15,148,74,result
2026-07-19,220,00:15 - 00:20,384,25,result
2026-07-19,221,00:20 - 00:25,404,31,result
2026-07-19,222,00:25 - 00:30,589,52,result
2026-07-19,223,00:30 - 00:35,101,62,result
2026-07-19,224,00:35 - 00:40,088,90,result
2026-07-19,225,00:40 - 00:45,617,45,result
2026-07-19,226,00:45 - 00:50,479,88,result
2026-07-19,227,00:50 - 00:55,745,18,result
2026-07-19,228,00:55 - 01:00,234,93,result
2026-07-19,229,01:00 - 01:05,986,77,result
2026-07-19,230,01:05 - 01:10,011,11,result
2026-07-19,231,01:10 - 01:15,191,85,result
2026-07-19,232,01:15 - 01:20,336,12,result
2026-07-19,233,01:20 - 01:25,473,81,result
2026-07-19,234,01:25 - 01:30,566,93,result
2026-07-19,235,01:30 - 01:35,762,18,result
2026-07-19,236,01:35 - 01:40,467,98,result
2026-07-19,237,01:40 - 01:45,724,61,result
2026-07-19,238,01:45 - 01:50,247,22,result
2026-07-19,239,01:50 - 01:55,244,74,result
2026-07-19,240,01:55 - 02:00,242,53,result
2026-07-19,241,02:00 - 02:05,846,00,result
2026-07-19,242,02:05 - 02:10,035,31,result
2026-07-19,243,02:10 - 02:15,565,61,result
2026-07-19,244,02:15 - 02:20,257,74,result
2026-07-19,245,02:20 - 02:25,678,13,result
2026-07-19,246,02:25 - 02:30,570,73,result
2026-07-19,247,02:30 - 02:35,953,78,result
2026-07-19,248,02:35 - 02:40,208,83,result
2026-07-19,249,02:40 - 02:45,100,18,result
2026-07-19,250,02:45 - 02:50,139,50,result
2026-07-19,251,02:50 - 02:55,405,13,result
2026-07-19,252,02:55 - 03:00,077,73,result
2026-07-19,253,03:00 - 03:05,080,34,result
2026-07-19,254,03:05 - 03:10,839,02,result
2026-07-19,255,03:10 - 03:15,540,09,result
2026-07-19,256,03:15 - 03:20,294,41,result
2026-07-19,257,03:20 - 03:25,176,25,result
2026-07-19,258,03:25 - 03:30,691,17,result
2026-07-19,259,03:30 - 03:35,607,14,result
2026-07-19,260,03:35 - 03:40,374,16,result
2026-07-19,261,03:40 - 03:45,103,49,result
2026-07-19,262,03:45 - 03:50,667,79,result
2026-07-19,263,03:50 - 03:55,975,10,result
2026-07-19,264,03:55 - 04:00,145,69,result
2026-07-19,265,04:00 - 04:05,247,09,result
2026-07-19,266,04:05 - 04:10,774,97,result
2026-07-19,267,04:10 - 04:15,016,13,result
2026-07-19,268,04:15 - 04:20,076,48,result
2026-07-19,269,04:20 - 04:25,625,54,result
2026-07-19,270,04:25 - 04:30,138,98,result
2026-07-19,271,04:30 - 04:35,570,44,result
2026-07-19,272,04:35 - 04:40,872,23,result
2026-07-19,273,04:40 - 04:45,432,91,result
2026-07-19,274,04:45 - 04:50,469,48,result
2026-07-19,275,04:50 - 04:55,361,96,result
2026-07-19,276,04:55 - 05:00,584,90,result
2026-07-19,277,05:00 - 05:05,611,18,result
2026-07-19,278,05:05 - 05:10,851,53,result
2026-07-19,279,05:10 - 05:15,855,73,result
2026-07-19,280,05:15 - 05:20,335,49,result
2026-07-19,281,05:20 - 05:25,061,20,result
2026-07-19,282,05:25 - 05:30,269,50,result
2026-07-19,284,05:35 - 05:40,926,09,result
2026-07-19,285,05:40 - 05:45,217,92,result
2026-07-19,286,05:45 - 05:50,623,73,result
2026-07-19,287,05:50 - 05:55,797,77,result
2026-07-19,288,05:55 - 06:00,210,66,result
2026-07-20,1,06:00 - 06:05,442,47,result
2026-07-20,2,06:05 - 06:10,480,85,result
2026-07-20,3,06:10 - 06:15,481,76,result
2026-07-20,4,06:15 - 06:20,074,22,result
2026-07-20,5,06:20 - 06:25,609,76,result
2026-07-20,6,06:25 - 06:30,756,43,result
2026-07-20,7,06:30 - 06:35,163,28,result
2026-07-20,8,06:35 - 06:40,861,08,result
2026-07-20,9,06:40 - 06:45,154,21,result
2026-07-20,10,06:45 - 06:50,398,26,result
2026-07-20,11,06:50 - 06:55,896,37,result
2026-07-20,12,06:55 - 07:00,400,67,result
2026-07-20,13,07:00 - 07:05,041,54,result
2026-07-20,14,07:05 - 07:10,399,02,result
2026-07-20,15,07:10 - 07:15,559,30,result
2026-07-20,16,07:15 - 07:20,457,08,result
2026-07-20,17,07:20 - 07:25,713,85,result
2026-07-20,18,07:25 - 07:30,357,73,result
2026-07-20,19,07:30 - 07:35,735,52,result
2026-07-20,20,07:35 - 07:40,528,19,result
2026-07-20,21,07:40 - 07:45,083,96,result
2026-07-20,22,07:45 - 07:50,413,20,result
2026-07-20,23,07:50 - 07:55,556,81,result
2026-07-20,24,07:55 - 08:00,984,28,result
2026-07-20,25,08:00 - 08:05,881,71,result
2026-07-20,26,08:05 - 08:10,545,43,result
2026-07-20,27,08:10 - 08:15,785,32,result
2026-07-20,28,08:15 - 08:20,800,26,result
2026-07-20,29,08:20 - 08:25,243,50,result
2026-07-20,30,08:25 - 08:30,344,62,result
2026-07-20,31,08:30 - 08:35,149,28,result
2026-07-20,32,08:35 - 08:40,636,80,result
2026-07-20,33,08:40 - 08:45,658,90,result
2026-07-20,34,08:45 - 08:50,198,99,result
2026-07-20,35,08:50 - 08:55,810,47,result
2026-07-20,36,08:55 - 09:00,725,87,result
2026-07-20,37,09:00 - 09:05,853,12,result
2026-07-20,38,09:05 - 09:10,136,91,result
2026-07-20,39,09:10 - 09:15,648,93,result
2026-07-20,40,09:15 - 09:20,549,86,result
2026-07-20,41,09:20 - 09:25,838,53,result
2026-07-20,42,09:25 - 09:30,123,33,result
2026-07-20,43,09:30 - 09:35,601,98,result
2026-07-20,44,09:35 - 09:40,186,29,result
2026-07-20,45,09:40 - 09:45,866,55,result
2026-07-20,46,09:45 - 09:50,208,12,result
2026-07-20,47,09:50 - 09:55,130,69,result
2026-07-20,48,09:55 - 10:00,083,93,result
2026-07-20,49,10:00 - 10:05,640,09,result
2026-07-20,50,10:05 - 10:10,984,89,result
2026-07-20,51,10:10 - 10:15,112,23,result
2026-07-20,52,10:15 - 10:20,565,48,result
2026-07-20,53,10:20 - 10:25,077,76,result
2026-07-20,54,10:25 - 10:30,523,20,result
2026-07-20,55,10:30 - 10:35,481,73,result
2026-07-20,56,10:35 - 10:40,557,31,result
2026-07-20,57,10:40 - 10:45,034,43,result
2026-07-20,58,10:45 - 10:50,303,57,result
2026-07-20,59,10:50 - 10:55,124,41,result
2026-07-20,60,10:55 - 11:00,028,94,result
2026-07-20,61,11:00 - 11:05,956,88,result
2026-07-20,62,11:05 - 11:10,883,81,result
2026-07-20,63,11:10 - 11:15,933,58,result
2026-07-20,64,11:15 - 11:20,606,72,result
2026-07-20,65,11:20 - 11:25,216,70,result
2026-07-20,66,11:25 - 11:30,288,00,result
2026-07-20,67,11:30 - 11:35,436,21,result
2026-07-20,68,11:35 - 11:40,529,82,result
2026-07-20,69,11:40 - 11:45,200,82,result
2026-07-20,70,11:45 - 11:50,222,17,result
2026-07-20,71,11:50 - 11:55,560,30,result
2026-07-20,72,11:55 - 12:00,730,66,result
2026-07-20,73,12:00 - 12:05,270,77,result
2026-07-20,74,12:05 - 12:10,209,97,result
2026-07-20,75,12:10 - 12:15,749,35,result
2026-07-20,76,12:15 - 12:20,891,78,result
2026-07-20,77,12:20 - 12:25,197,06,result
2026-07-20,78,12:25 - 12:30,990,35,result
2026-07-20,79,12:30 - 12:35,736,19,result
2026-07-20,80,12:35 - 12:40,838,34,result
2026-07-20,81,12:40 - 12:45,275,20,result
2026-07-20,82,12:45 - 12:50,732,86,result
2026-07-20,83,12:50 - 12:55,863,74,result
2026-07-20,84,12:55 - 13:00,090,58,result
2026-07-20,85,13:00 - 13:05,866,46,result
2026-07-20,86,13:05 - 13:10,297,13,result
2026-07-20,87,13:10 - 13:15,258,45,result
2026-07-20,88,13:15 - 13:20,526,99,result
2026-07-20,89,13:20 - 13:25,937,01,result
2026-07-20,90,13:25 - 13:30,923,13,result
2026-07-20,91,13:30 - 13:35,357,29,result
2026-07-20,92,13:35 - 13:40,435,57,result
2026-07-20,93,13:40 - 13:45,277,30,result
2026-07-20,94,13:45 - 13:50,363,22,result
2026-07-20,95,13:50 - 13:55,178,92,result
2026-07-20,96,13:55 - 14:00,293,37,result
2026-07-20,97,14:00 - 14:05,635,03,result
2026-07-20,98,14:05 - 14:10,283,98,result
2026-07-20,99,14:10 - 14:15,841,06,result
2026-07-20,100,14:15 - 14:20,246,03,result
2026-07-20,101,14:20 - 14:25,384,10,result
2026-07-20,102,14:25 - 14:30,472,67,result
2026-07-20,103,14:30 - 14:35,354,21,result
2026-07-20,104,14:35 - 14:40,242,10,result
2026-07-20,105,14:40 - 14:45,618,32,result
2026-07-20,106,14:45 - 14:50,468,43,result
2026-07-20,107,14:50 - 14:55,934,03,result
2026-07-20,108,14:55 - 15:00,909,03,result
2026-07-20,109,15:00 - 15:05,754,87,result
2026-07-20,110,15:05 - 15:10,935,77,result
2026-07-20,111,15:10 - 15:15,596,42,result
2026-07-20,112,15:15 - 15:20,163,09,result
2026-07-20,113,15:20 - 15:25,244,83,result
2026-07-20,114,15:25 - 15:30,327,81,result
2026-07-20,115,15:30 - 15:35,497,91,result
2026-07-20,116,15:35 - 15:40,119,01,result
2026-07-20,117,15:40 - 15:45,293,48,result
2026-07-20,118,15:45 - 15:50,912,91,result
2026-07-20,119,15:50 - 15:55,503,69,result
2026-07-20,120,15:55 - 16:00,244,99,result
2026-07-20,121,16:00 - 16:05,884,22,result
2026-07-20,122,16:05 - 16:10,949,31,result
2026-07-20,123,16:10 - 16:15,172,52,result
2026-07-20,124,16:15 - 16:20,624,74,result
2026-07-20,125,16:20 - 16:25,195,73,result
2026-07-20,126,16:25 - 16:30,698,84,result
2026-07-20,127,16:30 - 16:35,685,80,result
2026-07-20,128,16:35 - 16:40,174,13,result
2026-07-20,129,16:40 - 16:45,524,99,result
2026-07-20,130,16:45 - 16:50,730,24,result
2026-07-20,131,16:50 - 16:55,303,36,result
2026-07-20,132,16:55 - 17:00,945,50,result
2026-07-20,133,17:00 - 17:05,597,16,result
2026-07-20,134,17:05 - 17:10,566,43,result
2026-07-20,135,17:10 - 17:15,696,86,result
2026-07-20,136,17:15 - 17:20,699,19,result
2026-07-20,137,17:20 - 17:25,718,18,result
2026-07-20,138,17:25 - 17:30,470,10,result
2026-07-20,139,17:30 - 17:35,785,14,result
2026-07-20,140,17:35 - 17:40,374,16,result
2026-07-20,141,17:40 - 17:45,132,56,result
2026-07-20,142,17:45 - 17:50,380,60,result
2026-07-20,143,17:50 - 17:55,255,33,result
2026-07-20,144,17:55 - 18:00,173,92,result
2026-07-20,145,18:00 - 18:05,809,87,result
2026-07-20,146,18:05 - 18:10,767,57,result
2026-07-20,147,18:10 - 18:15,147,92,result
2026-07-20,148,18:15 - 18:20,942,89,result
2026-07-20,149,18:20 - 18:25,092,05,result
2026-07-20,150,18:25 - 18:30,352,23,result
2026-07-20,151,18:30 - 18:35,974,41,result
2026-07-20,152,18:35 - 18:40,551,32,result
2026-07-20,153,18:40 - 18:45,874,12,result
2026-07-20,154,18:45 - 18:50,821,46,result
2026-07-20,155,18:50 - 18:55,786,17,result
2026-07-20,156,18:55 - 19:00,397,22,result
2026-07-20,157,19:00 - 19:05,786,66,result
2026-07-20,158,19:05 - 19:10,216,57,result
2026-07-20,159,19:10 - 19:15,859,86,result
2026-07-20,160,19:15 - 19:20,904,70,result
2026-07-20,161,19:20 - 19:25,707,23,result
2026-07-20,162,19:25 - 19:30,587,21,result
2026-07-20,163,19:30 - 19:35,280,84,result
2026-07-20,164,19:35 - 19:40,720,21,result
2026-07-20,165,19:40 - 19:45,616,93,result
2026-07-20,166,19:45 - 19:50,559,02,result
2026-07-20,167,19:50 - 19:55,890,42,result
2026-07-20,168,19:55 - 20:00,350,75,result
2026-07-20,169,20:00 - 20:05,299,80,result
2026-07-20,170,20:05 - 20:10,689,21,result
2026-07-20,171,20:10 - 20:15,678,55,result
2026-07-20,172,20:15 - 20:20,336,12,result
2026-07-20,173,20:20 - 20:25,177,16,result
2026-07-20,174,20:25 - 20:30,990,87,result
2026-07-20,175,20:30 - 20:35,874,51,result
2026-07-20,176,20:35 - 20:40,766,53,result
2026-07-20,177,20:40 - 20:45,209,16,result
2026-07-20,178,20:45 - 20:50,281,55,result
2026-07-20,179,20:50 - 20:55,954,79,result
2026-07-20,180,20:55 - 21:00,148,62,result
2026-07-20,181,21:00 - 21:05,107,83,result
2026-07-20,182,21:05 - 21:10,183,71,result
2026-07-20,183,21:10 - 21:15,177,13,result
2026-07-20,184,21:15 - 21:20,581,81,result
2026-07-20,185,21:20 - 21:25,106,04,result
2026-07-20,186,21:25 - 21:30,730,25,result
2026-07-20,187,21:30 - 21:35,671,98,result
2026-07-20,188,21:35 - 21:40,753,72,result
2026-07-20,189,21:40 - 21:45,940,03,result
2026-07-20,190,21:45 - 21:50,945,36,result
2026-07-20,191,21:50 - 21:55,664,97,result
2026-07-20,192,21:55 - 22:00,634,82,result
2026-07-20,193,22:00 - 22:05,697,47,result
2026-07-20,194,22:05 - 22:10,069,08,result
2026-07-20,195,22:10 - 22:15,159,36,result
2026-07-20,196,22:15 - 22:20,767,92,result
2026-07-20,197,22:20 - 22:25,150,48,result
2026-07-20,198,22:25 - 22:30,354,89,result
2026-07-20,199,22:30 - 22:35,438,40,result
2026-07-20,200,22:35 - 22:40,024,14,result
2026-07-20,201,22:40 - 22:45,214,97,result
2026-07-20,202,22:45 - 22:50,313,66,result
2026-07-20,203,22:50 - 22:55,375,89,result
2026-07-20,204,22:55 - 23:00,623,17,result
2026-07-20,205,23:00 - 23:05,658,75,result
2026-07-20,206,23:05 - 23:10,531,51,result
2026-07-20,207,23:10 - 23:15,542,28,result
2026-07-20,208,23:15 - 23:20,741,87,result
2026-07-20,209,23:20 - 23:25,145,07,result
2026-07-20,210,23:25 - 23:30,464,16,result
2026-07-20,211,23:30 - 23:35,528,61,result
2026-07-20,212,23:35 - 23:40,334,10,result
2026-07-20,213,23:40 - 23:45,368,68,result
2026-07-20,214,23:45 - 23:50,910,48,result
2026-07-20,215,23:50 - 23:55,563,47,result
2026-07-20,216,23:55 - 00:00,743,06,result
2026-07-20,217,00:00 - 00:05,889,17,result
2026-07-20,218,00:05 - 00:10,743,81,result
2026-07-20,219,00:10 - 00:15,505,19,result
2026-07-20,220,00:15 - 00:20,759,24,result
2026-07-20,221,00:20 - 00:25,665,51,result
2026-07-20,222,00:25 - 00:30,343,28,result
2026-07-20,223,00:30 - 00:35,035,83,result
2026-07-20,224,00:35 - 00:40,806,98,result
2026-07-20,225,00:40 - 00:45,795,34,result
2026-07-20,226,00:45 - 00:50,140,34,result
2026-07-20,227,00:50 - 00:55,320,00,result
2026-07-20,228,00:55 - 01:00,979,73,result
2026-07-20,229,01:00 - 01:05,767,29,result
2026-07-20,230,01:05 - 01:10,235,83,result
2026-07-20,231,01:10 - 01:15,066,28,result
2026-07-20,232,01:15 - 01:20,429,55,result
2026-07-20,233,01:20 - 01:25,270,24,result
2026-07-20,234,01:25 - 01:30,299,88,result
2026-07-20,235,01:30 - 01:35,796,48,result
2026-07-20,236,01:35 - 01:40,094,42,result
2026-07-20,237,01:40 - 01:45,085,46,result
2026-07-20,238,01:45 - 01:50,399,23,result
2026-07-20,239,01:50 - 01:55,058,72,result
2026-07-20,240,01:55 - 02:00,239,62,result
2026-07-20,241,02:00 - 02:05,950,25,result
2026-07-20,242,02:05 - 02:10,364,63,result
2026-07-20,243,02:10 - 02:15,995,30,result
2026-07-20,244,02:15 - 02:20,466,13,result
2026-07-20,245,02:20 - 02:25,246,69,result
2026-07-20,246,02:25 - 02:30,477,97,result
2026-07-20,247,02:30 - 02:35,806,18,result
2026-07-20,248,02:35 - 02:40,814,83,result
2026-07-20,249,02:40 - 02:45,676,16,result
2026-07-20,250,02:45 - 02:50,890,44,result
2026-07-20,251,02:50 - 02:55,225,42,result
2026-07-20,252,02:55 - 03:00,656,88,result
2026-07-20,253,03:00 - 03:05,107,25,result
2026-07-20,254,03:05 - 03:10,568,84,result
2026-07-20,255,03:10 - 03:15,434,74,result
2026-07-20,256,03:15 - 03:20,764,65,result
2026-07-20,257,03:20 - 03:25,471,08,result
2026-07-20,258,03:25 - 03:30,024,83,result
2026-07-20,259,03:30 - 03:35,839,82,result
2026-07-20,260,03:35 - 03:40,141,17,result
2026-07-20,261,03:40 - 03:45,954,79,result
2026-07-20,262,03:45 - 03:50,048,16,result
2026-07-20,263,03:50 - 03:55,051,55,result
2026-07-20,264,03:55 - 04:00,314,01,result
2026-07-20,265,04:00 - 04:05,317,85,result
2026-07-20,266,04:05 - 04:10,185,12,result
2026-07-20,267,04:10 - 04:15,032,50,result
2026-07-20,268,04:15 - 04:20,534,97,result
2026-07-20,269,04:20 - 04:25,053,36,result
2026-07-20,270,04:25 - 04:30,664,74,result
2026-07-20,271,04:30 - 04:35,519,46,result
2026-07-20,272,04:35 - 04:40,640,81,result
2026-07-20,273,04:40 - 04:45,691,92,result
2026-07-20,274,04:45 - 04:50,526,34,result
2026-07-20,275,04:50 - 04:55,508,59,result
2026-07-20,276,04:55 - 05:00,228,63,result
2026-07-20,277,05:00 - 05:05,326,92,result
2026-07-20,278,05:05 - 05:10,757,28,result
2026-07-20,279,05:10 - 05:15,290,31,result
2026-07-20,280,05:15 - 05:20,473,37,result
2026-07-20,281,05:20 - 05:25,898,41,result
2026-07-20,282,05:25 - 05:30,972,90,result
2026-07-20,283,05:30 - 05:35,639,10,result
2026-07-20,284,05:35 - 05:40,727,30,result
2026-07-20,285,05:40 - 05:45,082,29,result
2026-07-20,286,05:45 - 05:50,387,88,result
2026-07-20,287,05:50 - 05:55,520,88,result
2026-07-20,288,05:55 - 06:00,378,43,result
2026-07-21,1,06:00 - 06:05,511,30,result
2026-07-21,2,06:05 - 06:10,738,43,result
2026-07-21,3,06:10 - 06:15,638,61,result
2026-07-21,4,06:15 - 06:20,900,80,result
2026-07-21,5,06:20 - 06:25,844,39,result
2026-07-21,6,06:25 - 06:30,687,07,result
2026-07-21,7,06:30 - 06:35,483,20,result
2026-07-21,8,06:35 - 06:40,155,20,result
2026-07-21,9,06:40 - 06:45,785,41,result
2026-07-21,10,06:45 - 06:50,299,32,result
2026-07-21,11,06:50 - 06:55,813,89,result
2026-07-21,12,06:55 - 07:00,974,51,result
2026-07-21,13,07:00 - 07:05,199,47,result
2026-07-21,14,07:05 - 07:10,080,57,result
2026-07-21,15,07:10 - 07:15,456,45,result
2026-07-21,16,07:15 - 07:20,126,70,result
2026-07-21,17,07:20 - 07:25,596,64,result
2026-07-21,18,07:25 - 07:30,473,76,result
2026-07-21,19,07:30 - 07:35,126,20,result
2026-07-21,20,07:35 - 07:40,754,01,result
2026-07-21,21,07:40 - 07:45,304,42,result
2026-07-21,22,07:45 - 07:50,171,10,result
2026-07-21,23,07:50 - 07:55,899,36,result
2026-07-21,24,07:55 - 08:00,722,07,result
2026-07-21,25,08:00 - 08:05,556,96,result
2026-07-21,26,08:05 - 08:10,132,78,result
2026-07-21,27,08:10 - 08:15,643,66,result
2026-07-21,28,08:15 - 08:20,240,60,result
2026-07-21,29,08:20 - 08:25,350,56,result
2026-07-21,30,08:25 - 08:30,488,99,result
2026-07-21,31,08:30 - 08:35,480,35,result
2026-07-21,32,08:35 - 08:40,769,49,result
2026-07-21,33,08:40 - 08:45,292,02,result
2026-07-21,34,08:45 - 08:50,591,37,result
2026-07-21,35,08:50 - 08:55,485,65,result
2026-07-21,36,08:55 - 09:00,049,21,result
2026-07-21,37,09:00 - 09:05,351,06,result
2026-07-21,38,09:05 - 09:10,875,81,result
2026-07-21,39,09:10 - 09:15,725,07,result
2026-07-21,40,09:15 - 09:20,143,07,result
2026-07-21,41,09:20 - 09:25,150,49,result
2026-07-21,42,09:25 - 09:30,289,70,result
2026-07-21,43,09:30 - 09:35,505,39,result
2026-07-21,44,09:35 - 09:40,821,56,result
2026-07-21,45,09:40 - 09:45,511,48,result
2026-07-21,46,09:45 - 09:50,067,69,result
2026-07-21,47,09:50 - 09:55,623,02,result
2026-07-21,48,09:55 - 10:00,691,20,result
2026-07-21,49,10:00 - 10:05,262,36,result
2026-07-21,50,10:05 - 10:10,446,06,result
2026-07-21,51,10:10 - 10:15,047,41,result
2026-07-21,52,10:15 - 10:20,149,17,result
2026-07-21,53,10:20 - 10:25,628,48,result
2026-07-21,54,10:25 - 10:30,138,49,result
2026-07-21,55,10:30 - 10:35,187,21,result
2026-07-21,56,10:35 - 10:40,394,47,result
2026-07-21,57,10:40 - 10:45,097,99,result
2026-07-21,58,10:45 - 10:50,212,47,result
2026-07-21,59,10:50 - 10:55,696,27,result
2026-07-21,60,10:55 - 11:00,095,15,result
2026-07-21,61,11:00 - 11:05,927,79,result
2026-07-21,62,11:05 - 11:10,151,30,result
2026-07-21,63,11:10 - 11:15,698,06,result
2026-07-21,64,11:15 - 11:20,850,05,result
2026-07-21,65,11:20 - 11:25,736,23,result
2026-07-21,66,11:25 - 11:30,344,03,result
2026-07-21,67,11:30 - 11:35,410,56,result
2026-07-21,68,11:35 - 11:40,832,07,result
2026-07-21,69,11:40 - 11:45,166,60,result
2026-07-21,70,11:45 - 11:50,650,18,result
2026-07-21,71,11:50 - 11:55,636,57,result
2026-07-21,72,11:55 - 12:00,486,75,result
2026-07-21,73,12:00 - 12:05,416,71,result
2026-07-21,74,12:05 - 12:10,246,25,result
2026-07-21,75,12:10 - 12:15,814,33,result
2026-07-21,76,12:15 - 12:20,723,09,result
2026-07-21,77,12:20 - 12:25,529,11,result
2026-07-21,78,12:25 - 12:30,998,23,result
2026-07-21,79,12:30 - 12:35,384,92,result
2026-07-21,80,12:35 - 12:40,452,31,result
2026-07-21,81,12:40 - 12:45,848,48,result
2026-07-21,82,12:45 - 12:50,332,83,result
2026-07-21,83,12:50 - 12:55,902,35,result
2026-07-21,84,12:55 - 13:00,119,07,result
2026-07-21,85,13:00 - 13:05,709,69,result
2026-07-21,86,13:05 - 13:10,951,80,result
2026-07-21,87,13:10 - 13:15,964,21,result
2026-07-21,88,13:15 - 13:20,667,86,result
2026-07-21,89,13:20 - 13:25,659,10,result
2026-07-21,90,13:25 - 13:30,687,09,result
2026-07-21,91,13:30 - 13:35,297,74,result
2026-07-21,92,13:35 - 13:40,920,48,result
2026-07-21,93,13:40 - 13:45,410,52,result
2026-07-21,94,13:45 - 13:50,341,04,result
2026-07-21,95,13:50 - 13:55,900,47,result
2026-07-21,96,13:55 - 14:00,235,06,result
2026-07-21,97,14:00 - 14:05,206,51,result
2026-07-21,98,14:05 - 14:10,300,73,result
2026-07-21,99,14:10 - 14:15,204,05,result
2026-07-21,100,14:15 - 14:20,701,21,result
2026-07-21,101,14:20 - 14:25,511,45,result
2026-07-21,102,14:25 - 14:30,336,65,result
2026-07-21,103,14:30 - 14:35,708,07,result
2026-07-21,104,14:35 - 14:40,060,29,result
2026-07-21,105,14:40 - 14:45,477,25,result
2026-07-21,106,14:45 - 14:50,927,91,result
2026-07-21,107,14:50 - 14:55,639,71,result
2026-07-21,108,14:55 - 15:00,590,89,result
2026-07-21,109,15:00 - 15:05,868,45,result
2026-07-21,110,15:05 - 15:10,297,00,result
2026-07-21,111,15:10 - 15:15,880,44,result
2026-07-21,112,15:15 - 15:20,895,55,result
2026-07-21,113,15:20 - 15:25,047,50,result
2026-07-21,114,15:25 - 15:30,876,91,result
2026-07-21,115,15:30 - 15:35,432,71,result
2026-07-21,116,15:35 - 15:40,056,99,result
2026-07-21,117,15:40 - 15:45,379,75,result
2026-07-21,118,15:45 - 15:50,688,69,result
2026-07-21,119,15:50 - 15:55,660,12,result
2026-07-21,120,15:55 - 16:00,160,38,result
2026-07-21,121,16:00 - 16:05,715,77,result
2026-07-21,122,16:05 - 16:10,867,19,result
2026-07-21,123,16:10 - 16:15,936,45,result
2026-07-21,124,16:15 - 16:20,749,70,result
2026-07-21,125,16:20 - 16:25,918,46,result
2026-07-21,126,16:25 - 16:30,885,37,result
2026-07-21,127,16:30 - 16:35,148,09,result
2026-07-21,128,16:35 - 16:40,128,27,result
2026-07-21,129,16:40 - 16:45,397,23,result
2026-07-21,130,16:45 - 16:50,201,88,result
2026-07-21,131,16:50 - 16:55,754,82,result
2026-07-21,132,16:55 - 17:00,734,47,result
2026-07-21,133,17:00 - 17:05,243,00,result
2026-07-21,134,17:05 - 17:10,989,89,result
2026-07-21,135,17:10 - 17:15,523,71,result
2026-07-21,136,17:15 - 17:20,266,43,result
2026-07-21,137,17:20 - 17:25,258,06,result
2026-07-21,138,17:25 - 17:30,926,97,result
2026-07-21,139,17:30 - 17:35,723,30,result
2026-07-21,140,17:35 - 17:40,650,71,result
2026-07-21,141,17:40 - 17:45,152,29,result
2026-07-21,142,17:45 - 17:50,603,02,result
2026-07-21,143,17:50 - 17:55,208,79,result
2026-07-21,144,17:55 - 18:00,829,39,result
2026-07-21,145,18:00 - 18:05,390,18,result
2026-07-21,146,18:05 - 18:10,556,39,result
2026-07-21,147,18:10 - 18:15,055,53,result
2026-07-21,148,18:15 - 18:20,330,48,result
2026-07-21,149,18:20 - 18:25,202,19,result
2026-07-21,150,18:25 - 18:30,701,54,result
2026-07-21,151,18:30 - 18:35,433,91,result
2026-07-21,152,18:35 - 18:40,445,34,result
2026-07-21,153,18:40 - 18:45,395,74,result
2026-07-21,154,18:45 - 18:50,445,34,result
2026-07-21,155,18:50 - 18:55,819,07,result
2026-07-21,156,18:55 - 19:00,364,42,result
2026-07-21,157,19:00 - 19:05,792,84,result
2026-07-21,158,19:05 - 19:10,377,85,result
2026-07-21,159,19:10 - 19:15,046,16,result
2026-07-21,160,19:15 - 19:20,156,30,result
2026-07-21,161,19:20 - 19:25,329,11,result
2026-07-21,162,19:25 - 19:30,364,51,result
2026-07-21,163,19:30 - 19:35,555,11,result
2026-07-21,164,19:35 - 19:40,943,03,result
2026-07-21,165,19:40 - 19:45,565,14,result
2026-07-21,166,19:45 - 19:50,214,38,result
2026-07-21,167,19:50 - 19:55,076,42,result
2026-07-21,168,19:55 - 20:00,147,42,result
2026-07-21,169,20:00 - 20:05,461,09,result
2026-07-21,170,20:05 - 20:10,619,78,result
2026-07-21,171,20:10 - 20:15,953,07,result
2026-07-21,172,20:15 - 20:20,451,42,result
2026-07-21,173,20:20 - 20:25,738,07,result
2026-07-21,174,20:25 - 20:30,303,71,result
2026-07-21,175,20:30 - 20:35,522,86,result
2026-07-21,176,20:35 - 20:40,126,52,result
2026-07-21,177,20:40 - 20:45,748,61,result
2026-07-21,178,20:45 - 20:50,031,40,result
2026-07-21,179,20:50 - 20:55,813,36,result
2026-07-21,180,20:55 - 21:00,202,94,result
2026-07-21,181,21:00 - 21:05,287,97,result
2026-07-21,182,21:05 - 21:10,713,23,result
2026-07-21,183,21:10 - 21:15,798,83,result
2026-07-21,184,21:15 - 21:20,920,97,result
2026-07-21,185,21:20 - 21:25,386,41,result
2026-07-21,186,21:25 - 21:30,148,58,result
2026-07-21,187,21:30 - 21:35,760,25,result
2026-07-21,188,21:35 - 21:40,746,73,result
2026-07-21,189,21:40 - 21:45,757,46,result
2026-07-21,190,21:45 - 21:50,506,96,result
2026-07-21,191,21:50 - 21:55,633,58,result
2026-07-21,192,21:55 - 22:00,436,01,result
2026-07-21,193,22:00 - 22:05,716,27,result
2026-07-21,194,22:05 - 22:10,448,83,result
2026-07-21,195,22:10 - 22:15,987,75,result
2026-07-21,196,22:15 - 22:20,970,29,result
2026-07-21,197,22:20 - 22:25,442,88,result
2026-07-21,198,22:25 - 22:30,599,37,result
2026-07-21,199,22:30 - 22:35,250,98,result
2026-07-21,200,22:35 - 22:40,780,62,result
2026-07-21,201,22:40 - 22:45,224,50,result
2026-07-21,202,22:45 - 22:50,913,07,result
2026-07-21,203,22:50 - 22:55,944,65,result
2026-07-21,204,22:55 - 23:00,689,03,result
2026-07-21,205,23:00 - 23:05,566,97,result
2026-07-21,206,23:05 - 23:10,445,30,result
2026-07-21,207,23:10 - 23:15,302,39,result
2026-07-21,208,23:15 - 23:20,293,28,result
2026-07-21,209,23:20 - 23:25,602,75,result
2026-07-21,210,23:25 - 23:30,774,28,result
2026-07-21,211,23:30 - 23:35,128,42,result
2026-07-21,212,23:35 - 23:40,069,90,result
2026-07-21,213,23:40 - 23:45,956,19,result
2026-07-21,214,23:45 - 23:50,384,25,result
2026-07-21,215,23:50 - 23:55,653,36,result
2026-07-21,216,23:55 - 00:00,270,46,result
2026-07-21,217,00:00 - 00:05,966,38,result
2026-07-21,218,00:05 - 00:10,893,03,result
2026-07-21,219,00:10 - 00:15,743,90,result
2026-07-21,220,00:15 - 00:20,178,16,result
2026-07-21,221,00:20 - 00:25,400,91,result
2026-07-21,222,00:25 - 00:30,989,81,result
2026-07-21,223,00:30 - 00:35,656,91,result
2026-07-21,224,00:35 - 00:40,261,75,result
2026-07-21,225,00:40 - 00:45,289,10,result
2026-07-21,226,00:45 - 00:50,021,57,result
2026-07-21,227,00:50 - 00:55,338,64,result
2026-07-21,228,00:55 - 01:00,913,49,result
2026-07-21,229,01:00 - 01:05,289,11,result
2026-07-21,230,01:05 - 01:10,009,57,result
2026-07-21,231,01:10 - 01:15,936,04,result
2026-07-21,232,01:15 - 01:20,021,09,result
2026-07-21,233,01:20 - 01:25,871,89,result
2026-07-21,234,01:25 - 01:30,012,83,result
2026-07-21,235,01:30 - 01:35,543,99,result
2026-07-21,236,01:35 - 01:40,691,11,result
2026-07-21,237,01:40 - 01:45,044,66,result
2026-07-21,238,01:45 - 01:50,516,68,result
2026-07-21,239,01:50 - 01:55,689,38,result
2026-07-21,240,01:55 - 02:00,580,02,result
2026-07-21,241,02:00 - 02:05,985,86,result
2026-07-21,242,02:05 - 02:10,149,86,result
2026-07-21,243,02:10 - 02:15,403,55,result
2026-07-21,244,02:15 - 02:20,178,61,result
2026-07-21,245,02:20 - 02:25,334,25,result
2026-07-21,246,02:25 - 02:30,794,20,result
2026-07-21,247,02:30 - 02:35,425,13,result
2026-07-21,248,02:35 - 02:40,540,23,result
2026-07-21,249,02:40 - 02:45,762,03,result
2026-07-21,250,02:45 - 02:50,204,68,result
2026-07-21,251,02:50 - 02:55,037,09,result
2026-07-21,252,02:55 - 03:00,885,78,result
2026-07-21,253,03:00 - 03:05,051,68,result
2026-07-21,254,03:05 - 03:10,885,66,result
2026-07-21,255,03:10 - 03:15,766,56,result
2026-07-21,256,03:15 - 03:20,763,56,result
2026-07-21,257,03:20 - 03:25,662,05,result
2026-07-21,258,03:25 - 03:30,534,57,result
2026-07-21,259,03:30 - 03:35,411,80,result
2026-07-21,261,03:40 - 03:45,226,16,result
2026-07-21,262,03:45 - 03:50,851,26,result
2026-07-21,263,03:50 - 03:55,050,54,result
2026-07-21,264,03:55 - 04:00,671,11,result
2026-07-21,265,04:00 - 04:05,264,30,result
2026-07-21,266,04:05 - 04:10,682,03,result
2026-07-21,267,04:10 - 04:15,897,42,result
2026-07-21,268,04:15 - 04:20,693,25,result
2026-07-21,269,04:20 - 04:25,338,63,result
2026-07-21,270,04:25 - 04:30,252,80,result
2026-07-21,271,04:30 - 04:35,433,09,result
2026-07-21,272,04:35 - 04:40,383,29,result
2026-07-21,273,04:40 - 04:45,786,57,result
2026-07-21,274,04:45 - 04:50,209,20,result
2026-07-21,275,04:50 - 04:55,640,78,result
2026-07-21,276,04:55 - 05:00,094,31,result
2026-07-21,277,05:00 - 05:05,442,99,result
2026-07-21,278,05:05 - 05:10,022,69,result
2026-07-21,279,05:10 - 05:15,767,96,result
2026-07-21,280,05:15 - 05:20,787,24,result
2026-07-21,281,05:20 - 05:25,501,66,result
2026-07-21,282,05:25 - 05:30,642,14,result
2026-07-21,283,05:30 - 05:35,915,48,result
2026-07-21,284,05:35 - 05:40,614,28,result
2026-07-21,285,05:40 - 05:45,146,22,result
2026-07-21,286,05:45 - 05:50,329,20,result
2026-07-21,287,05:50 - 05:55,660,80,result
2026-07-21,288,05:55 - 06:00,231,57,result
2026-07-22,1,06:00 - 06:05,812,72,result
2026-07-22,2,06:05 - 06:10,540,24,result
2026-07-22,3,06:10 - 06:15,157,40,result
2026-07-22,4,06:15 - 06:20,682,07,result
2026-07-22,5,06:20 - 06:25,113,21,result
2026-07-22,6,06:25 - 06:30,583,74,result
2026-07-22,7,06:30 - 06:35,823,08,result
2026-07-22,8,06:35 - 06:40,656,87,result
2026-07-22,9,06:40 - 06:45,228,97,result
2026-07-22,10,06:45 - 06:50,072,63,result
2026-07-22,11,06:50 - 06:55,444,81,result
2026-07-22,12,06:55 - 07:00,197,81,result
2026-07-22,13,07:00 - 07:05,339,56,result
2026-07-22,14,07:05 - 07:10,210,65,result
2026-07-22,15,07:10 - 07:15,388,16,result
2026-07-22,16,07:15 - 07:20,368,62,result
2026-07-22,17,07:20 - 07:25,989,18,result
2026-07-22,18,07:25 - 07:30,869,37,result
2026-07-22,19,07:30 - 07:35,669,23,result
2026-07-22,20,07:35 - 07:40,192,40,result
2026-07-22,21,07:40 - 07:45,407,23,result
2026-07-22,22,07:45 - 07:50,106,70,result
2026-07-22,23,07:50 - 07:55,834,78,result
2026-07-22,24,07:55 - 08:00,926,87,result
2026-07-22,25,08:00 - 08:05,525,22,result
2026-07-22,26,08:05 - 08:10,110,62,result
2026-07-22,27,08:10 - 08:15,208,45,result
2026-07-22,28,08:15 - 08:20,310,19,result
2026-07-22,29,08:20 - 08:25,299,98,result
2026-07-22,30,08:25 - 08:30,231,50,result
2026-07-22,31,08:30 - 08:35,504,02,result
2026-07-22,32,08:35 - 08:40,504,30,result
2026-07-22,33,08:40 - 08:45,571,13,result
2026-07-22,34,08:45 - 08:50,733,53,result
2026-07-22,35,08:50 - 08:55,506,09,result
2026-07-22,36,08:55 - 09:00,108,88,result
2026-07-22,37,09:00 - 09:05,025,00,result
2026-07-22,38,09:05 - 09:10,239,66,result
2026-07-22,39,09:10 - 09:15,335,45,result
2026-07-22,40,09:15 - 09:20,837,14,result
2026-07-22,41,09:20 - 09:25,417,40,result
2026-07-22,42,09:25 - 09:30,369,79,result
2026-07-22,43,09:30 - 09:35,999,55,result
2026-07-22,44,09:35 - 09:40,865,33,result
2026-07-22,45,09:40 - 09:45,822,70,result
2026-07-22,46,09:45 - 09:50,934,61,result
2026-07-22,47,09:50 - 09:55,672,39,result
2026-07-22,48,09:55 - 10:00,126,57,result
2026-07-22,49,10:00 - 10:05,117,37,result
2026-07-22,50,10:05 - 10:10,382,24,result
2026-07-22,51,10:10 - 10:15,438,99,result
2026-07-22,52,10:15 - 10:20,603,08,result
2026-07-22,53,10:20 - 10:25,271,09,result
2026-07-22,54,10:25 - 10:30,820,36,result
2026-07-22,55,10:30 - 10:35,288,74,result
2026-07-22,56,10:35 - 10:40,353,75,result
2026-07-22,57,10:40 - 10:45,086,42,result
2026-07-22,58,10:45 - 10:50,671,11,result
2026-07-22,59,10:50 - 10:55,404,48,result
2026-07-22,60,10:55 - 11:00,416,99,result
2026-07-22,61,11:00 - 11:05,015,80,result
2026-07-22,62,11:05 - 11:10,176,69,result
2026-07-22,63,11:10 - 11:15,394,18,result
2026-07-22,64,11:15 - 11:20,333,81,result
2026-07-22,65,11:20 - 11:25,292,05,result
2026-07-22,66,11:25 - 11:30,439,97,result
2026-07-22,67,11:30 - 11:35,032,17,result
2026-07-22,68,11:35 - 11:40,641,62,result
2026-07-22,69,11:40 - 11:45,501,01,result
2026-07-22,70,11:45 - 11:50,541,38,result
2026-07-22,71,11:50 - 11:55,223,45,result
2026-07-22,72,11:55 - 12:00,854,93,result
2026-07-22,73,12:00 - 12:05,766,30,result
2026-07-22,74,12:05 - 12:10,806,02,result
2026-07-22,75,12:10 - 12:15,323,61,result
2026-07-22,76,12:15 - 12:20,345,18,result
2026-07-22,77,12:20 - 12:25,294,15,result
2026-07-22,78,12:25 - 12:30,164,03,result
2026-07-22,79,12:30 - 12:35,361,80,result
2026-07-22,80,12:35 - 12:40,075,21,result
2026-07-22,81,12:40 - 12:45,400,43,result
2026-07-22,82,12:45 - 12:50,444,00,result
2026-07-22,83,12:50 - 12:55,753,12,result
2026-07-22,84,12:55 - 13:00,124,70,result
2026-07-22,85,13:00 - 13:05,115,05,result
2026-07-22,86,13:05 - 13:10,485,07,result
2026-07-22,87,13:10 - 13:15,380,58,result
2026-07-22,88,13:15 - 13:20,730,16,result
2026-07-22,89,13:20 - 13:25,902,94,result
2026-07-22,90,13:25 - 13:30,611,86,result
2026-07-22,91,13:30 - 13:35,550,63,result
2026-07-22,92,13:35 - 13:40,147,71,result
2026-07-22,93,13:40 - 13:45,346,92,result
2026-07-22,94,13:45 - 13:50,010,19,result
2026-07-22,95,13:50 - 13:55,688,92,result
2026-07-22,96,13:55 - 14:00,558,82,result
2026-07-22,97,14:00 - 14:05,379,48,result
2026-07-22,98,14:05 - 14:10,205,21,result
2026-07-22,99,14:10 - 14:15,325,05,result
2026-07-22,100,14:15 - 14:20,684,80,result
2026-07-22,101,14:20 - 14:25,666,00,result
2026-07-22,102,14:25 - 14:30,537,59,result
2026-07-22,103,14:30 - 14:35,256,83,result
2026-07-22,104,14:35 - 14:40,455,45,result
2026-07-22,105,14:40 - 14:45,249,04,result
2026-07-22,106,14:45 - 14:50,841,05,result
2026-07-22,107,14:50 - 14:55,899,07,result
2026-07-22,108,14:55 - 15:00,716,36,result
2026-07-22,109,15:00 - 15:05,984,93,result
2026-07-22,110,15:05 - 15:10,251,07,result
2026-07-22,111,15:10 - 15:15,246,20,result
2026-07-22,112,15:15 - 15:20,644,14,result
2026-07-22,113,15:20 - 15:25,395,33,result
2026-07-22,114,15:25 - 15:30,998,18,result
2026-07-22,115,15:30 - 15:35,080,20,result
2026-07-22,116,15:35 - 15:40,532,47,result
2026-07-22,117,15:40 - 15:45,641,79,result
2026-07-22,118,15:45 - 15:50,961,81,result
2026-07-22,119,15:50 - 15:55,621,62,result
2026-07-22,120,15:55 - 16:00,797,29,result
2026-07-22,121,16:00 - 16:05,849,93,result
2026-07-22,122,16:05 - 16:10,131,65,result
2026-07-22,123,16:10 - 16:15,075,44,result
2026-07-22,124,16:15 - 16:20,563,48,result
2026-07-22,125,16:20 - 16:25,070,02,result
2026-07-22,126,16:25 - 16:30,527,50,result
2026-07-22,127,16:30 - 16:35,357,02,result
2026-07-22,128,16:35 - 16:40,449,46,result
2026-07-22,129,16:40 - 16:45,751,76,result
2026-07-22,130,16:45 - 16:50,869,16,result
2026-07-22,131,16:50 - 16:55,302,04,result
2026-07-22,132,16:55 - 17:00,174,01,result
2026-07-22,133,17:00 - 17:05,344,19,result
2026-07-22,134,17:05 - 17:10,578,43,result
2026-07-22,135,17:10 - 17:15,407,84,result
2026-07-22,136,17:15 - 17:20,834,39,result
2026-07-22,137,17:20 - 17:25,931,15,result
2026-07-22,138,17:25 - 17:30,088,43,result
2026-07-22,139,17:30 - 17:35,763,99,result
2026-07-22,140,17:35 - 17:40,216,99,result
2026-07-22,141,17:40 - 17:45,411,95,result
2026-07-22,142,17:45 - 17:50,034,81,result
2026-07-22,143,17:50 - 17:55,204,12,result
2026-07-22,144,17:55 - 18:00,686,90,result
2026-07-22,145,18:00 - 18:05,807,26,result
2026-07-22,146,18:05 - 18:10,329,56,result
2026-07-22,147,18:10 - 18:15,686,41,result
2026-07-22,148,18:15 - 18:20,648,33,result
2026-07-22,149,18:20 - 18:25,863,41,result
2026-07-22,150,18:25 - 18:30,905,43,result
2026-07-22,151,18:30 - 18:35,858,95,result
2026-07-22,152,18:35 - 18:40,382,10,result
2026-07-22,153,18:40 - 18:45,443,97,result
2026-07-22,154,18:45 - 18:50,918,96,result
2026-07-22,155,18:50 - 18:55,722,78,result
2026-07-22,156,18:55 - 19:00,880,42,result
2026-07-22,157,19:00 - 19:05,223,31,result
2026-07-22,158,19:05 - 19:10,596,96,result
2026-07-22,159,19:10 - 19:15,905,67,result
2026-07-22,160,19:15 - 19:20,239,07,result
2026-07-22,161,19:20 - 19:25,934,52,result
2026-07-22,162,19:25 - 19:30,791,36,result
2026-07-22,163,19:30 - 19:35,825,07,result
2026-07-22,164,19:35 - 19:40,513,29,result
2026-07-22,165,19:40 - 19:45,153,30,result
2026-07-22,166,19:45 - 19:50,045,24,result
2026-07-22,167,19:50 - 19:55,829,92,result
2026-07-22,168,19:55 - 20:00,784,88,result
2026-07-22,169,20:00 - 20:05,836,95,result
2026-07-22,170,20:05 - 20:10,222,87,result
2026-07-22,171,20:10 - 20:15,340,23,result
2026-07-22,172,20:15 - 20:20,663,01,result
2026-07-22,173,20:20 - 20:25,441,69,result
2026-07-22,174,20:25 - 20:30,873,26,result
2026-07-22,175,20:30 - 20:35,853,42,result
2026-07-22,176,20:35 - 20:40,823,28,result
2026-07-22,177,20:40 - 20:45,767,73,result
2026-07-22,178,20:45 - 20:50,125,44,result
2026-07-22,179,20:50 - 20:55,509,76,result
2026-07-22,180,20:55 - 21:00,400,75,result
2026-07-22,181,21:00 - 21:05,992,40,result
2026-07-22,182,21:05 - 21:10,658,19,result
2026-07-22,183,21:10 - 21:15,773,01,result
2026-07-22,184,21:15 - 21:20,023,76,result
2026-07-22,185,21:20 - 21:25,592,11,result
2026-07-22,186,21:25 - 21:30,113,64,result
2026-07-22,187,21:30 - 21:35,656,97,result
2026-07-22,188,21:35 - 21:40,445,01,result
2026-07-22,189,21:40 - 21:45,348,84,result
2026-07-22,190,21:45 - 21:50,738,37,result
2026-07-22,191,21:50 - 21:55,593,36,result
2026-07-22,192,21:55 - 22:00,367,05,result
2026-07-22,193,22:00 - 22:05,880,21,result
2026-07-22,194,22:05 - 22:10,304,09,result
2026-07-22,195,22:10 - 22:15,606,59,result
2026-07-22,196,22:15 - 22:20,072,53,result
2026-07-22,197,22:20 - 22:25,539,08,result
2026-07-22,198,22:25 - 22:30,941,36,result
2026-07-22,199,22:30 - 22:35,347,57,result
2026-07-22,200,22:35 - 22:40,128,91,result
2026-07-22,201,22:40 - 22:45,342,34,result
2026-07-22,202,22:45 - 22:50,867,07,result
2026-07-22,203,22:50 - 22:55,061,09,result
2026-07-22,204,22:55 - 23:00,459,99,result
2026-07-22,205,23:00 - 23:05,431,33,result
2026-07-22,206,23:05 - 23:10,680,03,result
2026-07-22,207,23:10 - 23:15,708,41,result
2026-07-22,208,23:15 - 23:20,062,10,result
2026-07-22,209,23:20 - 23:25,404,50,result
2026-07-22,210,23:25 - 23:30,919,56,result
2026-07-22,211,23:30 - 23:35,005,38,result
2026-07-22,212,23:35 - 23:40,808,88,result
2026-07-22,213,23:40 - 23:45,276,98,result
2026-07-22,214,23:45 - 23:50,362,53,result
2026-07-22,215,23:50 - 23:55,678,47,result
2026-07-22,216,23:55 - 00:00,631,62,result
2026-07-22,217,00:00 - 00:05,799,57,result
2026-07-22,218,00:05 - 00:10,036,06,result
2026-07-22,219,00:10 - 00:15,039,32,result
2026-07-22,220,00:15 - 00:20,080,07,result
2026-07-22,221,00:20 - 00:25,230,04,result
2026-07-22,222,00:25 - 00:30,931,84,result
2026-07-22,223,00:30 - 00:35,395,69,result
2026-07-22,224,00:35 - 00:40,923,42,result
2026-07-22,225,00:40 - 00:45,309,73,result
2026-07-22,226,00:45 - 00:50,314,07,result
2026-07-22,227,00:50 - 00:55,315,34,result
2026-07-22,228,00:55 - 01:00,645,04,result
2026-07-22,229,01:00 - 01:05,963,19,result
2026-07-22,230,01:05 - 01:10,008,78,result
2026-07-22,231,01:10 - 01:15,753,29,result
2026-07-22,232,01:15 - 01:20,152,69,result
2026-07-22,233,01:20 - 01:25,504,06,result
2026-07-22,234,01:25 - 01:30,839,97,result
2026-07-22,235,01:30 - 01:35,925,48,result
2026-07-22,236,01:35 - 01:40,415,57,result
2026-07-22,237,01:40 - 01:45,236,92,result
2026-07-22,238,01:45 - 01:50,131,41,result
2026-07-22,239,01:50 - 01:55,688,65,result
2026-07-22,240,01:55 - 02:00,887,13,result
2026-07-22,241,02:00 - 02:05,185,87,result
2026-07-22,242,02:05 - 02:10,475,58,result
2026-07-22,243,02:10 - 02:15,034,15,result
2026-07-22,244,02:15 - 02:20,117,21,result
2026-07-22,245,02:20 - 02:25,213,71,result
2026-07-22,246,02:25 - 02:30,938,57,result
2026-07-22,247,02:30 - 02:35,766,86,result
2026-07-22,248,02:35 - 02:40,373,07,result
2026-07-22,249,02:40 - 02:45,522,35,result
2026-07-22,250,02:45 - 02:50,341,74,result
2026-07-22,251,02:50 - 02:55,094,48,result
2026-07-22,252,02:55 - 03:00,306,77,result
2026-07-22,253,03:00 - 03:05,987,89,result
2026-07-22,254,03:05 - 03:10,725,19,result
2026-07-22,255,03:10 - 03:15,763,36,result
2026-07-22,256,03:15 - 03:20,998,96,result
2026-07-22,257,03:20 - 03:25,229,88,result
2026-07-22,258,03:25 - 03:30,551,70,result
2026-07-22,259,03:30 - 03:35,215,72,result
2026-07-22,260,03:35 - 03:40,119,50,result
2026-07-22,261,03:40 - 03:45,734,80,result
2026-07-22,262,03:45 - 03:50,883,89,result
2026-07-22,263,03:50 - 03:55,550,63,result
2026-07-22,264,03:55 - 04:00,206,68,result
2026-07-22,265,04:00 - 04:05,401,90,result
2026-07-22,266,04:05 - 04:10,142,94,result
2026-07-22,267,04:10 - 04:15,767,20,result
2026-07-22,268,04:15 - 04:20,378,30,result
2026-07-22,269,04:20 - 04:25,766,98,result
2026-07-22,270,04:25 - 04:30,406,56,result
2026-07-22,271,04:30 - 04:35,543,71,result
2026-07-22,272,04:35 - 04:40,237,54,result
2026-07-22,273,04:40 - 04:45,783,47,result
2026-07-22,274,04:45 - 04:50,970,60,result
2026-07-22,275,04:50 - 04:55,416,38,result
2026-07-22,276,04:55 - 05:00,631,28,result
2026-07-22,277,05:00 - 05:05,177,80,result
2026-07-22,278,05:05 - 05:10,126,91,result
2026-07-22,279,05:10 - 05:15,516,80,result
2026-07-22,280,05:15 - 05:20,897,53,result
2026-07-22,281,05:20 - 05:25,873,50,result
2026-07-22,282,05:25 - 05:30,057,70,result
2026-07-22,283,05:30 - 05:35,688,68,result
2026-07-22,284,05:35 - 05:40,680,19,result
2026-07-22,285,05:40 - 05:45,615,65,result
2026-07-22,286,05:45 - 05:50,799,25,result
2026-07-22,287,05:50 - 05:55,533,51,result
2026-07-22,288,05:55 - 06:00,268,97,result
2026-07-23,1,06:00 - 06:05,881,27,result
2026-07-23,2,06:05 - 06:10,257,00,result
2026-07-23,3,06:10 - 06:15,832,03,result
2026-07-23,5,06:20 - 06:25,187,65,result
2026-07-23,6,06:25 - 06:30,748,29,result
2026-07-23,7,06:30 - 06:35,815,07,result
2026-07-23,8,06:35 - 06:40,485,43,result
2026-07-23,9,06:40 - 06:45,762,96,result
2026-07-23,10,06:45 - 06:50,426,52,result
2026-07-23,11,06:50 - 06:55,472,77,result
2026-07-23,12,06:55 - 07:00,870,08,result
2026-07-23,13,07:00 - 07:05,252,24,result
2026-07-23,14,07:05 - 07:10,334,59,result
2026-07-23,15,07:10 - 07:15,655,12,result
2026-07-23,16,07:15 - 07:20,881,35,result
2026-07-23,17,07:20 - 07:25,512,15,result
2026-07-23,18,07:25 - 07:30,553,46,result
2026-07-23,19,07:30 - 07:35,068,62,result
2026-07-23,20,07:35 - 07:40,988,05,result
2026-07-23,21,07:40 - 07:45,125,83,result
2026-07-23,22,07:45 - 07:50,802,43,result
2026-07-23,23,07:50 - 07:55,535,19,result
2026-07-23,24,07:55 - 08:00,767,15,result
2026-07-23,25,08:00 - 08:05,876,80,result
2026-07-23,26,08:05 - 08:10,090,35,result
2026-07-23,27,08:10 - 08:15,330,89,result
2026-07-23,28,08:15 - 08:20,106,51,result
2026-07-23,29,08:20 - 08:25,237,81,result
2026-07-23,30,08:25 - 08:30,382,30,result
2026-07-23,31,08:30 - 08:35,827,54,result
2026-07-23,32,08:35 - 08:40,733,29,result
2026-07-23,33,08:40 - 08:45,864,35,result
2026-07-23,34,08:45 - 08:50,293,74,result
2026-07-23,35,08:50 - 08:55,812,66,result
2026-07-23,36,08:55 - 09:00,362,60,result
2026-07-23,37,09:00 - 09:05,772,92,result
2026-07-23,38,09:05 - 09:10,267,83,result
2026-07-23,39,09:10 - 09:15,090,35,result
2026-07-23,40,09:15 - 09:20,698,80,result
2026-07-23,41,09:20 - 09:25,163,76,result
2026-07-23,42,09:25 - 09:30,907,92,result
2026-07-23,43,09:30 - 09:35,756,53,result
2026-07-23,44,09:35 - 09:40,783,41,result
2026-07-23,45,09:40 - 09:45,273,16,result
2026-07-23,46,09:45 - 09:50,228,42,result
2026-07-23,47,09:50 - 09:55,704,70,result
2026-07-23,48,09:55 - 10:00,466,22,result
2026-07-23,49,10:00 - 10:05,451,01,result
2026-07-23,50,10:05 - 10:10,487,89,result
2026-07-23,51,10:10 - 10:15,681,75,result
2026-07-23,52,10:15 - 10:20,428,41,result
2026-07-23,53,10:20 - 10:25,169,36,result
2026-07-23,54,10:25 - 10:30,993,17,result
2026-07-23,55,10:30 - 10:35,434,10,result
2026-07-23,56,10:35 - 10:40,941,76,result
2026-07-23,57,10:40 - 10:45,619,43,result
2026-07-23,58,10:45 - 10:50,740,95,result
2026-07-23,59,10:50 - 10:55,761,05,result
2026-07-23,60,10:55 - 11:00,970,03,result
2026-07-23,61,11:00 - 11:05,408,87,result
2026-07-23,62,11:05 - 11:10,876,99,result
2026-07-23,63,11:10 - 11:15,152,39,result
2026-07-23,64,11:15 - 11:20,241,89,result
2026-07-23,65,11:20 - 11:25,883,56,result
2026-07-23,66,11:25 - 11:30,781,78,result
2026-07-23,67,11:30 - 11:35,844,67,result
2026-07-23,68,11:35 - 11:40,151,41,result
2026-07-23,69,11:40 - 11:45,865,00,result
2026-07-23,70,11:45 - 11:50,382,84,result
2026-07-23,71,11:50 - 11:55,081,90,result
2026-07-23,72,11:55 - 12:00,322,72,result
2026-07-23,73,12:00 - 12:05,049,36,result
2026-07-23,74,12:05 - 12:10,686,45,result
2026-07-23,75,12:10 - 12:15,865,35,result
2026-07-23,76,12:15 - 12:20,778,28,result
2026-07-23,77,12:20 - 12:25,896,96,result
2026-07-23,78,12:25 - 12:30,135,37,result
2026-07-23,79,12:30 - 12:35,684,58,result
2026-07-23,80,12:35 - 12:40,342,26,result
2026-07-23,81,12:40 - 12:45,518,59,result
2026-07-23,82,12:45 - 12:50,387,17,result
2026-07-23,83,12:50 - 12:55,490,32,result
2026-07-23,84,12:55 - 13:00,484,26,result
2026-07-23,85,13:00 - 13:05,583,88,result
2026-07-23,86,13:05 - 13:10,766,83,result
2026-07-23,87,13:10 - 13:15,377,06,result
2026-07-23,88,13:15 - 13:20,488,30,result
2026-07-23,89,13:20 - 13:25,144,33,result
2026-07-23,90,13:25 - 13:30,692,10,result
2026-07-23,91,13:30 - 13:35,400,21,result
2026-07-23,92,13:35 - 13:40,234,22,result
2026-07-23,93,13:40 - 13:45,623,56,result
2026-07-23,94,13:45 - 13:50,314,05,result
2026-07-23,95,13:50 - 13:55,153,47,result
2026-07-23,96,13:55 - 14:00,090,72,result
2026-07-23,97,14:00 - 14:05,691,83,result
2026-07-23,98,14:05 - 14:10,079,80,result
2026-07-23,99,14:10 - 14:15,204,70,result
2026-07-23,100,14:15 - 14:20,810,28,result
2026-07-23,101,14:20 - 14:25,336,95,result
2026-07-23,102,14:25 - 14:30,429,68,result
2026-07-23,103,14:30 - 14:35,139,19,result
2026-07-23,104,14:35 - 14:40,405,80,result
2026-07-23,105,14:40 - 14:45,968,20,result
2026-07-23,106,14:45 - 14:50,423,32,result
2026-07-23,107,14:50 - 14:55,065,12,result
2026-07-23,108,14:55 - 15:00,318,08,result
2026-07-23,109,15:00 - 15:05,583,56,result
2026-07-23,110,15:05 - 15:10,473,54,result
2026-07-23,111,15:10 - 15:15,086,46,result
2026-07-23,112,15:15 - 15:20,710,93,result
2026-07-23,113,15:20 - 15:25,173,48,result
2026-07-23,114,15:25 - 15:30,084,50,result
2026-07-23,115,15:30 - 15:35,948,20,result
2026-07-23,116,15:35 - 15:40,913,05,result
2026-07-23,117,15:40 - 15:45,798,90,result
2026-07-23,118,15:45 - 15:50,662,08,result
2026-07-23,119,15:50 - 15:55,556,19,result
2026-07-23,120,15:55 - 16:00,082,96,result
2026-07-23,121,16:00 - 16:05,173,14,result
2026-07-23,122,16:05 - 16:10,952,11,result
2026-07-23,123,16:10 - 16:15,497,55,result
2026-07-23,124,16:15 - 16:20,554,37,result
2026-07-23,125,16:20 - 16:25,780,49,result
2026-07-23,126,16:25 - 16:30,500,43,result
2026-07-23,127,16:30 - 16:35,474,01,result
2026-07-23,128,16:35 - 16:40,350,35,result
2026-07-23,129,16:40 - 16:45,031,60,result
2026-07-23,130,16:45 - 16:50,168,65,result
2026-07-23,131,16:50 - 16:55,263,97,result
2026-07-23,132,16:55 - 17:00,986,05,result
2026-07-23,133,17:00 - 17:05,549,86,result
2026-07-23,134,17:05 - 17:10,871,05,result
2026-07-23,135,17:10 - 17:15,662,90,result
2026-07-23,136,17:15 - 17:20,426,39,result
2026-07-23,137,17:20 - 17:25,157,51,result
2026-07-23,138,17:25 - 17:30,720,87,result
2026-07-23,139,17:30 - 17:35,736,21,result
2026-07-23,140,17:35 - 17:40,221,92,result
2026-07-23,141,17:40 - 17:45,107,40,result
2026-07-23,142,17:45 - 17:50,188,41,result
2026-07-23,143,17:50 - 17:55,406,93,result
2026-07-23,144,17:55 - 18:00,713,22,result
2026-07-23,145,18:00 - 18:05,599,13,result
2026-07-23,146,18:05 - 18:10,667,39,result
2026-07-23,147,18:10 - 18:15,106,60,result
2026-07-23,148,18:15 - 18:20,576,73,result
2026-07-23,149,18:20 - 18:25,294,87,result
2026-07-23,150,18:25 - 18:30,001,95,result
2026-07-23,151,18:30 - 18:35,289,54,result
2026-07-23,152,18:35 - 18:40,034,37,result
2026-07-23,153,18:40 - 18:45,311,37,result
2026-07-23,154,18:45 - 18:50,728,82,result
2026-07-23,155,18:50 - 18:55,817,95,result
2026-07-23,156,18:55 - 19:00,914,58,result
2026-07-23,157,19:00 - 19:05,676,14,result
2026-07-23,158,19:05 - 19:10,918,40,result
2026-07-23,159,19:10 - 19:15,015,21,result
2026-07-23,160,19:15 - 19:20,683,32,result
2026-07-23,161,19:20 - 19:25,111,35,result
2026-07-23,162,19:25 - 19:30,557,67,result
2026-07-23,163,19:30 - 19:35,143,59,result
2026-07-23,164,19:35 - 19:40,186,86,result
2026-07-23,165,19:40 - 19:45,663,01,result
2026-07-23,166,19:45 - 19:50,638,17,result
2026-07-23,167,19:50 - 19:55,302,65,result
2026-07-23,168,19:55 - 20:00,606,68,result
2026-07-23,169,20:00 - 20:05,128,33,result
2026-07-23,170,20:05 - 20:10,662,15,result
2026-07-23,171,20:10 - 20:15,754,41,result
2026-07-23,172,20:15 - 20:20,504,76,result
2026-07-23,173,20:20 - 20:25,126,30,result
2026-07-23,174,20:25 - 20:30,902,09,result
2026-07-23,175,20:30 - 20:35,566,99,result
2026-07-23,176,20:35 - 20:40,561,00,result
2026-07-23,177,20:40 - 20:45,391,83,result
2026-07-23,178,20:45 - 20:50,508,87,result
2026-07-23,179,20:50 - 20:55,933,42,result
2026-07-23,180,20:55 - 21:00,142,02,result
2026-07-23,181,21:00 - 21:05,454,70,result
2026-07-23,182,21:05 - 21:10,046,04,result
2026-07-23,183,21:10 - 21:15,491,85,result
2026-07-23,184,21:15 - 21:20,895,76,result
2026-07-23,185,21:20 - 21:25,012,54,result
2026-07-23,186,21:25 - 21:30,733,02,result
2026-07-23,187,21:30 - 21:35,778,75,result
2026-07-23,188,21:35 - 21:40,859,50,result
2026-07-23,189,21:40 - 21:45,095,67,result
2026-07-23,190,21:45 - 21:50,255,26,result
2026-07-23,191,21:50 - 21:55,119,61,result
2026-07-23,192,21:55 - 22:00,619,70,result
2026-07-23,193,22:00 - 22:05,654,94,result
2026-07-23,194,22:05 - 22:10,972,61,result
2026-07-23,195,22:10 - 22:15,038,54,result
2026-07-23,196,22:15 - 22:20,067,99,result
2026-07-23,197,22:20 - 22:25,054,95,result
2026-07-23,198,22:25 - 22:30,237,42,result
2026-07-23,199,22:30 - 22:35,511,79,result
2026-07-23,200,22:35 - 22:40,970,50,result
2026-07-23,201,22:40 - 22:45,602,60,result
2026-07-23,202,22:45 - 22:50,540,61,result
2026-07-23,203,22:50 - 22:55,558,79,result
2026-07-23,204,22:55 - 23:00,358,93,result
2026-07-23,205,23:00 - 23:05,990,26,result
2026-07-23,206,23:05 - 23:10,456,51,result
2026-07-23,207,23:10 - 23:15,016,99,result
2026-07-23,208,23:15 - 23:20,018,57,result
2026-07-23,209,23:20 - 23:25,503,89,result
2026-07-23,210,23:25 - 23:30,750,73,result
2026-07-23,211,23:30 - 23:35,256,94,result
2026-07-23,212,23:35 - 23:40,556,58,result
2026-07-23,213,23:40 - 23:45,818,28,result
2026-07-23,214,23:45 - 23:50,290,69,result
2026-07-23,215,23:50 - 23:55,037,13,result
2026-07-23,216,23:55 - 00:00,450,31,result
2026-07-23,217,00:00 - 00:05,354,62,result
2026-07-23,218,00:05 - 00:10,512,44,result
2026-07-23,219,00:10 - 00:15,320,78,result
2026-07-23,220,00:15 - 00:20,504,43,result
2026-07-23,221,00:20 - 00:25,609,31,result
2026-07-23,222,00:25 - 00:30,319,95,result
2026-07-23,223,00:30 - 00:35,019,77,result
2026-07-23,224,00:35 - 00:40,908,73,result
2026-07-23,225,00:40 - 00:45,838,76,result
2026-07-23,226,00:45 - 00:50,011,34,result
2026-07-23,227,00:50 - 00:55,761,97,result
2026-07-23,228,00:55 - 01:00,432,13,result
2026-07-23,229,01:00 - 01:05,425,93,result
2026-07-23,230,01:05 - 01:10,433,11,result
2026-07-23,231,01:10 - 01:15,229,92,result
2026-07-23,232,01:15 - 01:20,194,15,result
2026-07-23,233,01:20 - 01:25,546,72,result
2026-07-23,234,01:25 - 01:30,005,68,result
2026-07-23,235,01:30 - 01:35,061,17,result
2026-07-23,236,01:35 - 01:40,513,62,result
2026-07-23,237,01:40 - 01:45,897,65,result
2026-07-23,238,01:45 - 01:50,454,28,result
2026-07-23,239,01:50 - 01:55,668,72,result
2026-07-23,240,01:55 - 02:00,690,71,result
2026-07-23,241,02:00 - 02:05,642,88,result
2026-07-23,242,02:05 - 02:10,010,38,result
2026-07-23,243,02:10 - 02:15,280,25,result
2026-07-23,244,02:15 - 02:20,680,77,result
2026-07-23,245,02:20 - 02:25,904,06,result
2026-07-23,246,02:25 - 02:30,929,98,result
2026-07-23,247,02:30 - 02:35,634,83,result
2026-07-23,248,02:35 - 02:40,863,90,result
2026-07-23,249,02:40 - 02:45,886,46,result
2026-07-23,250,02:45 - 02:50,861,75,result
2026-07-23,251,02:50 - 02:55,777,64,result
2026-07-23,252,02:55 - 03:00,644,06,result
2026-07-23,253,03:00 - 03:05,442,75,result
2026-07-23,254,03:05 - 03:10,502,73,result
2026-07-23,255,03:10 - 03:15,689,18,result
2026-07-23,256,03:15 - 03:20,801,61,result
2026-07-23,257,03:20 - 03:25,099,92,result
2026-07-23,258,03:25 - 03:30,926,07,result
2026-07-23,259,03:30 - 03:35,585,69,result
2026-07-23,260,03:35 - 03:40,122,29,result
2026-07-23,261,03:40 - 03:45,609,64,result
2026-07-23,262,03:45 - 03:50,610,76,result
2026-07-23,263,03:50 - 03:55,617,95,result
2026-07-23,264,03:55 - 04:00,782,21,result
2026-07-23,265,04:00 - 04:05,961,54,result
2026-07-23,266,04:05 - 04:10,317,22,result
2026-07-23,267,04:10 - 04:15,520,25,result
2026-07-23,268,04:15 - 04:20,952,23,result
2026-07-23,269,04:20 - 04:25,827,33,result
2026-07-23,270,04:25 - 04:30,455,99,result
2026-07-23,271,04:30 - 04:35,714,00,result
2026-07-23,272,04:35 - 04:40,911,08,result
2026-07-23,273,04:40 - 04:45,415,13,result
2026-07-23,274,04:45 - 04:50,494,21,result
2026-07-23,275,04:50 - 04:55,431,08,result
2026-07-23,276,04:55 - 05:00,753,37,result
2026-07-23,277,05:00 - 05:05,745,29,result
2026-07-23,278,05:05 - 05:10,500,76,result
2026-07-23,279,05:10 - 05:15,090,96,result
2026-07-23,280,05:15 - 05:20,055,15,result
2026-07-23,281,05:20 - 05:25,810,57,result
2026-07-23,282,05:25 - 05:30,723,55,result
2026-07-23,283,05:30 - 05:35,427,82,result
2026-07-23,284,05:35 - 05:40,976,90,result
2026-07-23,285,05:40 - 05:45,539,42,result
2026-07-23,286,05:45 - 05:50,328,21,result
2026-07-23,287,05:50 - 05:55,761,68,result
2026-07-23,288,05:55 - 06:00,264,35,result
2026-07-24,1,06:00 - 06:05,432,41,result
2026-07-24,2,06:05 - 06:10,819,29,result
2026-07-24,3,06:10 - 06:15,194,85,result
2026-07-24,4,06:15 - 06:20,695,83,result
2026-07-24,5,06:20 - 06:25,688,42,result
2026-07-24,6,06:25 - 06:30,446,36,result
2026-07-24,7,06:30 - 06:35,468,22,result
2026-07-24,8,06:35 - 06:40,787,69,result
2026-07-24,9,06:40 - 06:45,204,15,result
2026-07-24,10,06:45 - 06:50,837,35,result
2026-07-24,11,06:50 - 06:55,536,37,result
2026-07-24,12,06:55 - 07:00,788,25,result
2026-07-24,13,07:00 - 07:05,046,10,result
2026-07-24,14,07:05 - 07:10,678,25,result
2026-07-24,15,07:10 - 07:15,709,50,result
2026-07-24,16,07:15 - 07:20,617,98,result
2026-07-24,17,07:20 - 07:25,497,74,result
2026-07-24,18,07:25 - 07:30,261,83,result
2026-07-24,19,07:30 - 07:35,596,03,result
2026-07-24,20,07:35 - 07:40,969,70,result
2026-07-24,21,07:40 - 07:45,484,44,result
2026-07-24,22,07:45 - 07:50,288,07,result
2026-07-24,23,07:50 - 07:55,462,10,result
2026-07-24,24,07:55 - 08:00,276,35,result
2026-07-24,25,08:00 - 08:05,074,04,result
2026-07-24,26,08:05 - 08:10,426,99,result
2026-07-24,27,08:10 - 08:15,713,99,result
2026-07-24,28,08:15 - 08:20,271,19,result
2026-07-24,29,08:20 - 08:25,312,30,result
2026-07-24,30,08:25 - 08:30,645,12,result
2026-07-24,31,08:30 - 08:35,647,29,result
2026-07-24,32,08:35 - 08:40,008,53,result
2026-07-24,33,08:40 - 08:45,545,31,result
2026-07-24,34,08:45 - 08:50,189,44,result
2026-07-24,35,08:50 - 08:55,261,74,result
2026-07-24,36,08:55 - 09:00,510,68,result
2026-07-24,37,09:00 - 09:05,422,84,result
2026-07-24,38,09:05 - 09:10,499,86,result
2026-07-24,39,09:10 - 09:15,001,41,result
2026-07-24,40,09:15 - 09:20,919,31,result
2026-07-24,41,09:20 - 09:25,260,29,result
2026-07-24,42,09:25 - 09:30,147,86,result
2026-07-24,43,09:30 - 09:35,140,64,result
2026-07-24,44,09:35 - 09:40,248,15,result
2026-07-24,45,09:40 - 09:45,266,27,result
2026-07-24,46,09:45 - 09:50,547,27,result
2026-07-24,47,09:50 - 09:55,597,43,result
2026-07-24,48,09:55 - 10:00,076,87,result
2026-07-24,49,10:00 - 10:05,764,63,result
2026-07-24,50,10:05 - 10:10,828,19,result
2026-07-24,51,10:10 - 10:15,929,85,result
2026-07-24,52,10:15 - 10:20,868,72,result
2026-07-24,53,10:20 - 10:25,363,35,result
2026-07-24,54,10:25 - 10:30,382,11,result
2026-07-24,55,10:30 - 10:35,374,33,result
2026-07-24,56,10:35 - 10:40,832,47,result
2026-07-24,57,10:40 - 10:45,690,45,result
2026-07-24,58,10:45 - 10:50,773,80,result
2026-07-24,59,10:50 - 10:55,592,29,result
2026-07-24,60,10:55 - 11:00,288,22,result
2026-07-24,61,11:00 - 11:05,482,38,result
2026-07-24,62,11:05 - 11:10,951,68,result
2026-07-24,63,11:10 - 11:15,517,65,result
2026-07-24,64,11:15 - 11:20,379,98,result
2026-07-24,65,11:20 - 11:25,535,11,result
2026-07-24,67,11:30 - 11:35,684,50,result
2026-07-24,68,11:35 - 11:40,992,98,result
2026-07-24,69,11:40 - 11:45,595,50,result
2026-07-24,70,11:45 - 11:50,324,94,result
2026-07-24,71,11:50 - 11:55,860,92,result
2026-07-24,72,11:55 - 12:00,515,11,result
2026-07-24,73,12:00 - 12:05,545,17,result
2026-07-24,74,12:05 - 12:10,376,24,result
2026-07-24,75,12:10 - 12:15,178,07,result
2026-07-24,76,12:15 - 12:20,023,64,result
2026-07-24,77,12:20 - 12:25,161,02,result
2026-07-24,78,12:25 - 12:30,208,69,result
2026-07-24,79,12:30 - 12:35,489,41,result
2026-07-24,80,12:35 - 12:40,404,61,result
2026-07-24,81,12:40 - 12:45,023,71,result
2026-07-24,82,12:45 - 12:50,594,58,result
2026-07-24,83,12:50 - 12:55,904,69,result
2026-07-24,84,12:55 - 13:00,101,97,result
2026-07-24,85,13:00 - 13:05,112,73,result
2026-07-24,86,13:05 - 13:10,380,21,result
2026-07-24,87,13:10 - 13:15,983,57,result
2026-07-24,88,13:15 - 13:20,657,11,result
2026-07-24,89,13:20 - 13:25,658,27,result
2026-07-24,90,13:25 - 13:30,596,09,result
2026-07-24,91,13:30 - 13:35,241,64,result
2026-07-24,92,13:35 - 13:40,137,81,result
2026-07-24,93,13:40 - 13:45,576,74,result
2026-07-24,94,13:45 - 13:50,215,43,result
2026-07-24,95,13:50 - 13:55,859,52,result
2026-07-24,96,13:55 - 14:00,718,93,result
2026-07-24,97,14:00 - 14:05,808,34,result
2026-07-24,98,14:05 - 14:10,191,75,result
2026-07-24,99,14:10 - 14:15,933,12,result
2026-07-24,100,14:15 - 14:20,203,09,result
2026-07-24,101,14:20 - 14:25,036,75,result
2026-07-24,102,14:25 - 14:30,585,83,result
2026-07-24,103,14:30 - 14:35,184,63,result
2026-07-24,104,14:35 - 14:40,676,52,result
2026-07-24,105,14:40 - 14:45,931,66,result
2026-07-24,106,14:45 - 14:50,045,72,result
2026-07-24,107,14:50 - 14:55,623,83,result
2026-07-24,108,14:55 - 15:00,718,77,result
2026-07-24,109,15:00 - 15:05,080,52,result
2026-07-24,110,15:05 - 15:10,949,32,result
2026-07-24,111,15:10 - 15:15,684,57,result
2026-07-24,112,15:15 - 15:20,948,92,result
2026-07-24,113,15:20 - 15:25,353,34,result
2026-07-24,114,15:25 - 15:30,274,19,result
2026-07-24,115,15:30 - 15:35,294,45,result
2026-07-24,116,15:35 - 15:40,156,37,result
2026-07-24,117,15:40 - 15:45,984,18,result
2026-07-24,118,15:45 - 15:50,182,27,result
2026-07-24,119,15:50 - 15:55,187,72,result
2026-07-24,120,15:55 - 16:00,258,72,result
2026-07-24,121,16:00 - 16:05,151,82,result
2026-07-24,122,16:05 - 16:10,682,07,result
2026-07-24,123,16:10 - 16:15,088,24,result
2026-07-24,124,16:15 - 16:20,391,48,result
2026-07-24,125,16:20 - 16:25,909,95,result
2026-07-24,126,16:25 - 16:30,920,29,result
2026-07-24,127,16:30 - 16:35,018,36,result
2026-07-24,128,16:35 - 16:40,290,97,result
2026-07-24,129,16:40 - 16:45,603,15,result
2026-07-24,130,16:45 - 16:50,573,77,result
2026-07-24,131,16:50 - 16:55,489,05,result
2026-07-24,132,16:55 - 17:00,134,43,result
2026-07-24,133,17:00 - 17:05,518,65,result
2026-07-24,134,17:05 - 17:10,532,17,result
2026-07-24,135,17:10 - 17:15,621,24,result
2026-07-24,136,17:15 - 17:20,056,09,result
2026-07-24,137,17:20 - 17:25,309,09,result
2026-07-24,138,17:25 - 17:30,888,21,result
2026-07-24,139,17:30 - 17:35,956,42,result
2026-07-24,140,17:35 - 17:40,019,62,result
2026-07-24,141,17:40 - 17:45,747,45,result
2026-07-24,142,17:45 - 17:50,277,98,result
2026-07-24,143,17:50 - 17:55,334,16,result
2026-07-24,144,17:55 - 18:00,830,37,result
2026-07-24,145,18:00 - 18:05,826,14,result
2026-07-24,146,18:05 - 18:10,538,94,result
2026-07-24,147,18:10 - 18:15,424,37,result
2026-07-24,148,18:15 - 18:20,628,71,result
2026-07-24,149,18:20 - 18:25,484,81,result
2026-07-24,150,18:25 - 18:30,450,80,result
2026-07-24,151,18:30 - 18:35,976,69,result
2026-07-24,152,18:35 - 18:40,067,16,result
2026-07-24,153,18:40 - 18:45,264,07,result
2026-07-24,154,18:45 - 18:50,228,79,result
2026-07-24,155,18:50 - 18:55,379,32,result
2026-07-24,156,18:55 - 19:00,346,71,result
2026-07-24,157,19:00 - 19:05,498,53,result
2026-07-24,158,19:05 - 19:10,351,27,result
2026-07-24,159,19:10 - 19:15,944,48,result
2026-07-24,160,19:15 - 19:20,448,31,result
2026-07-24,161,19:20 - 19:25,104,72,result
2026-07-24,162,19:25 - 19:30,466,22,result
2026-07-24,163,19:30 - 19:35,287,98,result
2026-07-24,164,19:35 - 19:40,627,95,result
2026-07-24,165,19:40 - 19:45,243,62,result
2026-07-24,166,19:45 - 19:50,695,49,result
2026-07-24,167,19:50 - 19:55,248,97,result
2026-07-24,168,19:55 - 20:00,777,60,result
2026-07-24,169,20:00 - 20:05,514,23,result
2026-07-24,170,20:05 - 20:10,680,66,result
2026-07-24,171,20:10 - 20:15,125,79,result
2026-07-24,172,20:15 - 20:20,083,57,result
2026-07-24,173,20:20 - 20:25,248,42,result
2026-07-24,174,20:25 - 20:30,065,48,result
2026-07-24,175,20:30 - 20:35,450,17,result
2026-07-24,176,20:35 - 20:40,267,34,result
2026-07-24,177,20:40 - 20:45,262,00,result
2026-07-24,178,20:45 - 20:50,368,59,result
2026-07-24,179,20:50 - 20:55,021,89,result
2026-07-24,180,20:55 - 21:00,931,59,result
2026-07-24,181,21:00 - 21:05,767,47,result
2026-07-24,182,21:05 - 21:10,976,31,result
2026-07-24,183,21:10 - 21:15,140,91,result
2026-07-24,184,21:15 - 21:20,480,58,result
2026-07-24,185,21:20 - 21:25,949,58,result
2026-07-24,186,21:25 - 21:30,678,78,result
2026-07-24,187,21:30 - 21:35,700,38,result
2026-07-24,188,21:35 - 21:40,621,24,result
2026-07-24,189,21:40 - 21:45,923,13,result
2026-07-24,190,21:45 - 21:50,486,91,result
2026-07-24,191,21:50 - 21:55,298,38,result
2026-07-24,192,21:55 - 22:00,704,99,result
2026-07-24,193,22:00 - 22:05,606,99,result
2026-07-24,194,22:05 - 22:10,354,67,result
2026-07-24,195,22:10 - 22:15,562,70,result
2026-07-24,196,22:15 - 22:20,344,54,result
2026-07-24,197,22:20 - 22:25,824,83,result
2026-07-24,198,22:25 - 22:30,371,38,result
2026-07-24,199,22:30 - 22:35,099,78,result
2026-07-24,200,22:35 - 22:40,343,09,result
2026-07-24,201,22:40 - 22:45,362,45,result
2026-07-24,202,22:45 - 22:50,639,62,result
2026-07-24,203,22:50 - 22:55,238,75,result
2026-07-24,204,22:55 - 23:00,086,60,result
2026-07-24,205,23:00 - 23:05,671,33,result
2026-07-24,206,23:05 - 23:10,132,42,result
2026-07-24,207,23:10 - 23:15,520,43,result
2026-07-24,208,23:15 - 23:20,050,83,result
2026-07-24,209,23:20 - 23:25,400,55,result
2026-07-24,210,23:25 - 23:30,765,90,result
2026-07-24,211,23:30 - 23:35,635,37,result
2026-07-24,212,23:35 - 23:40,088,33,result
2026-07-24,213,23:40 - 23:45,643,24,result
2026-07-24,214,23:45 - 23:50,346,07,result
2026-07-24,215,23:50 - 23:55,838,77,result
2026-07-24,216,23:55 - 00:00,342,33,result
2026-07-24,217,00:00 - 00:05,844,01,result
2026-07-24,218,00:05 - 00:10,054,66,result
2026-07-24,219,00:10 - 00:15,542,29,result
2026-07-24,220,00:15 - 00:20,220,40,result
2026-07-24,221,00:20 - 00:25,125,90,result
2026-07-24,222,00:25 - 00:30,166,44,result
2026-07-24,223,00:30 - 00:35,506,24,result
2026-07-24,224,00:35 - 00:40,711,77,result
2026-07-24,225,00:40 - 00:45,791,23,result
2026-07-24,226,00:45 - 00:50,788,59,result
2026-07-24,227,00:50 - 00:55,290,48,result
2026-07-24,228,00:55 - 01:00,467,20,result
2026-07-24,229,01:00 - 01:05,094,76,result
2026-07-24,230,01:05 - 01:10,799,75,result
2026-07-24,231,01:10 - 01:15,668,38,result
2026-07-24,232,01:15 - 01:20,487,26,result
2026-07-24,233,01:20 - 01:25,557,65,result
2026-07-24,234,01:25 - 01:30,835,04,result
2026-07-24,235,01:30 - 01:35,997,64,result
2026-07-24,236,01:35 - 01:40,589,43,result
2026-07-24,237,01:40 - 01:45,435,10,result
2026-07-24,238,01:45 - 01:50,553,71,result
2026-07-24,239,01:50 - 01:55,438,65,result
2026-07-24,240,01:55 - 02:00,172,47,result
2026-07-24,241,02:00 - 02:05,182,93,result
2026-07-24,242,02:05 - 02:10,449,30,result
2026-07-24,243,02:10 - 02:15,353,49,result
2026-07-24,244,02:15 - 02:20,970,69,result
2026-07-24,245,02:20 - 02:25,032,97,result
2026-07-24,246,02:25 - 02:30,562,58,result
2026-07-24,247,02:30 - 02:35,288,61,result
2026-07-24,248,02:35 - 02:40,173,15,result
2026-07-24,249,02:40 - 02:45,945,21,result
2026-07-24,250,02:45 - 02:50,618,97,result
2026-07-24,251,02:50 - 02:55,036,69,result
2026-07-24,252,02:55 - 03:00,899,64,result
2026-07-24,253,03:00 - 03:05,680,25,result
2026-07-24,254,03:05 - 03:10,020,84,result
2026-07-24,255,03:10 - 03:15,149,40,result
2026-07-24,256,03:15 - 03:20,805,12,result
2026-07-24,257,03:20 - 03:25,900,61,result
2026-07-24,258,03:25 - 03:30,107,14,result
2026-07-24,259,03:30 - 03:35,401,53,result
2026-07-24,260,03:35 - 03:40,972,12,result
2026-07-24,261,03:40 - 03:45,238,97,result
2026-07-24,262,03:45 - 03:50,826,97,result
2026-07-24,263,03:50 - 03:55,806,48,result
2026-07-24,264,03:55 - 04:00,076,08,result
2026-07-24,265,04:00 - 04:05,394,34,result
2026-07-24,266,04:05 - 04:10,073,61,result
2026-07-24,267,04:10 - 04:15,150,49,result
2026-07-24,268,04:15 - 04:20,893,65,result
2026-07-24,269,04:20 - 04:25,037,62,result
2026-07-24,270,04:25 - 04:30,088,88,result
2026-07-24,271,04:30 - 04:35,361,21,result
2026-07-24,272,04:35 - 04:40,749,32,result
2026-07-24,273,04:40 - 04:45,600,17,result
2026-07-24,274,04:45 - 04:50,368,09,result
2026-07-24,275,04:50 - 04:55,918,18,result
2026-07-24,276,04:55 - 05:00,660,95,result
2026-07-24,277,05:00 - 05:05,851,17,result
2026-07-24,278,05:05 - 05:10,093,59,result
2026-07-24,279,05:10 - 05:15,526,23,result
2026-07-24,280,05:15 - 05:20,510,68,result
2026-07-24,281,05:20 - 05:25,013,45,result
2026-07-24,282,05:25 - 05:30,001,18,result
2026-07-24,283,05:30 - 05:35,072,53,result
2026-07-24,284,05:35 - 05:40,353,84,result
2026-07-24,285,05:40 - 05:45,713,26,result
2026-07-24,286,05:45 - 05:50,135,77,result
2026-07-24,287,05:50 - 05:55,035,35,result
2026-07-24,288,05:55 - 06:00,612,06,result
2026-07-25,1,06:00 - 06:05,157,42,result
2026-07-25,2,06:05 - 06:10,400,81,result
2026-07-25,3,06:10 - 06:15,608,09,result
2026-07-25,4,06:15 - 06:20,441,12,result
2026-07-25,5,06:20 - 06:25,988,08,result
2026-07-25,6,06:25 - 06:30,303,03,result
2026-07-25,7,06:30 - 06:35,241,26,result
2026-07-25,8,06:35 - 06:40,992,86,result
2026-07-25,9,06:40 - 06:45,612,01,result
2026-07-25,10,06:45 - 06:50,787,18,result
2026-07-25,11,06:50 - 06:55,332,20,result
2026-07-25,12,06:55 - 07:00,709,36,result
2026-07-25,13,07:00 - 07:05,202,62,result
2026-07-25,14,07:05 - 07:10,006,20,result
2026-07-25,15,07:10 - 07:15,210,08,result
2026-07-25,16,07:15 - 07:20,049,18,result
2026-07-25,17,07:20 - 07:25,436,55,result
2026-07-25,18,07:25 - 07:30,003,64,result
2026-07-25,19,07:30 - 07:35,836,13,result
2026-07-25,20,07:35 - 07:40,465,04,result
2026-07-25,21,07:40 - 07:45,435,34,result
2026-07-25,22,07:45 - 07:50,160,82,result
2026-07-25,23,07:50 - 07:55,530,40,result
2026-07-25,24,07:55 - 08:00,721,83,result
2026-07-25,25,08:00 - 08:05,536,68,result
2026-07-25,26,08:05 - 08:10,063,20,result
2026-07-25,27,08:10 - 08:15,589,88,result
2026-07-25,28,08:15 - 08:20,693,46,result
2026-07-25,29,08:20 - 08:25,140,03,result
2026-07-25,30,08:25 - 08:30,914,18,result
2026-07-25,31,08:30 - 08:35,251,35,result
2026-07-25,32,08:35 - 08:40,827,89,result
2026-07-25,33,08:40 - 08:45,754,78,result
2026-07-25,34,08:45 - 08:50,402,25,result
2026-07-25,35,08:50 - 08:55,379,17,result
2026-07-25,36,08:55 - 09:00,300,75,result
2026-07-25,37,09:00 - 09:05,241,03,result
2026-07-25,38,09:05 - 09:10,497,22,result
2026-07-25,39,09:10 - 09:15,385,15,result
2026-07-25,40,09:15 - 09:20,767,62,result
2026-07-25,41,09:20 - 09:25,266,74,result
2026-07-25,42,09:25 - 09:30,772,33,result
2026-07-25,43,09:30 - 09:35,781,16,result
2026-07-25,44,09:35 - 09:40,440,24,result
2026-07-25,45,09:40 - 09:45,066,97,result
2026-07-25,46,09:45 - 09:50,193,69,result
2026-07-25,47,09:50 - 09:55,910,47,result
2026-07-25,48,09:55 - 10:00,764,43,result
2026-07-25,49,10:00 - 10:05,488,95,result
2026-07-25,50,10:05 - 10:10,870,14,result
2026-07-25,51,10:10 - 10:15,994,16,result
2026-07-25,52,10:15 - 10:20,421,47,result
2026-07-25,53,10:20 - 10:25,715,45,result
2026-07-25,54,10:25 - 10:30,624,61,result
2026-07-25,55,10:30 - 10:35,460,91,result
2026-07-25,56,10:35 - 10:40,128,64,result
2026-07-25,57,10:40 - 10:45,140,80,result
2026-07-25,58,10:45 - 10:50,485,79,result
2026-07-25,59,10:50 - 10:55,109,51,result
2026-07-25,60,10:55 - 11:00,532,30,result
2026-07-25,61,11:00 - 11:05,603,66,result
2026-07-25,62,11:05 - 11:10,189,63,result
2026-07-25,63,11:10 - 11:15,194,97,result
2026-07-25,64,11:15 - 11:20,278,77,result
2026-07-25,65,11:20 - 11:25,084,68,result
2026-07-25,66,11:25 - 11:30,593,65,result
2026-07-25,67,11:30 - 11:35,778,19,result
2026-07-25,68,11:35 - 11:40,873,52,result
2026-07-25,69,11:40 - 11:45,601,36,result
2026-07-25,70,11:45 - 11:50,416,48,result
2026-07-25,71,11:50 - 11:55,213,61,result
2026-07-25,72,11:55 - 12:00,630,18,result
2026-07-25,73,12:00 - 12:05,628,24,result
2026-07-25,74,12:05 - 12:10,026,85,result
2026-07-25,75,12:10 - 12:15,937,82,result
2026-07-25,76,12:15 - 12:20,102,41,result
2026-07-25,77,12:20 - 12:25,644,47,result
2026-07-25,78,12:25 - 12:30,223,11,result
2026-07-25,79,12:30 - 12:35,679,87,result
2026-07-25,80,12:35 - 12:40,880,48,result
2026-07-25,81,12:40 - 12:45,497,33,result
2026-07-25,82,12:45 - 12:50,625,40,result
2026-07-25,83,12:50 - 12:55,201,29,result
2026-07-25,84,12:55 - 13:00,631,43,result
2026-07-25,85,13:00 - 13:05,996,69,result
2026-07-25,86,13:05 - 13:10,346,39,result
2026-07-25,87,13:10 - 13:15,517,01,result
2026-07-25,88,13:15 - 13:20,865,79,result
2026-07-25,89,13:20 - 13:25,122,01,result
2026-07-25,90,13:25 - 13:30,489,88,result
2026-07-25,91,13:30 - 13:35,427,60,result
2026-07-25,92,13:35 - 13:40,285,88,result
2026-07-25,93,13:40 - 13:45,698,89,result
2026-07-25,94,13:45 - 13:50,176,49,result
2026-07-25,95,13:50 - 13:55,215,87,result
2026-07-25,96,13:55 - 14:00,122,79,result
2026-07-25,97,14:00 - 14:05,619,38,result
2026-07-25,98,14:05 - 14:10,589,68,result
2026-07-25,99,14:10 - 14:15,553,11,result
2026-07-25,100,14:15 - 14:20,916,89,result
2026-07-25,101,14:20 - 14:25,903,89,result
2026-07-25,102,14:25 - 14:30,492,09,result
2026-07-25,103,14:30 - 14:35,712,14,result
2026-07-25,104,14:35 - 14:40,272,24,result
2026-07-25,105,14:40 - 14:45,940,70,result
2026-07-25,106,14:45 - 14:50,855,85,result
2026-07-25,107,14:50 - 14:55,094,09,result
2026-07-25,108,14:55 - 15:00,127,33,result
2026-07-25,109,15:00 - 15:05,698,63,result
2026-07-25,110,15:05 - 15:10,724,03,result
2026-07-25,111,15:10 - 15:15,198,61,result
2026-07-25,112,15:15 - 15:20,356,83,result
2026-07-25,113,15:20 - 15:25,256,85,result
2026-07-25,114,15:25 - 15:30,937,40,result
2026-07-25,115,15:30 - 15:35,462,02,result
2026-07-25,116,15:35 - 15:40,393,53,result
2026-07-25,117,15:40 - 15:45,024,23,result
2026-07-25,118,15:45 - 15:50,990,14,result
2026-07-25,119,15:50 - 15:55,321,96,result
2026-07-25,120,15:55 - 16:00,894,41,result
2026-07-25,121,16:00 - 16:05,541,19,result
2026-07-25,122,16:05 - 16:10,874,75,result
2026-07-25,123,16:10 - 16:15,983,21,result
2026-07-25,124,16:15 - 16:20,640,40,result
2026-07-25,125,16:20 - 16:25,008,16,result
2026-07-25,126,16:25 - 16:30,093,19,result
2026-07-25,127,16:30 - 16:35,713,99,result
2026-07-25,128,16:35 - 16:40,251,98,result
2026-07-25,129,16:40 - 16:45,109,01,result
2026-07-25,130,16:45 - 16:50,427,58,result
2026-07-25,131,16:50 - 16:55,283,34,result
2026-07-25,132,16:55 - 17:00,820,96,result
2026-07-25,133,17:00 - 17:05,014,78,result
2026-07-25,134,17:05 - 17:10,617,93,result
2026-07-25,135,17:10 - 17:15,768,23,result
2026-07-25,136,17:15 - 17:20,505,44,result
2026-07-25,137,17:20 - 17:25,306,87,result
2026-07-25,138,17:25 - 17:30,118,76,result
2026-07-25,139,17:30 - 17:35,796,51,result
2026-07-25,140,17:35 - 17:40,079,25,result
2026-07-25,141,17:40 - 17:45,726,22,result
2026-07-25,142,17:45 - 17:50,341,66,result
2026-07-25,143,17:50 - 17:55,653,03,result
2026-07-25,144,17:55 - 18:00,863,04,result
2026-07-25,145,18:00 - 18:05,293,72,result
2026-07-25,146,18:05 - 18:10,637,59,result
2026-07-25,147,18:10 - 18:15,545,13,result
2026-07-25,148,18:15 - 18:20,365,67,result
2026-07-25,149,18:20 - 18:25,373,35,result
2026-07-25,150,18:25 - 18:30,510,21,result
2026-07-25,151,18:30 - 18:35,071,12,result
2026-07-25,152,18:35 - 18:40,167,25,result
2026-07-25,153,18:40 - 18:45,251,81,result
2026-07-25,154,18:45 - 18:50,018,95,result
2026-07-25,155,18:50 - 18:55,487,29,result
2026-07-25,156,18:55 - 19:00,043,69,result
2026-07-25,157,19:00 - 19:05,819,97,result
2026-07-25,158,19:05 - 19:10,964,59,result
2026-07-25,159,19:10 - 19:15,321,62,result
2026-07-25,160,19:15 - 19:20,669,94,result
2026-07-25,161,19:20 - 19:25,012,22,result
2026-07-25,162,19:25 - 19:30,064,22,result
2026-07-25,163,19:30 - 19:35,208,07,result
2026-07-25,164,19:35 - 19:40,506,59,result
2026-07-25,165,19:40 - 19:45,367,49,result
2026-07-25,166,19:45 - 19:50,496,23,result
2026-07-25,167,19:50 - 19:55,450,74,result
2026-07-25,168,19:55 - 20:00,362,61,result
2026-07-25,169,20:00 - 20:05,857,39,result
2026-07-25,170,20:05 - 20:10,588,45,result
2026-07-25,171,20:10 - 20:15,043,17,result
2026-07-25,172,20:15 - 20:20,199,25,result
2026-07-25,173,20:20 - 20:25,073,62,result
2026-07-25,174,20:25 - 20:30,965,94,result
2026-07-25,175,20:30 - 20:35,318,83,result
2026-07-25,176,20:35 - 20:40,371,90,result
2026-07-25,177,20:40 - 20:45,370,49,result
2026-07-25,178,20:45 - 20:50,042,20,result
2026-07-25,179,20:50 - 20:55,401,64,result
2026-07-25,180,20:55 - 21:00,619,75,result
2026-07-25,181,21:00 - 21:05,869,16,result
2026-07-25,182,21:05 - 21:10,466,59,result
2026-07-25,183,21:10 - 21:15,671,55,result
2026-07-25,184,21:15 - 21:20,275,55,result
2026-07-25,185,21:20 - 21:25,776,03,result
2026-07-25,186,21:25 - 21:30,974,50,result
2026-07-25,187,21:30 - 21:35,301,01,result
2026-07-25,188,21:35 - 21:40,181,24,result
2026-07-25,189,21:40 - 21:45,958,31,result
2026-07-25,190,21:45 - 21:50,065,85,result
2026-07-25,191,21:50 - 21:55,775,10,result
2026-07-25,192,21:55 - 22:00,888,51,result
2026-07-25,193,22:00 - 22:05,891,67,result
2026-07-25,194,22:05 - 22:10,177,19,result
2026-07-25,195,22:10 - 22:15,799,07,result
2026-07-25,196,22:15 - 22:20,396,80,result
2026-07-25,197,22:20 - 22:25,712,98,result
2026-07-25,198,22:25 - 22:30,413,49,result
2026-07-25,199,22:30 - 22:35,662,32,result
2026-07-25,200,22:35 - 22:40,765,57,result
2026-07-25,201,22:40 - 22:45,196,79,result
2026-07-25,202,22:45 - 22:50,730,93,result
2026-07-25,203,22:50 - 22:55,758,64,result
2026-07-25,204,22:55 - 23:00,913,09,result
2026-07-25,205,23:00 - 23:05,290,86,result
2026-07-25,206,23:05 - 23:10,665,96,result
2026-07-25,207,23:10 - 23:15,931,74,result
2026-07-25,208,23:15 - 23:20,746,37,result
2026-07-25,209,23:20 - 23:25,536,87,result
2026-07-25,210,23:25 - 23:30,869,05,result
2026-07-25,211,23:30 - 23:35,884,48,result
2026-07-25,212,23:35 - 23:40,960,62,result
2026-07-25,213,23:40 - 23:45,642,46,result
2026-07-25,214,23:45 - 23:50,654,47,result
2026-07-25,215,23:50 - 23:55,054,77,result
2026-07-25,216,23:55 - 00:00,718,20,result
2026-07-25,217,00:00 - 00:05,771,59,result
2026-07-25,218,00:05 - 00:10,367,04,result
2026-07-25,219,00:10 - 00:15,192,86,result
2026-07-25,220,00:15 - 00:20,492,98,result
2026-07-25,221,00:20 - 00:25,753,89,result
2026-07-25,222,00:25 - 00:30,075,70,result
2026-07-25,223,00:30 - 00:35,959,84,result
2026-07-25,224,00:35 - 00:40,414,14,result
2026-07-25,225,00:40 - 00:45,890,93,result
2026-07-25,226,00:45 - 00:50,969,74,result
2026-07-25,227,00:50 - 00:55,825,15,result
2026-07-25,228,00:55 - 01:00,867,48,result
2026-07-25,229,01:00 - 01:05,455,21,result
2026-07-25,230,01:05 - 01:10,903,29,result
2026-07-25,231,01:10 - 01:15,961,48,result
2026-07-25,232,01:15 - 01:20,626,36,result
2026-07-25,233,01:20 - 01:25,504,92,result
2026-07-25,234,01:25 - 01:30,367,03,result
2026-07-25,235,01:30 - 01:35,745,13,result
2026-07-25,236,01:35 - 01:40,592,69,result
2026-07-25,237,01:40 - 01:45,659,83,result
2026-07-25,238,01:45 - 01:50,689,66,result
2026-07-25,239,01:50 - 01:55,241,84,result
2026-07-25,240,01:55 - 02:00,646,86,result
2026-07-25,241,02:00 - 02:05,578,10,result
2026-07-25,242,02:05 - 02:10,481,66,result
2026-07-25,243,02:10 - 02:15,908,25,result
2026-07-25,244,02:15 - 02:20,003,29,result
2026-07-25,245,02:20 - 02:25,756,16,result
2026-07-25,246,02:25 - 02:30,168,38,result
2026-07-25,247,02:30 - 02:35,136,91,result
2026-07-25,248,02:35 - 02:40,261,87,result
2026-07-25,249,02:40 - 02:45,628,49,result
2026-07-25,250,02:45 - 02:50,696,96,result
2026-07-25,251,02:50 - 02:55,128,95,result
2026-07-25,252,02:55 - 03:00,237,55,result
2026-07-25,253,03:00 - 03:05,063,56,result
2026-07-25,254,03:05 - 03:10,716,77,result
2026-07-25,255,03:10 - 03:15,558,09,result
2026-07-25,256,03:15 - 03:20,435,89,result
2026-07-25,257,03:20 - 03:25,989,51,result
2026-07-25,258,03:25 - 03:30,272,53,result
2026-07-25,259,03:30 - 03:35,024,78,result
2026-07-25,260,03:35 - 03:40,384,23,result
2026-07-25,261,03:40 - 03:45,088,46,result
2026-07-25,262,03:45 - 03:50,129,61,result
2026-07-25,263,03:50 - 03:55,807,63,result
2026-07-25,264,03:55 - 04:00,063,65,result
2026-07-25,265,04:00 - 04:05,359,40,result
2026-07-25,266,04:05 - 04:10,988,00,result
2026-07-25,267,04:10 - 04:15,596,68,result
2026-07-25,268,04:15 - 04:20,746,35,result
2026-07-25,269,04:20 - 04:25,808,06,result
2026-07-25,270,04:25 - 04:30,413,73,result
2026-07-25,271,04:30 - 04:35,249,88,result
2026-07-25,272,04:35 - 04:40,877,78,result
2026-07-25,273,04:40 - 04:45,982,46,result
2026-07-25,274,04:45 - 04:50,527,69,result
2026-07-25,275,04:50 - 04:55,245,84,result
2026-07-25,276,04:55 - 05:00,839,85,result
2026-07-25,277,05:00 - 05:05,636,04,result
2026-07-25,278,05:05 - 05:10,768,92,result
2026-07-25,279,05:10 - 05:15,392,96,result
2026-07-25,280,05:15 - 05:20,457,10,result
2026-07-25,281,05:20 - 05:25,327,89,result
2026-07-25,282,05:25 - 05:30,071,44,result
2026-07-25,283,05:30 - 05:35,533,01,result
2026-07-25,284,05:35 - 05:40,416,56,result
2026-07-25,285,05:40 - 05:45,310,17,result
2026-07-25,286,05:45 - 05:50,313,09,result
2026-07-25,287,05:50 - 05:55,221,83,result
2026-07-25,288,05:55 - 06:00,860,70,result
2026-07-26,1,06:00 - 06:05,163,75,result
2026-07-26,2,06:05 - 06:10,420,26,result
2026-07-26,3,06:10 - 06:15,617,50,result
2026-07-26,4,06:15 - 06:20,348,91,result
2026-07-26,5,06:20 - 06:25,648,12,result
2026-07-26,6,06:25 - 06:30,306,30,result
2026-07-26,7,06:30 - 06:35,768,81,result
2026-07-26,8,06:35 - 06:40,114,80,result
2026-07-26,9,06:40 - 06:45,664,52,result
2026-07-26,10,06:45 - 06:50,262,82,result
2026-07-26,11,06:50 - 06:55,762,28,result
2026-07-26,12,06:55 - 07:00,459,16,result
2026-07-26,13,07:00 - 07:05,395,49,result
2026-07-26,14,07:05 - 07:10,037,37,result
2026-07-26,15,07:10 - 07:15,704,86,result
2026-07-26,16,07:15 - 07:20,248,43,result
2026-07-26,17,07:20 - 07:25,618,66,result
2026-07-26,18,07:25 - 07:30,764,99,result
2026-07-26,19,07:30 - 07:35,200,80,result
2026-07-26,20,07:35 - 07:40,851,10,result
2026-07-26,21,07:40 - 07:45,586,97,result
2026-07-26,22,07:45 - 07:50,710,41,result
2026-07-26,23,07:50 - 07:55,540,04,result
2026-07-26,24,07:55 - 08:00,486,80,result
2026-07-26,25,08:00 - 08:05,910,04,result
2026-07-26,26,08:05 - 08:10,654,01,result
2026-07-26,27,08:10 - 08:15,251,92,result
2026-07-26,28,08:15 - 08:20,360,84,result
2026-07-26,29,08:20 - 08:25,007,20,result
2026-07-26,30,08:25 - 08:30,511,73,result
2026-07-26,31,08:30 - 08:35,883,96,result
2026-07-26,32,08:35 - 08:40,910,02,result
2026-07-26,33,08:40 - 08:45,381,97,result
2026-07-26,34,08:45 - 08:50,853,95,result
2026-07-26,35,08:50 - 08:55,356,29,result
2026-07-26,36,08:55 - 09:00,612,87,result
2026-07-26,37,09:00 - 09:05,076,74,result
2026-07-26,38,09:05 - 09:10,186,24,result
2026-07-26,39,09:10 - 09:15,372,26,result
2026-07-26,40,09:15 - 09:20,099,41,result
2026-07-26,41,09:20 - 09:25,512,62,result
2026-07-26,42,09:25 - 09:30,590,27,result
2026-07-26,43,09:30 - 09:35,608,55,result
2026-07-26,44,09:35 - 09:40,602,17,result
2026-07-26,45,09:40 - 09:45,945,42,result
2026-07-26,46,09:45 - 09:50,024,36,result
2026-07-26,47,09:50 - 09:55,321,86,result
2026-07-26,48,09:55 - 10:00,418,82,result
2026-07-26,49,10:00 - 10:05,799,77,result
2026-07-26,50,10:05 - 10:10,722,40,result
2026-07-26,51,10:10 - 10:15,638,43,result
2026-07-26,52,10:15 - 10:20,565,44,result
2026-07-26,53,10:20 - 10:25,533,57,result
2026-07-26,54,10:25 - 10:30,802,68,result
2026-07-26,55,10:30 - 10:35,847,08,result
2026-07-26,56,10:35 - 10:40,257,82,result
2026-07-26,57,10:40 - 10:45,903,48,result
2026-07-26,58,10:45 - 10:50,492,55,result
2026-07-26,59,10:50 - 10:55,967,22,result
2026-07-26,60,10:55 - 11:00,924,57,result
2026-07-26,61,11:00 - 11:05,276,78,result
2026-07-26,62,11:05 - 11:10,783,78,result
2026-07-26,63,11:10 - 11:15,965,01,result
2026-07-26,64,11:15 - 11:20,431,61,result
2026-07-26,65,11:20 - 11:25,802,00,result
2026-07-26,66,11:25 - 11:30,270,20,result
2026-07-26,67,11:30 - 11:35,702,01,result
2026-07-26,68,11:35 - 11:40,795,17,result
2026-07-26,69,11:40 - 11:45,657,94,result
2026-07-26,70,11:45 - 11:50,579,57,result
2026-07-26,71,11:50 - 11:55,875,25,result
2026-07-26,72,11:55 - 12:00,553,18,result
2026-07-26,73,12:00 - 12:05,187,35,result
2026-07-26,74,12:05 - 12:10,248,48,result
2026-07-26,75,12:10 - 12:15,701,86,result
2026-07-26,76,12:15 - 12:20,346,75,result
2026-07-26,77,12:20 - 12:25,925,55,result
2026-07-26,78,12:25 - 12:30,923,53,result
2026-07-26,79,12:30 - 12:35,015,95,result
2026-07-26,80,12:35 - 12:40,533,35,result
2026-07-26,81,12:40 - 12:45,232,28,result
2026-07-26,82,12:45 - 12:50,407,52,result
2026-07-26,83,12:50 - 12:55,506,11,result
2026-07-26,84,12:55 - 13:00,680,93,result
2026-07-26,85,13:00 - 13:05,408,70,result
2026-07-26,86,13:05 - 13:10,734,00,result
2026-07-26,87,13:10 - 13:15,092,89,result
2026-07-26,88,13:15 - 13:20,839,50,result
2026-07-26,89,13:20 - 13:25,827,12,result
2026-07-26,90,13:25 - 13:30,907,20,result
2026-07-26,91,13:30 - 13:35,835,55,result
2026-07-26,92,13:35 - 13:40,809,11,result
2026-07-26,93,13:40 - 13:45,599,64,result
2026-07-26,94,13:45 - 13:50,955,02,result
2026-07-26,95,13:50 - 13:55,229,97,result
2026-07-26,96,13:55 - 14:00,362,72,result
2026-07-26,97,14:00 - 14:05,226,10,result
2026-07-26,98,14:05 - 14:10,402,05,result
2026-07-26,99,14:10 - 14:15,645,22,result
2026-07-26,100,14:15 - 14:20,670,29,result
2026-07-26,101,14:20 - 14:25,348,32,result
2026-07-26,102,14:25 - 14:30,175,46,result
2026-07-26,103,14:30 - 14:35,899,68,result
2026-07-26,104,14:35 - 14:40,129,10,result
2026-07-26,105,14:40 - 14:45,294,29,result
2026-07-26,106,14:45 - 14:50,032,74,result
2026-07-26,107,14:50 - 14:55,213,82,result
2026-07-26,108,14:55 - 15:00,602,15,result
2026-07-26,109,15:00 - 15:05,399,08,result
2026-07-26,110,15:05 - 15:10,579,46,result
2026-07-26,111,15:10 - 15:15,850,75,result
2026-07-26,112,15:15 - 15:20,754,77,result
2026-07-26,113,15:20 - 15:25,763,49,result
2026-07-26,114,15:25 - 15:30,368,01,result
2026-07-26,115,15:30 - 15:35,495,86,result
2026-07-26,116,15:35 - 15:40,343,40,result
2026-07-26,117,15:40 - 15:45,855,02,result
2026-07-26,118,15:45 - 15:50,742,82,result
2026-07-26,119,15:50 - 15:55,293,24,result
2026-07-26,120,15:55 - 16:00,313,36,result
2026-07-26,121,16:00 - 16:05,792,08,result
2026-07-26,122,16:05 - 16:10,964,51,result
2026-07-26,123,16:10 - 16:15,639,14,result
2026-07-26,124,16:15 - 16:20,603,49,result
2026-07-26,125,16:20 - 16:25,855,13,result
2026-07-26,126,16:25 - 16:30,449,33,result
2026-07-26,127,16:30 - 16:35,542,67,result
2026-07-26,128,16:35 - 16:40,455,08,result
2026-07-26,129,16:40 - 16:45,981,21,result
2026-07-26,130,16:45 - 16:50,516,97,result
2026-07-26,131,16:50 - 16:55,524,44,result
2026-07-26,132,16:55 - 17:00,500,44,result
2026-07-26,133,17:00 - 17:05,080,18,result
2026-07-26,134,17:05 - 17:10,524,31,result
2026-07-26,135,17:10 - 17:15,426,11,result
2026-07-26,136,17:15 - 17:20,682,98,result
2026-07-26,137,17:20 - 17:25,282,84,result
2026-07-26,138,17:25 - 17:30,565,51,result
2026-07-26,139,17:30 - 17:35,727,61,result
2026-07-26,140,17:35 - 17:40,395,77,result
2026-07-26,141,17:40 - 17:45,328,14,result
2026-07-26,142,17:45 - 17:50,366,19,result
2026-07-26,143,17:50 - 17:55,518,22,result
2026-07-26,144,17:55 - 18:00,457,60,result
2026-07-26,145,18:00 - 18:05,097,81,result
2026-07-26,146,18:05 - 18:10,983,25,result
2026-07-26,147,18:10 - 18:15,829,39,result
2026-07-26,148,18:15 - 18:20,599,89,result
2026-07-26,149,18:20 - 18:25,763,29,result
2026-07-26,150,18:25 - 18:30,407,97,result
2026-07-26,151,18:30 - 18:35,190,05,result
2026-07-26,152,18:35 - 18:40,454,78,result
2026-07-26,153,18:40 - 18:45,382,67,result
2026-07-26,154,18:45 - 18:50,371,86,result
2026-07-26,155,18:50 - 18:55,831,20,result
2026-07-26,156,18:55 - 19:00,026,38,result
2026-07-26,157,19:00 - 19:05,894,55,result
2026-07-26,158,19:05 - 19:10,005,34,result
2026-07-26,159,19:10 - 19:15,029,74,result
2026-07-26,160,19:15 - 19:20,160,31,result
2026-07-26,161,19:20 - 19:25,358,29,result
2026-07-26,162,19:25 - 19:30,859,46,result
2026-07-26,163,19:30 - 19:35,910,66,result
2026-07-26,164,19:35 - 19:40,744,04,result
2026-07-26,165,19:40 - 19:45,485,83,result
2026-07-26,166,19:45 - 19:50,352,58,result
2026-07-26,167,19:50 - 19:55,590,27,result
2026-07-26,168,19:55 - 20:00,025,79,result
2026-07-26,169,20:00 - 20:05,031,35,result
2026-07-26,170,20:05 - 20:10,740,76,result
2026-07-26,171,20:10 - 20:15,321,42,result
2026-07-26,172,20:15 - 20:20,205,59,result
2026-07-26,173,20:20 - 20:25,295,45,result
2026-07-26,174,20:25 - 20:30,229,59,result
2026-07-26,175,20:30 - 20:35,630,16,result
2026-07-26,176,20:35 - 20:40,549,21,result
2026-07-26,177,20:40 - 20:45,573,71,result
2026-07-26,178,20:45 - 20:50,894,08,result
2026-07-26,179,20:50 - 20:55,715,05,result
2026-07-26,180,20:55 - 21:00,957,43,result
2026-07-26,181,21:00 - 21:05,181,14,result
2026-07-26,182,21:05 - 21:10,234,69,result
2026-07-26,183,21:10 - 21:15,608,08,result
2026-07-26,184,21:15 - 21:20,116,55,result
2026-07-26,185,21:20 - 21:25,731,81,result
2026-07-26,186,21:25 - 21:30,831,78,result
2026-07-26,187,21:30 - 21:35,839,67,result
2026-07-26,188,21:35 - 21:40,068,84,result
2026-07-26,189,21:40 - 21:45,777,80,result
2026-07-26,190,21:45 - 21:50,662,96,result
2026-07-26,191,21:50 - 21:55,738,15,result
2026-07-26,192,21:55 - 22:00,507,43,result
2026-07-26,193,22:00 - 22:05,904,97,result
2026-07-26,194,22:05 - 22:10,507,43,result
2026-07-26,195,22:10 - 22:15,883,20,result
2026-07-26,196,22:15 - 22:20,561,35,result
2026-07-26,197,22:20 - 22:25,269,14,result
2026-07-26,198,22:25 - 22:30,385,83,result
2026-07-26,199,22:30 - 22:35,057,37,result
2026-07-26,200,22:35 - 22:40,846,91,result
2026-07-26,201,22:40 - 22:45,105,10,result
2026-07-26,202,22:45 - 22:50,392,49,result
2026-07-26,203,22:50 - 22:55,459,99,result
2026-07-26,204,22:55 - 23:00,743,42,result
2026-07-26,205,23:00 - 23:05,613,19,result
2026-07-26,206,23:05 - 23:10,680,27,result
2026-07-26,207,23:10 - 23:15,611,45,result
2026-07-26,208,23:15 - 23:20,214,03,result
2026-07-26,209,23:20 - 23:25,524,70,result
2026-07-26,210,23:25 - 23:30,837,87,result
2026-07-26,211,23:30 - 23:35,924,76,result
2026-07-26,212,23:35 - 23:40,778,84,result
2026-07-26,213,23:40 - 23:45,424,49,result
2026-07-26,214,23:45 - 23:50,355,34,result
2026-07-26,215,23:50 - 23:55,562,73,result
2026-07-26,216,23:55 - 00:00,771,29,result
2026-07-26,217,00:00 - 00:05,743,26,result
2026-07-26,218,00:05 - 00:10,013,64,result
2026-07-26,219,00:10 - 00:15,707,38,result
2026-07-26,220,00:15 - 00:20,787,64,result
2026-07-26,221,00:20 - 00:25,219,71,result
2026-07-26,222,00:25 - 00:30,489,31,result
2026-07-26,223,00:30 - 00:35,866,51,result
2026-07-26,224,00:35 - 00:40,765,56,result
2026-07-26,225,00:40 - 00:45,887,32,result
2026-07-26,226,00:45 - 00:50,340,05,result
2026-07-26,227,00:50 - 00:55,165,77,result
2026-07-26,228,00:55 - 01:00,279,44,result
2026-07-26,229,01:00 - 01:05,878,53,result
2026-07-26,230,01:05 - 01:10,123,84,result
2026-07-26,231,01:10 - 01:15,624,98,result
2026-07-26,232,01:15 - 01:20,763,58,result
2026-07-26,233,01:20 - 01:25,894,11,result
2026-07-26,234,01:25 - 01:30,273,25,result
2026-07-26,235,01:30 - 01:35,326,55,result
2026-07-26,236,01:35 - 01:40,825,72,result
2026-07-26,237,01:40 - 01:45,166,48,result
2026-07-26,238,01:45 - 01:50,656,71,result
2026-07-26,239,01:50 - 01:55,290,33,result
2026-07-26,240,01:55 - 02:00,053,95,result
2026-07-26,241,02:00 - 02:05,441,37,result
2026-07-26,242,02:05 - 02:10,380,91,result
2026-07-26,243,02:10 - 02:15,399,81,result
2026-07-26,244,02:15 - 02:20,769,38,result
2026-07-26,245,02:20 - 02:25,619,68,result
2026-07-26,246,02:25 - 02:30,824,10,result
2026-07-26,247,02:30 - 02:35,372,38,result
2026-07-26,248,02:35 - 02:40,349,99,result
2026-07-26,249,02:40 - 02:45,671,03,result
2026-07-26,250,02:45 - 02:50,768,99,result
2026-07-26,251,02:50 - 02:55,101,06,result
2026-07-26,252,02:55 - 03:00,696,08,result
2026-07-26,253,03:00 - 03:05,932,42,result
2026-07-26,254,03:05 - 03:10,038,02,result
2026-07-26,255,03:10 - 03:15,887,78,result
2026-07-26,256,03:15 - 03:20,545,56,result
2026-07-26,257,03:20 - 03:25,282,80,result
2026-07-26,258,03:25 - 03:30,457,80,result
2026-07-26,259,03:30 - 03:35,393,20,result
2026-07-26,260,03:35 - 03:40,819,73,result
2026-07-26,261,03:40 - 03:45,044,41,result
2026-07-26,262,03:45 - 03:50,719,67,result
2026-07-26,263,03:50 - 03:55,320,97,result
2026-07-26,264,03:55 - 04:00,939,82,result
2026-07-26,265,04:00 - 04:05,979,88,result
2026-07-26,266,04:05 - 04:10,872,95,result
2026-07-26,267,04:10 - 04:15,945,12,result
2026-07-26,268,04:15 - 04:20,677,14,result
2026-07-26,269,04:20 - 04:25,901,52,result
2026-07-26,270,04:25 - 04:30,790,17,result
2026-07-26,271,04:30 - 04:35,719,49,result
2026-07-26,272,04:35 - 04:40,683,38,result
2026-07-26,273,04:40 - 04:45,602,28,result
2026-07-26,274,04:45 - 04:50,469,63,result
2026-07-26,275,04:50 - 04:55,172,91,result
2026-07-26,276,04:55 - 05:00,446,21,result
2026-07-26,277,05:00 - 05:05,548,82,result
2026-07-26,278,05:05 - 05:10,153,97,result
2026-07-26,279,05:10 - 05:15,473,64,result
2026-07-26,280,05:15 - 05:20,204,96,result
2026-07-26,281,05:20 - 05:25,548,65,result
2026-07-26,282,05:25 - 05:30,931,43,result
2026-07-26,283,05:30 - 05:35,304,20,result
2026-07-26,284,05:35 - 05:40,470,59,result
2026-07-26,285,05:40 - 05:45,740,59,result
2026-07-26,286,05:45 - 05:50,538,29,result
2026-07-26,287,05:50 - 05:55,053,39,result
2026-07-26,288,05:55 - 06:00,134,22,result
2026-07-27,1,06:00 - 06:05,820,71,result
2026-07-27,2,06:05 - 06:10,283,30,result
2026-07-27,3,06:10 - 06:15,026,59,result
2026-07-27,4,06:15 - 06:20,382,48,result
2026-07-27,5,06:20 - 06:25,938,62,result
2026-07-27,6,06:25 - 06:30,517,31,result
2026-07-27,7,06:30 - 06:35,749,59,result
2026-07-27,8,06:35 - 06:40,086,43,result
2026-07-27,9,06:40 - 06:45,827,81,result
2026-07-27,10,06:45 - 06:50,331,43,result
2026-07-27,11,06:50 - 06:55,565,37,result
2026-07-27,12,06:55 - 07:00,164,98,result
2026-07-27,13,07:00 - 07:05,852,34,result
2026-07-27,14,07:05 - 07:10,269,99,result
2026-07-27,15,07:10 - 07:15,768,94,result
2026-07-27,16,07:15 - 07:20,816,26,result
2026-07-27,17,07:20 - 07:25,485,12,result
2026-07-27,18,07:25 - 07:30,433,47,result
2026-07-27,19,07:30 - 07:35,696,39,result
2026-07-27,20,07:35 - 07:40,380,67,result
2026-07-27,21,07:40 - 07:45,094,20,result
2026-07-27,22,07:45 - 07:50,275,82,result
2026-07-27,23,07:50 - 07:55,924,63,result
2026-07-27,24,07:55 - 08:00,153,94,result
2026-07-27,25,08:00 - 08:05,383,91,result
2026-07-27,26,08:05 - 08:10,142,15,result
2026-07-27,27,08:10 - 08:15,193,43,result
2026-07-27,28,08:15 - 08:20,349,10,result
2026-07-27,29,08:20 - 08:25,882,97,result
2026-07-27,30,08:25 - 08:30,061,07,result
2026-07-27,31,08:30 - 08:35,357,02,result
2026-07-27,32,08:35 - 08:40,799,66,result
2026-07-27,33,08:40 - 08:45,660,30,result
2026-07-27,34,08:45 - 08:50,697,74,result
2026-07-27,35,08:50 - 08:55,538,87,result
2026-07-27,36,08:55 - 09:00,662,45,result
2026-07-27,37,09:00 - 09:05,843,90,result
2026-07-27,38,09:05 - 09:10,628,37,result
2026-07-27,39,09:10 - 09:15,218,21,result
2026-07-27,40,09:15 - 09:20,446,03,result
2026-07-27,41,09:20 - 09:25,816,84,result
2026-07-27,42,09:25 - 09:30,643,15,result
2026-07-27,43,09:30 - 09:35,744,28,result
2026-07-27,44,09:35 - 09:40,633,18,result
2026-07-27,45,09:40 - 09:45,417,63,result
2026-07-27,46,09:45 - 09:50,587,92,result
2026-07-27,47,09:50 - 09:55,002,42,result
2026-07-27,48,09:55 - 10:00,399,43,result
2026-07-27,49,10:00 - 10:05,414,51,result
2026-07-27,50,10:05 - 10:10,119,53,result
2026-07-27,51,10:10 - 10:15,849,69,result
2026-07-27,52,10:15 - 10:20,999,52,result
2026-07-27,53,10:20 - 10:25,605,98,result
2026-07-27,54,10:25 - 10:30,942,54,result
2026-07-27,55,10:30 - 10:35,244,02,result
2026-07-27,56,10:35 - 10:40,385,60,result
2026-07-27,57,10:40 - 10:45,302,87,result
2026-07-27,58,10:45 - 10:50,862,74,result
2026-07-27,59,10:50 - 10:55,006,51,result
2026-07-27,60,10:55 - 11:00,135,60,result
2026-07-27,61,11:00 - 11:05,882,54,result
2026-07-27,62,11:05 - 11:10,234,41,result
2026-07-27,63,11:10 - 11:15,953,87,result
2026-07-27,64,11:15 - 11:20,058,66,result
2026-07-27,65,11:20 - 11:25,056,24,result
2026-07-27,66,11:25 - 11:30,458,10,result
2026-07-27,67,11:30 - 11:35,966,95,result
2026-07-27,68,11:35 - 11:40,082,96,result
2026-07-27,69,11:40 - 11:45,134,36,result
2026-07-27,70,11:45 - 11:50,431,35,result
2026-07-27,71,11:50 - 11:55,284,44,result
2026-07-27,72,11:55 - 12:00,332,60,result
2026-07-27,73,12:00 - 12:05,777,82,result
2026-07-27,74,12:05 - 12:10,622,67,result
2026-07-27,75,12:10 - 12:15,930,99,result
2026-07-27,76,12:15 - 12:20,059,23,result
2026-07-27,77,12:20 - 12:25,447,60,result
2026-07-27,78,12:25 - 12:30,526,92,result
2026-07-27,79,12:30 - 12:35,517,30,result
2026-07-27,80,12:35 - 12:40,445,07,result
2026-07-27,81,12:40 - 12:45,458,50,result
2026-07-27,82,12:45 - 12:50,668,63,result
2026-07-27,83,12:50 - 12:55,464,83,result
2026-07-27,84,12:55 - 13:00,846,74,result
2026-07-27,85,13:00 - 13:05,388,59,result
2026-07-27,86,13:05 - 13:10,583,52,result
2026-07-27,87,13:10 - 13:15,120,97,result
2026-07-27,88,13:15 - 13:20,682,29,result
2026-07-27,89,13:20 - 13:25,180,39,result
2026-07-27,90,13:25 - 13:30,461,91,result
2026-07-27,91,13:30 - 13:35,194,13,result
2026-07-27,92,13:35 - 13:40,042,59,result
2026-07-27,93,13:40 - 13:45,541,22,result
2026-07-27,94,13:45 - 13:50,488,80,result
2026-07-27,95,13:50 - 13:55,652,20,result
2026-07-27,96,13:55 - 14:00,096,69,result
2026-07-27,97,14:00 - 14:05,885,05,result
2026-07-27,98,14:05 - 14:10,318,56,result
2026-07-27,99,14:10 - 14:15,879,67,result
2026-07-27,100,14:15 - 14:20,317,79,result
2026-07-27,101,14:20 - 14:25,978,54,result
2026-07-27,102,14:25 - 14:30,658,94,result
2026-07-27,103,14:30 - 14:35,093,88,result
2026-07-27,104,14:35 - 14:40,202,45,result
2026-07-27,105,14:40 - 14:45,631,76,result
2026-07-27,106,14:45 - 14:50,436,69,result
2026-07-27,107,14:50 - 14:55,378,26,result
2026-07-27,108,14:55 - 15:00,852,48,result
2026-07-27,109,15:00 - 15:05,545,77,result
2026-07-27,110,15:05 - 15:10,564,33,result
2026-07-27,111,15:10 - 15:15,152,84,result
2026-07-27,112,15:15 - 15:20,862,45,result
2026-07-27,113,15:20 - 15:25,304,19,result
2026-07-27,114,15:25 - 15:30,153,21,result
2026-07-27,115,15:30 - 15:35,231,36,result
2026-07-27,116,15:35 - 15:40,415,89,result
2026-07-27,117,15:40 - 15:45,903,87,result
2026-07-27,118,15:45 - 15:50,575,34,result
2026-07-27,119,15:50 - 15:55,184,73,result
2026-07-27,120,15:55 - 16:00,625,57,result
2026-07-27,121,16:00 - 16:05,378,07,result
2026-07-27,122,16:05 - 16:10,552,82,result
2026-07-27,123,16:10 - 16:15,950,35,result
2026-07-27,124,16:15 - 16:20,444,93,result
2026-07-27,125,16:20 - 16:25,033,64,result
2026-07-27,126,16:25 - 16:30,843,74,result
2026-07-27,127,16:30 - 16:35,310,04,result
2026-07-27,128,16:35 - 16:40,417,19,result
2026-07-27,129,16:40 - 16:45,189,65,result
2026-07-27,130,16:45 - 16:50,874,81,result
2026-07-27,131,16:50 - 16:55,683,36,result
2026-07-27,132,16:55 - 17:00,213,80,result
2026-07-27,133,17:00 - 17:05,207,28,result
2026-07-27,134,17:05 - 17:10,686,26,result
2026-07-27,135,17:10 - 17:15,679,64,result
2026-07-27,136,17:15 - 17:20,510,57,result
2026-07-27,137,17:20 - 17:25,571,65,result
2026-07-27,138,17:25 - 17:30,401,68,result
2026-07-27,139,17:30 - 17:35,933,83,result
2026-07-27,140,17:35 - 17:40,030,42,result
2026-07-27,141,17:40 - 17:45,323,01,result
2026-07-27,142,17:45 - 17:50,193,67,result
2026-07-27,143,17:50 - 17:55,627,45,result
2026-07-27,144,17:55 - 18:00,547,97,result
2026-07-27,145,18:00 - 18:05,193,12,result
2026-07-27,146,18:05 - 18:10,781,90,result
2026-07-27,147,18:10 - 18:15,323,00,result
2026-07-27,148,18:15 - 18:20,972,71,result
2026-07-27,149,18:20 - 18:25,365,15,result
2026-07-27,150,18:25 - 18:30,651,70,result
2026-07-27,151,18:30 - 18:35,233,65,result
2026-07-27,152,18:35 - 18:40,770,57,result
2026-07-27,153,18:40 - 18:45,103,03,result
2026-07-27,154,18:45 - 18:50,506,14,result
2026-07-27,155,18:50 - 18:55,535,21,result
2026-07-27,156,18:55 - 19:00,158,74,result
2026-07-27,157,19:00 - 19:05,734,64,result
2026-07-27,158,19:05 - 19:10,102,55,result
2026-07-27,159,19:10 - 19:15,367,07,result
2026-07-27,160,19:15 - 19:20,352,03,result
2026-07-27,161,19:20 - 19:25,486,05,result
2026-07-27,162,19:25 - 19:30,636,61,result
2026-07-27,163,19:30 - 19:35,395,06,result
2026-07-27,164,19:35 - 19:40,943,96,result
2026-07-27,165,19:40 - 19:45,613,35,result
2026-07-27,166,19:45 - 19:50,697,35,result
2026-07-27,167,19:50 - 19:55,344,01,result
2026-07-27,168,19:55 - 20:00,297,79,result
2026-07-27,169,20:00 - 20:05,938,40,result
2026-07-27,170,20:05 - 20:10,707,80,result
2026-07-27,171,20:10 - 20:15,219,15,result
2026-07-27,172,20:15 - 20:20,978,97,result
2026-07-27,173,20:20 - 20:25,401,28,result
2026-07-27,174,20:25 - 20:30,844,28,result
2026-07-27,175,20:30 - 20:35,076,25,result
2026-07-27,176,20:35 - 20:40,251,68,result
2026-07-27,177,20:40 - 20:45,703,12,result
2026-07-27,178,20:45 - 20:50,202,31,result
2026-07-27,179,20:50 - 20:55,581,77,result
2026-07-27,180,20:55 - 21:00,076,72,result
2026-07-27,181,21:00 - 21:05,548,17,result
2026-07-27,182,21:05 - 21:10,868,90,result
2026-07-27,183,21:10 - 21:15,550,45,result
2026-07-27,184,21:15 - 21:20,159,63,result
2026-07-27,185,21:20 - 21:25,171,33,result
2026-07-27,186,21:25 - 21:30,487,31,result
2026-07-27,187,21:30 - 21:35,827,85,result
2026-07-27,188,21:35 - 21:40,762,69,result
2026-07-27,189,21:40 - 21:45,817,19,result
2026-07-27,190,21:45 - 21:50,985,36,result
2026-07-27,191,21:50 - 21:55,958,59,result
2026-07-27,192,21:55 - 22:00,046,82,result
2026-07-27,193,22:00 - 22:05,045,18,result
2026-07-27,194,22:05 - 22:10,324,80,result
2026-07-27,195,22:10 - 22:15,016,32,result
2026-07-27,196,22:15 - 22:20,938,32,result
2026-07-27,197,22:20 - 22:25,434,47,result
2026-07-27,198,22:25 - 22:30,186,35,result
2026-07-27,199,22:30 - 22:35,666,25,result
2026-07-27,200,22:35 - 22:40,664,56,result
2026-07-27,201,22:40 - 22:45,650,50,result
2026-07-27,202,22:45 - 22:50,746,33,result
2026-07-27,203,22:50 - 22:55,292,29,result
2026-07-27,204,22:55 - 23:00,434,57,result
2026-07-27,205,23:00 - 23:05,731,60,result
2026-07-27,206,23:05 - 23:10,798,40,result
2026-07-27,207,23:10 - 23:15,736,18,result
2026-07-27,208,23:15 - 23:20,519,66,result
2026-07-27,209,23:20 - 23:25,974,44,result
2026-07-27,210,23:25 - 23:30,325,25,result
2026-07-27,211,23:30 - 23:35,686,90,result
2026-07-27,212,23:35 - 23:40,133,58,result
2026-07-27,213,23:40 - 23:45,559,41,result
2026-07-27,214,23:45 - 23:50,088,01,result
2026-07-27,215,23:50 - 23:55,790,15,result
2026-07-27,216,23:55 - 00:00,176,78,result
2026-07-27,217,00:00 - 00:05,633,33,result
2026-07-27,218,00:05 - 00:10,132,88,result
2026-07-27,219,00:10 - 00:15,310,13,result
2026-07-27,220,00:15 - 00:20,852,90,result
2026-07-27,221,00:20 - 00:25,980,86,result
2026-07-27,222,00:25 - 00:30,705,87,result
2026-07-27,223,00:30 - 00:35,231,41,result
2026-07-27,224,00:35 - 00:40,605,90,result
2026-07-27,225,00:40 - 00:45,505,71,result
2026-07-27,226,00:45 - 00:50,982,97,result
2026-07-27,227,00:50 - 00:55,740,99,result
2026-07-27,228,00:55 - 01:00,405,81,result
2026-07-27,229,01:00 - 01:05,538,03,result
2026-07-27,230,01:05 - 01:10,799,16,result
2026-07-27,231,01:10 - 01:15,108,81,result
2026-07-27,232,01:15 - 01:20,247,73,result
2026-07-27,233,01:20 - 01:25,290,22,result
2026-07-27,234,01:25 - 01:30,372,73,result
2026-07-27,235,01:30 - 01:35,301,18,result
2026-07-27,236,01:35 - 01:40,943,53,result
2026-07-27,237,01:40 - 01:45,796,15,result
2026-07-27,238,01:45 - 01:50,130,13,result
2026-07-27,239,01:50 - 01:55,470,04,result
2026-07-27,240,01:55 - 02:00,982,43,result
2026-07-27,241,02:00 - 02:05,682,97,result
2026-07-27,242,02:05 - 02:10,194,38,result
2026-07-27,243,02:10 - 02:15,158,69,result
2026-07-27,244,02:15 - 02:20,957,27,result
2026-07-27,245,02:20 - 02:25,130,20,result
2026-07-27,246,02:25 - 02:30,424,42,result
2026-07-27,247,02:30 - 02:35,408,53,result
2026-07-27,248,02:35 - 02:40,576,84,result
2026-07-27,249,02:40 - 02:45,243,98,result
2026-07-27,250,02:45 - 02:50,767,38,result
2026-07-27,251,02:50 - 02:55,654,39,result
2026-07-27,252,02:55 - 03:00,666,99,result
2026-07-27,253,03:00 - 03:05,013,19,result
2026-07-27,254,03:05 - 03:10,872,85,result
2026-07-27,255,03:10 - 03:15,443,15,result
2026-07-27,256,03:15 - 03:20,574,52,result
2026-07-27,257,03:20 - 03:25,531,52,result
2026-07-27,258,03:25 - 03:30,807,41,result
2026-07-27,259,03:30 - 03:35,693,36,result
2026-07-27,260,03:35 - 03:40,801,85,result
2026-07-27,261,03:40 - 03:45,234,23,result
2026-07-27,262,03:45 - 03:50,589,07,result
2026-07-27,263,03:50 - 03:55,614,98,result
2026-07-27,264,03:55 - 04:00,709,65,result
2026-07-27,265,04:00 - 04:05,446,29,result
2026-07-27,266,04:05 - 04:10,750,41,result
2026-07-27,267,04:10 - 04:15,821,82,result
2026-07-27,268,04:15 - 04:20,257,41,result
2026-07-27,269,04:20 - 04:25,547,67,result
2026-07-27,270,04:25 - 04:30,128,28,result
2026-07-27,271,04:30 - 04:35,477,16,result
2026-07-27,272,04:35 - 04:40,502,16,result
2026-07-27,273,04:40 - 04:45,393,77,result
2026-07-27,274,04:45 - 04:50,951,10,result
2026-07-27,275,04:50 - 04:55,856,92,result
2026-07-27,276,04:55 - 05:00,255,50,result
2026-07-27,277,05:00 - 05:05,816,02,result
2026-07-27,278,05:05 - 05:10,341,55,result
2026-07-27,279,05:10 - 05:15,822,93,result
2026-07-27,280,05:15 - 05:20,325,05,result
2026-07-27,281,05:20 - 05:25,263,99,result
2026-07-27,282,05:25 - 05:30,486,76,result
2026-07-27,283,05:30 - 05:35,466,93,result
2026-07-27,284,05:35 - 05:40,048,66,result
2026-07-27,285,05:40 - 05:45,684,11,result
2026-07-27,286,05:45 - 05:50,878,54,result
2026-07-27,287,05:50 - 05:55,009,60,result
2026-07-27,288,05:55 - 06:00,829,22,result
2026-07-28,1,06:00 - 06:05,772,30,result
2026-07-28,2,06:05 - 06:10,852,45,result
2026-07-28,3,06:10 - 06:15,314,39,result
2026-07-28,4,06:15 - 06:20,034,06,result
2026-07-28,5,06:20 - 06:25,560,81,result
2026-07-28,6,06:25 - 06:30,268,62,result
2026-07-28,7,06:30 - 06:35,303,04,result
2026-07-28,8,06:35 - 06:40,374,29,result
2026-07-28,9,06:40 - 06:45,201,07,result
2026-07-28,10,06:45 - 06:50,086,08,result
2026-07-28,11,06:50 - 06:55,591,27,result
2026-07-28,12,06:55 - 07:00,166,32,result
2026-07-28,13,07:00 - 07:05,814,75,result
2026-07-28,14,07:05 - 07:10,530,25,result
2026-07-28,15,07:10 - 07:15,996,23,result
2026-07-28,16,07:15 - 07:20,930,96,result
2026-07-28,17,07:20 - 07:25,534,39,result
2026-07-28,18,07:25 - 07:30,721,39,result
2026-07-28,19,07:30 - 07:35,568,68,result
2026-07-28,20,07:35 - 07:40,354,37,result
2026-07-28,21,07:40 - 07:45,475,07,result
2026-07-28,22,07:45 - 07:50,603,41,result
2026-07-28,23,07:50 - 07:55,920,15,result
2026-07-28,24,07:55 - 08:00,581,97,result
2026-07-28,25,08:00 - 08:05,419,89,result
2026-07-28,26,08:05 - 08:10,382,67,result
2026-07-28,27,08:10 - 08:15,700,54,result
2026-07-28,28,08:15 - 08:20,477,74,result
2026-07-28,29,08:20 - 08:25,517,33,result
2026-07-28,30,08:25 - 08:30,648,03,result
2026-07-28,31,08:30 - 08:35,580,26,result
2026-07-28,32,08:35 - 08:40,130,82,result
2026-07-28,33,08:40 - 08:45,919,62,result
2026-07-28,34,08:45 - 08:50,322,17,result
2026-07-28,35,08:50 - 08:55,213,56,result
2026-07-28,36,08:55 - 09:00,155,15,result
2026-07-28,37,09:00 - 09:05,045,46,result
2026-07-28,38,09:05 - 09:10,779,51,result
2026-07-28,39,09:10 - 09:15,812,62,result
2026-07-28,40,09:15 - 09:20,669,64,result
2026-07-28,41,09:20 - 09:25,584,19,result
2026-07-28,42,09:25 - 09:30,873,41,result
2026-07-28,43,09:30 - 09:35,513,70,result
2026-07-28,44,09:35 - 09:40,443,15,result
2026-07-28,45,09:40 - 09:45,475,42,result
2026-07-28,46,09:45 - 09:50,804,40,result
2026-07-28,47,09:50 - 09:55,157,93,result
2026-07-28,48,09:55 - 10:00,124,67,result
2026-07-28,49,10:00 - 10:05,016,32,result
2026-07-28,50,10:05 - 10:10,332,23,result
2026-07-28,51,10:10 - 10:15,380,87,result
2026-07-28,52,10:15 - 10:20,540,62,result
2026-07-28,53,10:20 - 10:25,757,98,result
2026-07-28,54,10:25 - 10:30,299,28,result
2026-07-28,55,10:30 - 10:35,324,92,result
2026-07-28,56,10:35 - 10:40,752,65,result
2026-07-28,57,10:40 - 10:45,585,34,result
2026-07-28,58,10:45 - 10:50,807,03,result
2026-07-28,59,10:50 - 10:55,674,31,result
2026-07-28,60,10:55 - 11:00,030,47,result
2026-07-28,61,11:00 - 11:05,991,75,result
2026-07-28,62,11:05 - 11:10,271,91,result
2026-07-28,63,11:10 - 11:15,677,91,result
2026-07-28,64,11:15 - 11:20,093,05,result
2026-07-28,65,11:20 - 11:25,683,97,result
2026-07-28,66,11:25 - 11:30,021,43,result
2026-07-28,67,11:30 - 11:35,653,60,result
2026-07-28,68,11:35 - 11:40,404,37,result
2026-07-28,69,11:40 - 11:45,253,43,result
2026-07-28,70,11:45 - 11:50,327,15,result
2026-07-28,71,11:50 - 11:55,837,95,result
2026-07-28,72,11:55 - 12:00,184,87,result
2026-07-28,73,12:00 - 12:05,466,40,result
2026-07-28,74,12:05 - 12:10,934,20,result
2026-07-28,75,12:10 - 12:15,885,10,result
2026-07-28,76,12:15 - 12:20,871,13,result
2026-07-28,77,12:20 - 12:25,496,56,result
2026-07-28,78,12:25 - 12:30,566,45,result
2026-07-28,79,12:30 - 12:35,203,36,result
2026-07-28,80,12:35 - 12:40,355,12,result
2026-07-28,81,12:40 - 12:45,647,05,result
2026-07-28,82,12:45 - 12:50,138,68,result
2026-07-28,83,12:50 - 12:55,119,29,result
2026-07-28,84,12:55 - 13:00,252,92,result
2026-07-28,85,13:00 - 13:05,952,02,result
2026-07-28,86,13:05 - 13:10,556,18,result
2026-07-28,87,13:10 - 13:15,428,01,result
2026-07-28,88,13:15 - 13:20,544,90,result
2026-07-28,89,13:20 - 13:25,094,11,result
2026-07-28,90,13:25 - 13:30,643,36,result
2026-07-28,91,13:30 - 13:35,487,83,result
2026-07-28,92,13:35 - 13:40,821,45,result
2026-07-28,93,13:40 - 13:45,478,06,result
2026-07-28,94,13:45 - 13:50,237,09,result
2026-07-28,95,13:50 - 13:55,730,12,result
2026-07-28,96,13:55 - 14:00,945,03,result
2026-07-28,97,14:00 - 14:05,860,13,result
2026-07-28,98,14:05 - 14:10,910,18,result
2026-07-28,99,14:10 - 14:15,487,44,result
2026-07-28,100,14:15 - 14:20,825,69,result
2026-07-28,101,14:20 - 14:25,355,12,result
2026-07-28,102,14:25 - 14:30,932,67,result
2026-07-28,103,14:30 - 14:35,342,32,result
2026-07-28,104,14:35 - 14:40,019,84,result
2026-07-28,105,14:40 - 14:45,241,13,result
2026-07-28,106,14:45 - 14:50,514,49,result
2026-07-28,107,14:50 - 14:55,017,79,result
2026-07-28,108,14:55 - 15:00,359,26,result
2026-07-28,109,15:00 - 15:05,287,45,result
2026-07-28,110,15:05 - 15:10,902,75,result
2026-07-28,111,15:10 - 15:15,095,15,result
2026-07-28,112,15:15 - 15:20,805,49,result
2026-07-28,113,15:20 - 15:25,632,37,result
2026-07-28,114,15:25 - 15:30,118,53,result
2026-07-28,115,15:30 - 15:35,138,22,result
2026-07-28,116,15:35 - 15:40,478,70,result
2026-07-28,117,15:40 - 15:45,625,90,result
2026-07-28,118,15:45 - 15:50,040,63,result
2026-07-28,119,15:50 - 15:55,264,34,result
2026-07-28,120,15:55 - 16:00,920,01,result
2026-07-28,121,16:00 - 16:05,226,52,result
2026-07-28,122,16:05 - 16:10,295,66,result
2026-07-28,123,16:10 - 16:15,194,31,result
2026-07-28,124,16:15 - 16:20,524,49,result
2026-07-28,125,16:20 - 16:25,171,94,result
2026-07-28,126,16:25 - 16:30,782,20,result
2026-07-28,127,16:30 - 16:35,270,21,result
2026-07-28,128,16:35 - 16:40,011,14,result
2026-07-28,129,16:40 - 16:45,340,69,result
2026-07-28,130,16:45 - 16:50,847,54,result
2026-07-28,131,16:50 - 16:55,849,98,result
2026-07-28,132,16:55 - 17:00,816,80,result
2026-07-28,133,17:00 - 17:05,753,70,result
2026-07-28,134,17:05 - 17:10,315,84,result
2026-07-28,135,17:10 - 17:15,321,21,result
2026-07-28,136,17:15 - 17:20,439,88,result
2026-07-28,137,17:20 - 17:25,354,10,result
2026-07-28,138,17:25 - 17:30,150,12,result
2026-07-28,139,17:30 - 17:35,884,66,result
2026-07-28,140,17:35 - 17:40,365,28,result
2026-07-28,141,17:40 - 17:45,815,05,result
2026-07-28,142,17:45 - 17:50,188,37,result
2026-07-28,143,17:50 - 17:55,278,98,result
2026-07-28,144,17:55 - 18:00,266,44,result
2026-07-28,145,18:00 - 18:05,536,96,result
2026-07-28,146,18:05 - 18:10,197,58,result
2026-07-28,147,18:10 - 18:15,555,52,result
2026-07-28,148,18:15 - 18:20,622,01,result
2026-07-28,149,18:20 - 18:25,140,53,result
2026-07-28,150,18:25 - 18:30,398,42,result
2026-07-28,151,18:30 - 18:35,244,72,result
2026-07-28,152,18:35 - 18:40,111,39,result
2026-07-28,153,18:40 - 18:45,790,59,result
2026-07-28,154,18:45 - 18:50,278,89,result
2026-07-28,155,18:50 - 18:55,792,63,result
2026-07-28,156,18:55 - 19:00,098,43,result
2026-07-28,157,19:00 - 19:05,355,54,result
2026-07-28,158,19:05 - 19:10,422,65,result
2026-07-28,159,19:10 - 19:15,409,98,result
2026-07-28,160,19:15 - 19:20,967,04,result
2026-07-28,161,19:20 - 19:25,160,05,result
2026-07-28,162,19:25 - 19:30,566,75,result
2026-07-28,163,19:30 - 19:35,973,11,result
2026-07-28,164,19:35 - 19:40,759,13,result
2026-07-28,165,19:40 - 19:45,652,40,result
2026-07-28,166,19:45 - 19:50,129,60,result
2026-07-28,167,19:50 - 19:55,526,64,result
2026-07-28,168,19:55 - 20:00,439,15,result
2026-07-28,169,20:00 - 20:05,093,53,result
2026-07-28,170,20:05 - 20:10,036,62,result
2026-07-28,171,20:10 - 20:15,490,63,result
2026-07-28,172,20:15 - 20:20,658,46,result
2026-07-28,173,20:20 - 20:25,040,06,result
2026-07-28,174,20:25 - 20:30,685,77,result
2026-07-28,175,20:30 - 20:35,975,30,result
2026-07-28,176,20:35 - 20:40,333,36,result
2026-07-28,177,20:40 - 20:45,938,84,result
2026-07-28,178,20:45 - 20:50,812,50,result
2026-07-28,179,20:50 - 20:55,768,90,result
2026-07-28,180,20:55 - 21:00,475,09,result
2026-07-28,181,21:00 - 21:05,958,83,result
2026-07-28,182,21:05 - 21:10,276,17,result
2026-07-28,183,21:10 - 21:15,186,25,result
2026-07-28,184,21:15 - 21:20,095,61,result
2026-07-28,185,21:20 - 21:25,277,37,result
2026-07-28,186,21:25 - 21:30,031,38,result
2026-07-28,187,21:30 - 21:35,121,74,result
2026-07-28,188,21:35 - 21:40,926,89,result
2026-07-28,189,21:40 - 21:45,249,02,result
2026-07-28,190,21:45 - 21:50,003,45,result
2026-07-28,191,21:50 - 21:55,834,93,result
2026-07-28,192,21:55 - 22:00,300,76,result
2026-07-28,193,22:00 - 22:05,999,72,result
2026-07-28,194,22:05 - 22:10,269,08,result
2026-07-28,195,22:10 - 22:15,576,37,result
2026-07-28,196,22:15 - 22:20,733,52,result
2026-07-28,197,22:20 - 22:25,955,15,result
2026-07-28,198,22:25 - 22:30,701,10,result
2026-07-28,199,22:30 - 22:35,604,63,result
2026-07-28,200,22:35 - 22:40,548,21,result
2026-07-28,201,22:40 - 22:45,473,77,result
2026-07-28,202,22:45 - 22:50,953,28,result
2026-07-28,203,22:50 - 22:55,441,42,result
2026-07-28,204,22:55 - 23:00,629,01,result
2026-07-28,205,23:00 - 23:05,325,95,result
2026-07-28,206,23:05 - 23:10,797,44,result
2026-07-28,207,23:10 - 23:15,461,86,result
2026-07-28,208,23:15 - 23:20,457,84,result
2026-07-28,209,23:20 - 23:25,764,19,result
2026-07-28,210,23:25 - 23:30,860,29,result
2026-07-28,211,23:30 - 23:35,613,69,result
2026-07-28,212,23:35 - 23:40,658,29,result
2026-07-28,213,23:40 - 23:45,848,57,result
2026-07-28,214,23:45 - 23:50,877,49,result
2026-07-28,215,23:50 - 23:55,386,84,result
2026-07-28,216,23:55 - 00:00,102,43,result
2026-07-28,217,00:00 - 00:05,324,06,result
2026-07-28,218,00:05 - 00:10,912,65,result
2026-07-28,219,00:10 - 00:15,137,98,result
2026-07-28,220,00:15 - 00:20,673,90,result
2026-07-28,221,00:20 - 00:25,938,90,result
2026-07-28,222,00:25 - 00:30,002,87,result
2026-07-28,223,00:30 - 00:35,450,17,result
2026-07-28,224,00:35 - 00:40,656,91,result
2026-07-28,225,00:40 - 00:45,435,55,result
2026-07-28,226,00:45 - 00:50,135,04,result
2026-07-28,227,00:50 - 00:55,530,36,result
2026-07-28,228,00:55 - 01:00,494,33,result
2026-07-28,229,01:00 - 01:05,699,31,result
2026-07-28,230,01:05 - 01:10,672,16,result
2026-07-28,231,01:10 - 01:15,976,74,result
2026-07-28,232,01:15 - 01:20,173,15,result
2026-07-28,233,01:20 - 01:25,924,66,result
2026-07-28,234,01:25 - 01:30,532,72,result
2026-07-28,235,01:30 - 01:35,575,37,result
2026-07-28,236,01:35 - 01:40,958,15,result
2026-07-28,237,01:40 - 01:45,566,76,result
2026-07-28,238,01:45 - 01:50,492,28,result
2026-07-28,239,01:50 - 01:55,359,17,result
2026-07-28,240,01:55 - 02:00,309,10,result
2026-07-28,241,02:00 - 02:05,124,29,result
2026-07-28,242,02:05 - 02:10,675,71,result
2026-07-28,243,02:10 - 02:15,023,33,result
2026-07-28,244,02:15 - 02:20,756,14,result
2026-07-28,245,02:20 - 02:25,849,51,result
2026-07-28,246,02:25 - 02:30,956,51,result
2026-07-28,247,02:30 - 02:35,719,43,result
2026-07-28,248,02:35 - 02:40,125,90,result
2026-07-28,249,02:40 - 02:45,860,48,result
2026-07-28,250,02:45 - 02:50,800,27,result
2026-07-28,251,02:50 - 02:55,788,48,result
2026-07-28,252,02:55 - 03:00,063,80,result
2026-07-28,253,03:00 - 03:05,984,24,result
2026-07-28,254,03:05 - 03:10,557,79,result
2026-07-28,255,03:10 - 03:15,868,86,result
2026-07-28,256,03:15 - 03:20,795,16,result
2026-07-28,257,03:20 - 03:25,333,11,result
2026-07-28,258,03:25 - 03:30,602,01,result
2026-07-28,259,03:30 - 03:35,525,82,result
2026-07-28,260,03:35 - 03:40,122,45,result
2026-07-28,261,03:40 - 03:45,210,14,result
2026-07-28,262,03:45 - 03:50,109,59,result
2026-07-28,263,03:50 - 03:55,212,01,result
2026-07-28,264,03:55 - 04:00,489,34,result
2026-07-28,265,04:00 - 04:05,847,07,result
2026-07-28,266,04:05 - 04:10,298,78,result
2026-07-28,267,04:10 - 04:15,985,79,result
2026-07-28,268,04:15 - 04:20,530,27,result
2026-07-28,269,04:20 - 04:25,991,01,result
2026-07-28,270,04:25 - 04:30,506,69,result
2026-07-28,271,04:30 - 04:35,348,07,result
2026-07-28,272,04:35 - 04:40,619,90,result
2026-07-28,273,04:40 - 04:45,480,78,result
2026-07-28,274,04:45 - 04:50,459,10,result
2026-07-28,275,04:50 - 04:55,945,68,result
2026-07-28,276,04:55 - 05:00,385,25,result
2026-07-28,277,05:00 - 05:05,535,16,result
2026-07-28,278,05:05 - 05:10,107,94,result
2026-07-28,279,05:10 - 05:15,477,95,result
2026-07-28,280,05:15 - 05:20,107,44,result
2026-07-28,281,05:20 - 05:25,407,72,result
2026-07-28,282,05:25 - 05:30,756,28,result
2026-07-28,283,05:30 - 05:35,541,87,result
2026-07-28,284,05:35 - 05:40,806,12,result
2026-07-28,285,05:40 - 05:45,073,32,result
2026-07-28,286,05:45 - 05:50,156,61,result
2026-07-28,287,05:50 - 05:55,731,27,result
2026-07-28,288,05:55 - 06:00,409,22,result
2026-07-29,1,06:00 - 06:05,265,03,result
2026-07-29,2,06:05 - 06:10,152,20,result
2026-07-29,3,06:10 - 06:15,395,27,result
2026-07-29,4,06:15 - 06:20,309,22,result
2026-07-29,5,06:20 - 06:25,031,91,result
2026-07-29,6,06:25 - 06:30,849,50,result
2026-07-29,7,06:30 - 06:35,716,05,result
2026-07-29,8,06:35 - 06:40,257,26,result
2026-07-29,9,06:40 - 06:45,208,94,result
2026-07-29,10,06:45 - 06:50,335,97,result
2026-07-29,11,06:50 - 06:55,875,77,result
2026-07-29,12,06:55 - 07:00,666,39,result
2026-07-29,13,07:00 - 07:05,037,97,result
2026-07-29,14,07:05 - 07:10,493,22,result
2026-07-29,15,07:10 - 07:15,002,64,result
2026-07-29,16,07:15 - 07:20,791,01,result
2026-07-29,17,07:20 - 07:25,301,26,result
2026-07-29,18,07:25 - 07:30,285,35,result
2026-07-29,19,07:30 - 07:35,103,60,result
2026-07-29,20,07:35 - 07:40,939,89,result
2026-07-29,21,07:40 - 07:45,996,05,result
2026-07-29,22,07:45 - 07:50,986,75,result
2026-07-29,23,07:50 - 07:55,988,23,result
2026-07-29,24,07:55 - 08:00,926,27,result
2026-07-29,25,08:00 - 08:05,074,98,result
2026-07-29,26,08:05 - 08:10,745,26,result
2026-07-29,27,08:10 - 08:15,351,15,result
2026-07-29,28,08:15 - 08:20,856,88,result
2026-07-29,29,08:20 - 08:25,705,02,result
2026-07-29,30,08:25 - 08:30,247,54,result
2026-07-29,31,08:30 - 08:35,340,44,result
2026-07-29,32,08:35 - 08:40,751,72,result
2026-07-29,33,08:40 - 08:45,067,85,result
2026-07-29,34,08:45 - 08:50,444,23,result
2026-07-29,35,08:50 - 08:55,048,93,result
2026-07-29,36,08:55 - 09:00,028,05,result
2026-07-29,37,09:00 - 09:05,131,52,result
2026-07-29,38,09:05 - 09:10,097,22,result
2026-07-29,39,09:10 - 09:15,712,24,result
2026-07-29,40,09:15 - 09:20,393,83,result
2026-07-29,41,09:20 - 09:25,408,01,result
2026-07-29,42,09:25 - 09:30,037,54,result
2026-07-29,43,09:30 - 09:35,511,54,result
2026-07-29,44,09:35 - 09:40,371,04,result
2026-07-29,45,09:40 - 09:45,703,92,result
2026-07-29,46,09:45 - 09:50,747,80,result
2026-07-29,47,09:50 - 09:55,934,03,result
2026-07-29,48,09:55 - 10:00,690,87,result
2026-07-29,49,10:00 - 10:05,267,79,result
2026-07-29,50,10:05 - 10:10,030,09,result
2026-07-29,51,10:10 - 10:15,221,28,result
2026-07-29,52,10:15 - 10:20,971,96,result
2026-07-29,53,10:20 - 10:25,381,21,result
2026-07-29,54,10:25 - 10:30,012,74,result
2026-07-29,55,10:30 - 10:35,661,16,result
2026-07-29,56,10:35 - 10:40,863,22,result
2026-07-29,57,10:40 - 10:45,070,13,result
2026-07-29,58,10:45 - 10:50,320,27,result
2026-07-29,59,10:50 - 10:55,837,55,result
2026-07-29,60,10:55 - 11:00,914,20,result
2026-07-29,61,11:00 - 11:05,684,06,result
2026-07-29,62,11:05 - 11:10,210,31,result
2026-07-29,63,11:10 - 11:15,452,81,result
2026-07-29,64,11:15 - 11:20,269,30,result
2026-07-29,65,11:20 - 11:25,709,83,result
2026-07-29,66,11:25 - 11:30,220,27,result
2026-07-29,67,11:30 - 11:35,235,62,result
2026-07-29,68,11:35 - 11:40,147,35,result
2026-07-29,69,11:40 - 11:45,093,41,result
2026-07-29,70,11:45 - 11:50,334,50,result
2026-07-29,71,11:50 - 11:55,846,64,result
2026-07-29,72,11:55 - 12:00,187,70,result
2026-07-29,73,12:00 - 12:05,610,54,result
2026-07-29,74,12:05 - 12:10,603,49,result
2026-07-29,75,12:10 - 12:15,292,37,result
2026-07-29,76,12:15 - 12:20,695,85,result
2026-07-29,77,12:20 - 12:25,402,31,result
2026-07-29,78,12:25 - 12:30,742,56,result
2026-07-29,79,12:30 - 12:35,178,33,result
2026-07-29,80,12:35 - 12:40,807,69,result
2026-07-29,81,12:40 - 12:45,585,96,result
2026-07-29,82,12:45 - 12:50,645,51,result
2026-07-29,83,12:50 - 12:55,803,46,result
2026-07-29,84,12:55 - 13:00,302,05,result
2026-07-29,85,13:00 - 13:05,671,41,result
2026-07-29,86,13:05 - 13:10,281,21,result
2026-07-29,87,13:10 - 13:15,747,51,result
2026-07-29,88,13:15 - 13:20,534,91,result
2026-07-29,89,13:20 - 13:25,515,77,result
2026-07-29,90,13:25 - 13:30,564,47,result
2026-07-29,91,13:30 - 13:35,437,27,result
2026-07-29,92,13:35 - 13:40,069,44,result
2026-07-29,93,13:40 - 13:45,281,62,result
2026-07-29,94,13:45 - 13:50,638,46,result
2026-07-29,95,13:50 - 13:55,194,95,result
2026-07-29,96,13:55 - 14:00,454,81,result
2026-07-29,97,14:00 - 14:05,218,11,result
2026-07-29,98,14:05 - 14:10,777,07,result
2026-07-29,99,14:10 - 14:15,987,27,result
2026-07-29,100,14:15 - 14:20,016,90,result
2026-07-29,101,14:20 - 14:25,874,75,result
2026-07-29,102,14:25 - 14:30,439,56,result
2026-07-29,103,14:30 - 14:35,809,79,result
2026-07-29,104,14:35 - 14:40,069,77,result
2026-07-29,105,14:40 - 14:45,976,74,result
2026-07-29,106,14:45 - 14:50,237,21,result
2026-07-29,107,14:50 - 14:55,431,49,result
2026-07-29,108,14:55 - 15:00,169,63,result
2026-07-29,109,15:00 - 15:05,326,89,result
2026-07-29,110,15:05 - 15:10,655,86,result
2026-07-29,111,15:10 - 15:15,437,26,result
2026-07-29,112,15:15 - 15:20,940,76,result
2026-07-29,113,15:20 - 15:25,416,95,result
2026-07-29,114,15:25 - 15:30,679,57,result
2026-07-29,115,15:30 - 15:35,312,84,result
2026-07-29,116,15:35 - 15:40,206,83,result
2026-07-29,117,15:40 - 15:45,882,42,result
2026-07-29,118,15:45 - 15:50,564,93,result
2026-07-29,119,15:50 - 15:55,659,45,result
2026-07-29,120,15:55 - 16:00,023,31,result
2026-07-29,121,16:00 - 16:05,410,12,result
2026-07-29,122,16:05 - 16:10,226,64,result
2026-07-29,123,16:10 - 16:15,538,16,result
2026-07-29,124,16:15 - 16:20,829,43,result
2026-07-29,125,16:20 - 16:25,901,27,result
2026-07-29,126,16:25 - 16:30,362,86,result
2026-07-29,127,16:30 - 16:35,763,39,result
2026-07-29,128,16:35 - 16:40,299,53,result
2026-07-29,129,16:40 - 16:45,437,17,result
2026-07-29,130,16:45 - 16:50,474,59,result
2026-07-29,131,16:50 - 16:55,276,02,result
2026-07-29,132,16:55 - 17:00,379,28,result
2026-07-29,133,17:00 - 17:05,658,83,result
2026-07-29,134,17:05 - 17:10,024,87,result
2026-07-29,135,17:10 - 17:15,704,41,result
2026-07-29,136,17:15 - 17:20,687,06,result
2026-07-29,137,17:20 - 17:25,914,36,result
2026-07-29,138,17:25 - 17:30,569,53,result
2026-07-29,139,17:30 - 17:35,020,03,result
2026-07-29,140,17:35 - 17:40,335,59,result
2026-07-29,141,17:40 - 17:45,991,58,result
2026-07-29,142,17:45 - 17:50,533,19,result
2026-07-29,143,17:50 - 17:55,992,64,result
2026-07-29,144,17:55 - 18:00,127,06,result
2026-07-29,145,18:00 - 18:05,723,52,result
2026-07-29,146,18:05 - 18:10,083,06,result
2026-07-29,147,18:10 - 18:15,684,48,result
2026-07-29,148,18:15 - 18:20,250,30,result
2026-07-29,149,18:20 - 18:25,148,14,result
2026-07-29,150,18:25 - 18:30,275,20,result
2026-07-29,151,18:30 - 18:35,229,83,result
2026-07-29,152,18:35 - 18:40,366,86,result
2026-07-29,153,18:40 - 18:45,912,52,result
2026-07-29,154,18:45 - 18:50,436,27,result
2026-07-29,155,18:50 - 18:55,851,18,result
2026-07-29,156,18:55 - 19:00,199,50,result
2026-07-29,157,19:00 - 19:05,687,21,result
2026-07-29,158,19:05 - 19:10,707,52,result
2026-07-29,159,19:10 - 19:15,554,52,result
2026-07-29,160,19:15 - 19:20,026,49,result
2026-07-29,161,19:20 - 19:25,456,71,result
2026-07-29,162,19:25 - 19:30,990,43,result
2026-07-29,163,19:30 - 19:35,861,48,result
2026-07-29,164,19:35 - 19:40,618,13,result
2026-07-29,165,19:40 - 19:45,979,19,result
2026-07-29,166,19:45 - 19:50,023,70,result
2026-07-29,167,19:50 - 19:55,422,93,result
2026-07-29,168,19:55 - 20:00,554,44,result
2026-07-29,169,20:00 - 20:05,266,34,result
2026-07-29,170,20:05 - 20:10,285,27,result
2026-07-29,171,20:10 - 20:15,036,36,result
2026-07-29,172,20:15 - 20:20,893,19,result
2026-07-29,173,20:20 - 20:25,775,06,result
2026-07-29,174,20:25 - 20:30,428,17,result
2026-07-29,175,20:30 - 20:35,682,72,result
2026-07-29,176,20:35 - 20:40,182,54,result
2026-07-29,177,20:40 - 20:45,120,60,result
2026-07-29,178,20:45 - 20:50,783,86,result
2026-07-29,179,20:50 - 20:55,549,70,result
2026-07-29,180,20:55 - 21:00,693,07,result
2026-07-29,181,21:00 - 21:05,465,33,result
2026-07-29,182,21:05 - 21:10,786,12,result
2026-07-29,183,21:10 - 21:15,069,46,result
2026-07-29,184,21:15 - 21:20,387,87,result
2026-07-29,185,21:20 - 21:25,556,34,result
2026-07-29,186,21:25 - 21:30,900,76,result
2026-07-29,187,21:30 - 21:35,491,84,result
2026-07-29,188,21:35 - 21:40,765,23,result
2026-07-29,189,21:40 - 21:45,816,90,result
2026-07-29,190,21:45 - 21:50,206,28,result
2026-07-29,191,21:50 - 21:55,267,93,result
2026-07-29,192,21:55 - 22:00,789,95,result
2026-07-29,193,22:00 - 22:05,141,19,result
2026-07-29,194,22:05 - 22:10,754,78,result
2026-07-29,195,22:10 - 22:15,124,98,result
2026-07-29,196,22:15 - 22:20,188,99,result
2026-07-29,197,22:20 - 22:25,254,41,result
2026-07-29,198,22:25 - 22:30,157,24,result
2026-07-29,199,22:30 - 22:35,275,99,result
2026-07-29,200,22:35 - 22:40,179,00,result
2026-07-29,201,22:40 - 22:45,091,18,result
2026-07-29,202,22:45 - 22:50,044,31,result
2026-07-29,203,22:50 - 22:55,844,86,result
2026-07-29,204,22:55 - 23:00,442,36,result
2026-07-29,205,23:00 - 23:05,334,06,result
2026-07-29,206,23:05 - 23:10,107,13,result
2026-07-29,207,23:10 - 23:15,401,27,result
2026-07-29,208,23:15 - 23:20,230,28,result
2026-07-29,209,23:20 - 23:25,276,36,result
2026-07-29,210,23:25 - 23:30,627,15,result
2026-07-29,211,23:30 - 23:35,009,09,result
2026-07-29,212,23:35 - 23:40,768,24,result
2026-07-29,213,23:40 - 23:45,655,35,result
2026-07-29,214,23:45 - 23:50,590,97,result
2026-07-29,215,23:50 - 23:55,682,42,result
2026-07-29,216,23:55 - 00:00,612,61,result
2026-07-29,217,00:00 - 00:05,746,66,result
2026-07-29,218,00:05 - 00:10,130,10,result
2026-07-29,219,00:10 - 00:15,895,41,result
2026-07-29,220,00:15 - 00:20,335,65,result
2026-07-29,221,00:20 - 00:25,577,15,result
2026-07-29,222,00:25 - 00:30,259,86,result
2026-07-29,223,00:30 - 00:35,916,23,result
2026-07-29,224,00:35 - 00:40,606,69,result
2026-07-29,225,00:40 - 00:45,917,55,result
2026-07-29,226,00:45 - 00:50,185,33,result
2026-07-29,227,00:50 - 00:55,145,66,result
2026-07-29,228,00:55 - 01:00,031,01,result
2026-07-29,229,01:00 - 01:05,652,89,result
2026-07-29,230,01:05 - 01:10,048,68,result
2026-07-29,231,01:10 - 01:15,031,01,result
2026-07-29,232,01:15 - 01:20,961,72,result
2026-07-29,233,01:20 - 01:25,153,70,result
2026-07-29,234,01:25 - 01:30,677,11,result
2026-07-29,235,01:30 - 01:35,089,15,result
2026-07-29,236,01:35 - 01:40,813,40,result
2026-07-29,237,01:40 - 01:45,033,07,result
2026-07-29,238,01:45 - 01:50,520,72,result
2026-07-29,239,01:50 - 01:55,628,79,result
2026-07-29,240,01:55 - 02:00,609,20,result
2026-07-29,241,02:00 - 02:05,806,13,result
2026-07-29,242,02:05 - 02:10,213,58,result
2026-07-29,243,02:10 - 02:15,420,81,result
2026-07-29,244,02:15 - 02:20,539,25,result
2026-07-29,245,02:20 - 02:25,222,22,result
2026-07-29,246,02:25 - 02:30,174,85,result
2026-07-29,247,02:30 - 02:35,709,61,result
2026-07-29,248,02:35 - 02:40,108,48,result
2026-07-29,249,02:40 - 02:45,766,97,result
2026-07-29,250,02:45 - 02:50,286,82,result
2026-07-29,251,02:50 - 02:55,846,62,result
2026-07-29,252,02:55 - 03:00,778,27,result
2026-07-29,253,03:00 - 03:05,665,63,result
2026-07-29,254,03:05 - 03:10,728,84,result
2026-07-29,255,03:10 - 03:15,440,66,result
2026-07-29,256,03:15 - 03:20,540,08,result
2026-07-29,257,03:20 - 03:25,320,63,result
2026-07-29,258,03:25 - 03:30,607,67,result
2026-07-29,259,03:30 - 03:35,078,93,result
2026-07-29,260,03:35 - 03:40,244,44,result
2026-07-29,261,03:40 - 03:45,560,34,result
2026-07-29,262,03:45 - 03:50,635,04,result
2026-07-29,263,03:50 - 03:55,930,80,result
2026-07-29,264,03:55 - 04:00,675,40,result
2026-07-29,265,04:00 - 04:05,457,23,result
2026-07-29,266,04:05 - 04:10,038,89,result
2026-07-29,267,04:10 - 04:15,971,96,result
2026-07-29,268,04:15 - 04:20,433,57,result
2026-07-29,269,04:20 - 04:25,265,23,result
2026-07-29,270,04:25 - 04:30,266,01,result
2026-07-29,271,04:30 - 04:35,645,09,result
2026-07-29,272,04:35 - 04:40,573,14,result
2026-07-29,273,04:40 - 04:45,723,39,result
2026-07-29,274,04:45 - 04:50,746,97,result
2026-07-29,275,04:50 - 04:55,532,29,result
2026-07-29,276,04:55 - 05:00,805,91,result
2026-07-29,277,05:00 - 05:05,682,09,result
2026-07-29,278,05:05 - 05:10,254,69,result
2026-07-29,279,05:10 - 05:15,438,18,result
2026-07-29,280,05:15 - 05:20,405,98,result
2026-07-29,281,05:20 - 05:25,162,56,result
2026-07-29,282,05:25 - 05:30,637,40,result
2026-07-29,283,05:30 - 05:35,157,34,result
2026-07-29,284,05:35 - 05:40,633,69,result
2026-07-29,285,05:40 - 05:45,297,90,result
2026-07-29,286,05:45 - 05:50,679,93,result
2026-07-29,287,05:50 - 05:55,101,05,result
2026-07-29,288,05:55 - 06:00,946,12,result
2026-07-30,1,06:00 - 06:05,440,88,result
2026-07-30,2,06:05 - 06:10,582,67,result
2026-07-30,3,06:10 - 06:15,062,99,result
2026-07-30,4,06:15 - 06:20,709,15,result
2026-07-30,5,06:20 - 06:25,130,84,result
2026-07-30,6,06:25 - 06:30,479,60,result
2026-07-30,7,06:30 - 06:35,368,18,result
2026-07-30,8,06:35 - 06:40,899,00,result
2026-07-30,9,06:40 - 06:45,260,76,result
2026-07-30,10,06:45 - 06:50,652,68,result
2026-07-30,11,06:50 - 06:55,841,25,result
2026-07-30,12,06:55 - 07:00,205,80,result
2026-07-30,13,07:00 - 07:05,949,32,result
2026-07-30,14,07:05 - 07:10,391,48,result
2026-07-30,15,07:10 - 07:15,053,55,result
2026-07-30,16,07:15 - 07:20,782,42,result
2026-07-30,17,07:20 - 07:25,439,18,result
2026-07-30,18,07:25 - 07:30,649,87,result
2026-07-30,19,07:30 - 07:35,328,07,result
2026-07-30,20,07:35 - 07:40,358,38,result
2026-07-30,21,07:40 - 07:45,638,81,result
2026-07-30,22,07:45 - 07:50,058,35,result
2026-07-30,23,07:50 - 07:55,288,79,result
2026-07-30,24,07:55 - 08:00,621,50,result
2026-07-30,25,08:00 - 08:05,780,58,result
2026-07-30,26,08:05 - 08:10,403,34,result
2026-07-30,27,08:10 - 08:15,324,27,result
2026-07-30,28,08:15 - 08:20,933,17,result
2026-07-30,29,08:20 - 08:25,207,57,result
2026-07-30,30,08:25 - 08:30,048,80,result
2026-07-30,31,08:30 - 08:35,370,13,result
2026-07-30,32,08:35 - 08:40,261,65,result
2026-07-30,33,08:40 - 08:45,087,66,result
2026-07-30,34,08:45 - 08:50,108,13,result
2026-07-30,35,08:50 - 08:55,048,76,result
2026-07-30,36,08:55 - 09:00,651,67,result
2026-07-30,37,09:00 - 09:05,804,68,result
2026-07-30,38,09:05 - 09:10,154,23,result
2026-07-30,39,09:10 - 09:15,391,03,result
2026-07-30,40,09:15 - 09:20,362,68,result
2026-07-30,41,09:20 - 09:25,918,81,result
2026-07-30,42,09:25 - 09:30,921,02,result
2026-07-30,43,09:30 - 09:35,659,21,result
2026-07-30,44,09:35 - 09:40,716,49,result
2026-07-30,45,09:40 - 09:45,319,52,result
2026-07-30,46,09:45 - 09:50,645,68,result
2026-07-30,47,09:50 - 09:55,223,49,result
2026-07-30,48,09:55 - 10:00,813,83,result
2026-07-30,49,10:00 - 10:05,610,11,result
2026-07-30,50,10:05 - 10:10,698,91,result
2026-07-30,51,10:10 - 10:15,236,54,result
2026-07-30,52,10:15 - 10:20,348,07,result
2026-07-30,53,10:20 - 10:25,919,62,result
2026-07-30,54,10:25 - 10:30,423,73,result
2026-07-30,55,10:30 - 10:35,005,93,result
2026-07-30,56,10:35 - 10:40,477,50,result
2026-07-30,57,10:40 - 10:45,860,87,result
2026-07-30,58,10:45 - 10:50,212,77,result
2026-07-30,59,10:50 - 10:55,737,45,result
2026-07-30,60,10:55 - 11:00,820,78,result
2026-07-30,61,11:00 - 11:05,313,26,result
2026-07-30,62,11:05 - 11:10,315,17,result
2026-07-30,63,11:10 - 11:15,852,55,result
2026-07-30,64,11:15 - 11:20,438,35,result
2026-07-30,65,11:20 - 11:25,639,97,result
2026-07-30,66,11:25 - 11:30,151,53,result
2026-07-30,67,11:30 - 11:35,136,39,result
2026-07-30,68,11:35 - 11:40,127,70,result
2026-07-30,69,11:40 - 11:45,684,57,result
2026-07-30,70,11:45 - 11:50,586,07,result
2026-07-30,71,11:50 - 11:55,807,37,result
2026-07-30,72,11:55 - 12:00,709,32,result
2026-07-30,73,12:00 - 12:05,854,84,result
2026-07-30,74,12:05 - 12:10,144,51,result
2026-07-30,75,12:10 - 12:15,098,30,result
2026-07-30,76,12:15 - 12:20,609,32,result
2026-07-30,77,12:20 - 12:25,489,04,result
2026-07-30,78,12:25 - 12:30,770,45,result
2026-07-30,79,12:30 - 12:35,828,63,result
2026-07-30,80,12:35 - 12:40,067,88,result
2026-07-30,81,12:40 - 12:45,540,77,result
2026-07-30,82,12:45 - 12:50,869,70,result
2026-07-30,83,12:50 - 12:55,945,20,result
2026-07-30,84,12:55 - 13:00,736,82,result
2026-07-30,85,13:00 - 13:05,314,58,result
2026-07-30,86,13:05 - 13:10,674,49,result
2026-07-30,87,13:10 - 13:15,725,51,result
2026-07-30,88,13:15 - 13:20,230,78,result
2026-07-30,89,13:20 - 13:25,254,89,result
2026-07-30,90,13:25 - 13:30,814,54,result
2026-07-30,91,13:30 - 13:35,641,92,result
2026-07-30,92,13:35 - 13:40,547,69,result
2026-07-30,93,13:40 - 13:45,276,29,result
2026-07-30,94,13:45 - 13:50,769,40,result
2026-07-30,95,13:50 - 13:55,430,96,result
2026-07-30,96,13:55 - 14:00,069,43,result
2026-07-30,97,14:00 - 14:05,637,35,result
2026-07-30,98,14:05 - 14:10,194,52,result
2026-07-30,99,14:10 - 14:15,336,79,result
2026-07-30,100,14:15 - 14:20,805,36,result
2026-07-30,101,14:20 - 14:25,788,83,result
2026-07-30,102,14:25 - 14:30,390,30,result
2026-07-30,103,14:30 - 14:35,700,70,result
2026-07-30,104,14:35 - 14:40,358,90,result
2026-07-30,105,14:40 - 14:45,079,37,result
2026-07-30,106,14:45 - 14:50,510,62,result
2026-07-30,107,14:50 - 14:55,244,06,result
2026-07-30,108,14:55 - 15:00,734,98,result
2026-07-30,109,15:00 - 15:05,448,27,result
2026-07-30,110,15:05 - 15:10,857,49,result
2026-07-30,111,15:10 - 15:15,242,84,result
2026-07-30,112,15:15 - 15:20,531,98,result
2026-07-30,113,15:20 - 15:25,507,90,result
2026-07-30,114,15:25 - 15:30,850,23,result
2026-07-30,115,15:30 - 15:35,839,66,result
2026-07-30,116,15:35 - 15:40,531,54,result
2026-07-30,117,15:40 - 15:45,173,35,result
2026-07-30,118,15:45 - 15:50,505,94,result
2026-07-30,119,15:50 - 15:55,812,80,result
2026-07-30,120,15:55 - 16:00,021,42,result
2026-07-30,121,16:00 - 16:05,478,13,result
2026-07-30,122,16:05 - 16:10,135,88,result
2026-07-30,123,16:10 - 16:15,380,20,result
2026-07-30,124,16:15 - 16:20,662,13,result
2026-07-30,125,16:20 - 16:25,938,41,result
2026-07-30,126,16:25 - 16:30,779,53,result
2026-07-30,127,16:30 - 16:35,991,84,result
2026-07-30,128,16:35 - 16:40,088,58,result
2026-07-30,129,16:40 - 16:45,227,50,result
2026-07-30,130,16:45 - 16:50,061,46,result
2026-07-30,131,16:50 - 16:55,909,45,result
2026-07-30,132,16:55 - 17:00,364,99,result
2026-07-30,133,17:00 - 17:05,519,20,result
2026-07-30,134,17:05 - 17:10,530,28,result
2026-07-30,135,17:10 - 17:15,741,84,result
2026-07-30,136,17:15 - 17:20,419,05,result
2026-07-30,137,17:20 - 17:25,964,75,result
2026-07-30,138,17:25 - 17:30,864,64,result
2026-07-30,139,17:30 - 17:35,779,48,result
2026-07-30,140,17:35 - 17:40,562,68,result
2026-07-30,141,17:40 - 17:45,311,23,result
2026-07-30,142,17:45 - 17:50,362,32,result
2026-07-30,143,17:50 - 17:55,178,53,result
2026-07-30,144,17:55 - 18:00,049,93,result
2026-07-30,145,18:00 - 18:05,830,59,result
2026-07-30,146,18:05 - 18:10,289,54,result
2026-07-30,147,18:10 - 18:15,832,80,result
2026-07-30,148,18:15 - 18:20,220,62,result
2026-07-30,149,18:20 - 18:25,813,84,result
2026-07-30,150,18:25 - 18:30,528,85,result
2026-07-30,151,18:30 - 18:35,448,28,result
2026-07-30,152,18:35 - 18:40,431,96,result
2026-07-30,153,18:40 - 18:45,100,09,result
2026-07-30,154,18:45 - 18:50,916,26,result
2026-07-30,156,18:55 - 19:00,472,48,result
2026-07-30,157,19:00 - 19:05,034,16,result
2026-07-30,158,19:05 - 19:10,337,79,result
2026-07-30,159,19:10 - 19:15,369,26,result
2026-07-30,160,19:15 - 19:20,296,56,result
2026-07-30,161,19:20 - 19:25,374,56,result
2026-07-30,162,19:25 - 19:30,889,14,result
2026-07-30,163,19:30 - 19:35,968,15,result
2026-07-30,164,19:35 - 19:40,703,20,result
2026-07-30,165,19:40 - 19:45,662,48,result
2026-07-30,166,19:45 - 19:50,456,20,result
2026-07-30,167,19:50 - 19:55,687,75,result
2026-07-30,168,19:55 - 20:00,818,23,result
2026-07-30,169,20:00 - 20:05,828,59,result
2026-07-30,170,20:05 - 20:10,587,29,result
2026-07-30,171,20:10 - 20:15,597,23,result
2026-07-30,172,20:15 - 20:20,228,54,result
2026-07-30,173,20:20 - 20:25,692,46,result
2026-07-30,174,20:25 - 20:30,022,51,result
2026-07-30,175,20:30 - 20:35,571,05,result
2026-07-30,176,20:35 - 20:40,772,80,result
2026-07-30,177,20:40 - 20:45,203,14,result
2026-07-30,178,20:45 - 20:50,593,44,result
2026-07-30,179,20:50 - 20:55,106,59,result
2026-07-30,180,20:55 - 21:00,417,01,result
2026-07-30,181,21:00 - 21:05,315,10,result
2026-07-30,182,21:05 - 21:10,829,49,result
2026-07-30,183,21:10 - 21:15,144,53,result
2026-07-30,184,21:15 - 21:20,547,07,result
2026-07-30,185,21:20 - 21:25,145,46,result
2026-07-30,186,21:25 - 21:30,024,89,result
2026-07-30,187,21:30 - 21:35,732,89,result
2026-07-30,188,21:35 - 21:40,962,10,result
2026-07-30,189,21:40 - 21:45,024,45,result
2026-07-30,190,21:45 - 21:50,930,26,result
2026-07-30,191,21:50 - 21:55,421,69,result
2026-07-30,192,21:55 - 22:00,895,73,result
2026-07-30,193,22:00 - 22:05,476,66,result
2026-07-30,194,22:05 - 22:10,897,13,result
2026-07-30,195,22:10 - 22:15,274,53,result
2026-07-30,196,22:15 - 22:20,328,06,result
2026-07-30,197,22:20 - 22:25,868,89,result
2026-07-30,198,22:25 - 22:30,562,66,result
2026-07-30,199,22:30 - 22:35,854,80,result
2026-07-30,200,22:35 - 22:40,023,19,result
2026-07-30,201,22:40 - 22:45,464,08,result
2026-07-30,202,22:45 - 22:50,357,68,result
2026-07-30,203,22:50 - 22:55,699,61,result
2026-07-30,204,22:55 - 23:00,226,37,result
2026-07-30,205,23:00 - 23:05,763,27,result
2026-07-30,206,23:05 - 23:10,146,56,result
2026-07-30,207,23:10 - 23:15,216,02,result
2026-07-30,208,23:15 - 23:20,315,25,result
2026-07-30,209,23:20 - 23:25,896,69,result
2026-07-30,210,23:25 - 23:30,921,58,result
2026-07-30,211,23:30 - 23:35,782,56,result
2026-07-30,212,23:35 - 23:40,126,35,result
2026-07-30,213,23:40 - 23:45,417,40,result
2026-07-30,214,23:45 - 23:50,694,94,result
2026-07-30,215,23:50 - 23:55,179,19,result
2026-07-30,216,23:55 - 00:00,444,91,result
2026-07-30,217,00:00 - 00:05,761,65,result
2026-07-30,218,00:05 - 00:10,451,82,result
2026-07-30,219,00:10 - 00:15,264,63,result
2026-07-30,220,00:15 - 00:20,585,18,result
2026-07-30,221,00:20 - 00:25,332,95,result
2026-07-30,222,00:25 - 00:30,632,12,result
2026-07-30,223,00:30 - 00:35,527,60,result
2026-07-30,224,00:35 - 00:40,739,04,result
2026-07-30,225,00:40 - 00:45,191,13,result
2026-07-30,226,00:45 - 00:50,678,85,result
2026-07-30,227,00:50 - 00:55,490,93,result
2026-07-30,228,00:55 - 01:00,083,70,result
2026-07-30,229,01:00 - 01:05,716,82,result
2026-07-30,230,01:05 - 01:10,635,69,result
2026-07-30,231,01:10 - 01:15,562,07,result
2026-07-30,232,01:15 - 01:20,685,90,result
2026-07-30,233,01:20 - 01:25,520,40,result
2026-07-30,234,01:25 - 01:30,043,69,result
2026-07-30,235,01:30 - 01:35,095,62,result
2026-07-30,236,01:35 - 01:40,041,85,result
2026-07-30,237,01:40 - 01:45,539,54,result
2026-07-30,238,01:45 - 01:50,067,45,result
2026-07-30,239,01:50 - 01:55,634,31,result
2026-07-30,240,01:55 - 02:00,105,74,result
2026-07-30,241,02:00 - 02:05,711,20,result
2026-07-30,242,02:05 - 02:10,765,09,result
2026-07-30,243,02:10 - 02:15,830,60,result
2026-07-30,244,02:15 - 02:20,485,44,result
2026-07-30,245,02:20 - 02:25,269,44,result
2026-07-30,246,02:25 - 02:30,813,31,result
2026-07-30,247,02:30 - 02:35,216,87,result
2026-07-30,248,02:35 - 02:40,903,42,result
2026-07-30,249,02:40 - 02:45,629,17,result
2026-07-30,250,02:45 - 02:50,396,61,result
2026-07-30,251,02:50 - 02:55,421,63,result
2026-07-30,252,02:55 - 03:00,557,02,result
2026-07-30,253,03:00 - 03:05,612,27,result
2026-07-30,254,03:05 - 03:10,099,84,result
2026-07-30,255,03:10 - 03:15,323,09,result
2026-07-30,256,03:15 - 03:20,583,90,result
2026-07-30,257,03:20 - 03:25,606,97,result
2026-07-30,258,03:25 - 03:30,383,07,result
2026-07-30,259,03:30 - 03:35,052,01,result
2026-07-30,260,03:35 - 03:40,204,35,result
2026-07-30,261,03:40 - 03:45,054,19,result
2026-07-30,262,03:45 - 03:50,792,83,result
2026-07-30,263,03:50 - 03:55,889,59,result
2026-07-30,264,03:55 - 04:00,611,98,result
2026-07-30,265,04:00 - 04:05,101,10,result
2026-07-30,266,04:05 - 04:10,569,54,result
2026-07-30,267,04:10 - 04:15,269,70,result
2026-07-30,268,04:15 - 04:20,776,06,result
2026-07-30,269,04:20 - 04:25,121,86,result
2026-07-30,270,04:25 - 04:30,487,71,result
2026-07-30,271,04:30 - 04:35,953,92,result
2026-07-30,272,04:35 - 04:40,098,14,result
2026-07-30,273,04:40 - 04:45,155,74,result
2026-07-30,274,04:45 - 04:50,817,18,result
2026-07-30,275,04:50 - 04:55,902,90,result
2026-07-30,276,04:55 - 05:00,405,03,result
2026-07-30,277,05:00 - 05:05,551,62,result
2026-07-30,278,05:05 - 05:10,493,79,result
2026-07-30,279,05:10 - 05:15,509,46,result
2026-07-30,280,05:15 - 05:20,168,84,result
2026-07-30,281,05:20 - 05:25,886,12,result
2026-07-30,282,05:25 - 05:30,238,77,result
2026-07-30,283,05:30 - 05:35,369,93,result
2026-07-30,284,05:35 - 05:40,040,89,result
2026-07-30,285,05:40 - 05:45,474,00,result
2026-07-30,286,05:45 - 05:50,837,56,result
2026-07-30,287,05:50 - 05:55,210,68,result
2026-07-30,288,05:55 - 06:00,504,70,result
